 ErrorResults 
  stamp : 2025-11-28T21:54:58Z
  target_type : sphere
  model_name : sphere
  pose : 
       - position : [-0.293867 , 3.82132 , 0.86043]
       - orientation : [0.707107 , 0.707107 , -1.89656e-08 , 1.1956e-08]
  RingCirclePositionError : 0
  position_error : 0.192356
  orientation_error : 1.5708
  found_in_gazebo : 1

 ErrorResults 
  stamp : 2025-11-28T21:54:58Z
  target_type : sphere
  model_name : sphere
  pose : 
       - position : [-0.294501 , 3.82086 , 0.860056]
       - orientation : [0.707107 , 0.707107 , -3.79736e-08 , 2.39381e-08]
  RingCirclePositionError : 0
  position_error : 0.192834
  orientation_error : 1.5708
  found_in_gazebo : 1

 ErrorResults 
  stamp : 2025-11-28T21:54:58Z
  target_type : sphere
  model_name : sphere
  pose : 
       - position : [-0.293815 , 3.82025 , 0.860011]
       - orientation : [0.707107 , 0.707107 , 3.78891e-08 , -2.38828e-08]
  RingCirclePositionError : 0
  position_error : 0.193353
  orientation_error : 1.5708
  found_in_gazebo : 1

 ErrorResults 
  stamp : 2025-11-28T21:54:58Z
  target_type : sphere
  model_name : sphere
  pose : 
       - position : [-0.293607 , 3.82032 , 0.860133]
       - orientation : [0.707107 , 0.707107 , -3.77904e-08 , 2.37929e-08]
  RingCirclePositionError : 0
  position_error : 0.193169
  orientation_error : 1.5708
  found_in_gazebo : 1

 ErrorResults 
  stamp : 2025-11-28T21:54:58Z
  target_type : sphere
  model_name : sphere
  pose : 
       - position : [-0.291881 , 3.82201 , 0.86042]
       - orientation : [0.707107 , 0.707107 , -2.8258e-11 , 1.85557e-11]
  RingCirclePositionError : 0
  position_error : 0.191477
  orientation_error : 1.5708
  found_in_gazebo : 1

 ErrorResults 
  stamp : 2025-11-28T21:54:58Z
  target_type : sphere
  model_name : sphere
  pose : 
       - position : [-0.295048 , 3.82403 , 0.859297]
       - orientation : [0.707107 , 0.707107 , 1.90076e-08 , -1.19805e-08]
  RingCirclePositionError : 0
  position_error : 0.189828
  orientation_error : 1.5708
  found_in_gazebo : 1

 ErrorResults 
  stamp : 2025-11-28T21:54:58Z
  target_type : sphere
  model_name : sphere
  pose : 
       - position : [-0.296225 , 3.82228 , 0.858151]
       - orientation : [0.707107 , 0.707107 , -1.91317e-08 , 1.2073e-08]
  RingCirclePositionError : 0
  position_error : 0.191754
  orientation_error : 1.5708
  found_in_gazebo : 1

 ErrorResults 
  stamp : 2025-11-28T21:54:58Z
  target_type : sphere
  model_name : sphere
  pose : 
       - position : [-0.296225 , 3.82228 , 0.858151]
       - orientation : [0.707107 , 0.707107 , -1.91317e-08 , 1.2073e-08]
  RingCirclePositionError : 0
  position_error : 0.191666
  orientation_error : 1.5708
  found_in_gazebo : 1

 ErrorResults 
  stamp : 2025-11-28T21:54:58Z
  target_type : sphere
  model_name : sphere
  pose : 
       - position : [-0.296225 , 3.82228 , 0.858151]
       - orientation : [0.707107 , 0.707107 , -1.91317e-08 , 1.2073e-08]
  RingCirclePositionError : 0
  position_error : 0.191604
  orientation_error : 1.5708
  found_in_gazebo : 1

 ErrorResults 
  stamp : 2025-11-28T21:54:58Z
  target_type : sphere
  model_name : sphere
  pose : 
       - position : [-0.293263 , 3.82278 , 0.859089]
       - orientation : [0.707107 , 0.707107 , 3.45474e-11 , -2.64118e-11]
  RingCirclePositionError : 0
  position_error : 0.190818
  orientation_error : 1.5708
  found_in_gazebo : 1

 ErrorResults 
  stamp : 2025-11-28T21:54:58Z
  target_type : sphere
  model_name : sphere
  pose : 
       - position : [-0.292882 , 3.8214 , 0.858672]
       - orientation : [0.707107 , 0.707107 , -3.74949e-11 , 3.72635e-11]
  RingCirclePositionError : 0
  position_error : 0.192195
  orientation_error : 1.5708
  found_in_gazebo : 1

 ErrorResults 
  stamp : 2025-11-28T21:54:58Z
  target_type : sphere
  model_name : sphere
  pose : 
       - position : [-0.293175 , 3.8224 , 0.858672]
       - orientation : [0.707107 , 0.707107 , 5.68025e-08 , -3.58243e-08]
  RingCirclePositionError : 0
  position_error : 0.191165
  orientation_error : 1.5708
  found_in_gazebo : 1

 ErrorResults 
  stamp : 2025-11-28T21:54:58Z
  target_type : sphere
  model_name : sphere
  pose : 
       - position : [-0.295317 , 3.82142 , 0.857714]
       - orientation : [0.707107 , 0.707107 , -5.72202e-08 , 3.61086e-08]
  RingCirclePositionError : 0
  position_error : 0.192289
  orientation_error : 1.5708
  found_in_gazebo : 1

 ErrorResults 
  stamp : 2025-11-28T21:54:58Z
  target_type : sphere
  model_name : sphere
  pose : 
       - position : [-0.295339 , 3.82197 , 0.857767]
       - orientation : [0.707107 , 0.707107 , -1.90749e-08 , 1.20278e-08]
  RingCirclePositionError : 0
  position_error : 0.191671
  orientation_error : 1.5708
  found_in_gazebo : 1

 ErrorResults 
  stamp : 2025-11-28T21:54:58Z
  target_type : sphere
  model_name : sphere
  pose : 
       - position : [-0.295064 , 3.82233 , 0.857315]
       - orientation : [0.707107 , 0.707107 , -1.45399e-11 , 1.50811e-11]
  RingCirclePositionError : 0
  position_error : 0.191438
  orientation_error : 1.5708
  found_in_gazebo : 1

 ErrorResults 
  stamp : 2025-11-28T21:54:58Z
  target_type : sphere
  model_name : sphere
  pose : 
       - position : [-0.298461 , 3.82423 , 0.856652]
       - orientation : [0.707107 , 0.707107 , 2.01095e-11 , -1.97487e-11]
  RingCirclePositionError : 0
  position_error : 0.189782
  orientation_error : 1.5708
  found_in_gazebo : 1

 ErrorResults 
  stamp : 2025-11-28T21:54:58Z
  target_type : sphere
  model_name : sphere
  pose : 
       - position : [-0.294532 , 3.82201 , 0.857415]
       - orientation : [0.707107 , 0.707107 , -1.90637e-08 , 1.20385e-08]
  RingCirclePositionError : 0
  position_error : 0.191551
  orientation_error : 1.5708
  found_in_gazebo : 1

 ErrorResults 
  stamp : 2025-11-28T21:54:58Z
  target_type : sphere
  model_name : sphere
  pose : 
       - position : [-0.294679 , 3.82175 , 0.856444]
       - orientation : [0.707107 , 0.707107 , 3.80389e-08 , -2.3989e-08]
  RingCirclePositionError : 0
  position_error : 0.19207
  orientation_error : 1.5708
  found_in_gazebo : 1

 ErrorResults 
  stamp : 2025-11-28T21:54:58Z
  target_type : sphere
  model_name : sphere
  pose : 
       - position : [-0.294679 , 3.82175 , 0.856444]
       - orientation : [0.707107 , 0.707107 , 3.80389e-08 , -2.3989e-08]
  RingCirclePositionError : 0
  position_error : 0.19199
  orientation_error : 1.5708
  found_in_gazebo : 1

 ErrorResults 
  stamp : 2025-11-28T21:54:58Z
  target_type : sphere
  model_name : sphere
  pose : 
       - position : [-0.294679 , 3.82175 , 0.856444]
       - orientation : [0.707107 , 0.707107 , 3.80389e-08 , -2.3989e-08]
  RingCirclePositionError : 0
  position_error : 0.191903
  orientation_error : 1.5708
  found_in_gazebo : 1

 ErrorResults 
  stamp : 2025-11-28T21:54:58Z
  target_type : sphere
  model_name : sphere
  pose : 
       - position : [-0.293511 , 3.82167 , 0.856667]
       - orientation : [0.707107 , 0.707107 , 3.79407e-08 , -2.394e-08]
  RingCirclePositionError : 0
  position_error : 0.191858
  orientation_error : 1.5708
  found_in_gazebo : 1

 ErrorResults 
  stamp : 2025-11-28T21:54:58Z
  target_type : sphere
  model_name : sphere
  pose : 
       - position : [-0.295408 , 3.81997 , 0.85562]
       - orientation : [0.707107 , 0.707107 , 5.73033e-08 , -3.61909e-08]
  RingCirclePositionError : 0
  position_error : 0.193685
  orientation_error : 1.5708
  found_in_gazebo : 1

 ErrorResults 
  stamp : 2025-11-28T21:54:58Z
  target_type : sphere
  model_name : sphere
  pose : 
       - position : [-0.29246 , 3.82093 , 0.856028]
       - orientation : [0.707107 , 0.707107 , -5.68074e-08 , 3.58709e-08]
  RingCirclePositionError : 0
  position_error : 0.192646
  orientation_error : 1.5708
  found_in_gazebo : 1

 ErrorResults 
  stamp : 2025-11-28T21:54:58Z
  target_type : sphere
  model_name : sphere
  pose : 
       - position : [-0.294653 , 3.82025 , 0.855048]
       - orientation : [0.707107 , 0.707107 , 5.71563e-08 , -3.60845e-08]
  RingCirclePositionError : 0
  position_error : 0.193494
  orientation_error : 1.5708
  found_in_gazebo : 1

 ErrorResults 
  stamp : 2025-11-28T21:54:58Z
  target_type : sphere
  model_name : sphere
  pose : 
       - position : [-0.294653 , 3.82025 , 0.855048]
       - orientation : [0.707107 , 0.707107 , 5.71563e-08 , -3.60845e-08]
  RingCirclePositionError : 0
  position_error : 0.193418
  orientation_error : 1.5708
  found_in_gazebo : 1

 ErrorResults 
  stamp : 2025-11-28T21:54:58Z
  target_type : sphere
  model_name : sphere
  pose : 
       - position : [-0.293243 , 3.8225 , 0.855578]
       - orientation : [0.707107 , 0.707107 , 8.3179e-12 , -1.13808e-11]
  RingCirclePositionError : 0
  position_error : 0.191094
  orientation_error : 1.5708
  found_in_gazebo : 1

 ErrorResults 
  stamp : 2025-11-28T21:54:58Z
  target_type : sphere
  model_name : sphere
  pose : 
       - position : [-0.295104 , 3.82218 , 0.855083]
       - orientation : [0.707107 , 0.707107 , 5.72778e-08 , -3.61614e-08]
  RingCirclePositionError : 0
  position_error : 0.19143
  orientation_error : 1.5708
  found_in_gazebo : 1

 ErrorResults 
  stamp : 2025-11-28T21:54:58Z
  target_type : sphere
  model_name : sphere
  pose : 
       - position : [-0.295193 , 3.82423 , 0.85528]
       - orientation : [0.707107 , 0.707107 , 1.90929e-08 , -1.20555e-08]
  RingCirclePositionError : 0
  position_error : 0.189367
  orientation_error : 1.5708
  found_in_gazebo : 1

 ErrorResults 
  stamp : 2025-11-28T21:54:58Z
  target_type : sphere
  model_name : sphere
  pose : 
       - position : [-0.295212 , 3.82466 , 0.855321]
       - orientation : [0.707107 , 0.707107 , 2.9255e-11 , -3.38628e-11]
  RingCirclePositionError : 0
  position_error : 0.188877
  orientation_error : 1.5708
  found_in_gazebo : 1

 ErrorResults 
  stamp : 2025-11-28T21:54:58Z
  target_type : sphere
  model_name : sphere
  pose : 
       - position : [-0.294944 , 3.82708 , 0.855599]
       - orientation : [0.707107 , 0.707107 , -5.73537e-08 , 3.62284e-08]
  RingCirclePositionError : 0
  position_error : 0.18648
  orientation_error : 1.5708
  found_in_gazebo : 1

 ErrorResults 
  stamp : 2025-11-28T21:54:58Z
  target_type : sphere
  model_name : sphere
  pose : 
       - position : [-0.293881 , 3.82431 , 0.854769]
       - orientation : [0.707107 , 0.707107 , -3.81611e-08 , 2.41273e-08]
  RingCirclePositionError : 0
  position_error : 0.189311
  orientation_error : 1.5708
  found_in_gazebo : 1

 ErrorResults 
  stamp : 2025-11-28T21:54:58Z
  target_type : sphere
  model_name : sphere
  pose : 
       - position : [-0.294858 , 3.82378 , 0.854389]
       - orientation : [0.707107 , 0.707107 , -3.82092e-08 , 2.41354e-08]
  RingCirclePositionError : 0
  position_error : 0.189833
  orientation_error : 1.5708
  found_in_gazebo : 1

 ErrorResults 
  stamp : 2025-11-28T21:54:58Z
  target_type : sphere
  model_name : sphere
  pose : 
       - position : [-0.295964 , 3.82263 , 0.853392]
       - orientation : [0.707107 , 0.707107 , -5.79749e-12 , 1.05384e-11]
  RingCirclePositionError : 0
  position_error : 0.191161
  orientation_error : 1.5708
  found_in_gazebo : 1

 ErrorResults 
  stamp : 2025-11-28T21:54:58Z
  target_type : sphere
  model_name : sphere
  pose : 
       - position : [-0.295964 , 3.82263 , 0.853392]
       - orientation : [0.707107 , 0.707107 , -5.79749e-12 , 1.05384e-11]
  RingCirclePositionError : 0
  position_error : 0.191077
  orientation_error : 1.5708
  found_in_gazebo : 1

 ErrorResults 
  stamp : 2025-11-28T21:54:58Z
  target_type : sphere
  model_name : sphere
  pose : 
       - position : [-0.293962 , 3.82134 , 0.853487]
       - orientation : [0.707107 , 0.707107 , -5.72398e-08 , 3.62003e-08]
  RingCirclePositionError : 0
  position_error : 0.192208
  orientation_error : 1.5708
  found_in_gazebo : 1

 ErrorResults 
  stamp : 2025-11-28T21:54:58Z
  target_type : sphere
  model_name : sphere
  pose : 
       - position : [-0.292734 , 3.82158 , 0.854132]
       - orientation : [0.707107 , 0.707107 , 6.68816e-11 , -6.16878e-11]
  RingCirclePositionError : 0
  position_error : 0.191701
  orientation_error : 1.5708
  found_in_gazebo : 1

 ErrorResults 
  stamp : 2025-11-28T21:54:58Z
  target_type : sphere
  model_name : sphere
  pose : 
       - position : [-0.293708 , 3.82321 , 0.853518]
       - orientation : [0.707107 , 0.707107 , -5.71717e-08 , 3.61391e-08]
  RingCirclePositionError : 0
  position_error : 0.190297
  orientation_error : 1.5708
  found_in_gazebo : 1

 ErrorResults 
  stamp : 2025-11-28T21:54:58Z
  target_type : sphere
  model_name : sphere
  pose : 
       - position : [-0.295019 , 3.82561 , 0.853082]
       - orientation : [0.707107 , 0.707107 , 3.84031e-08 , -2.43161e-08]
  RingCirclePositionError : 0
  position_error : 0.188127
  orientation_error : 1.5708
  found_in_gazebo : 1

 ErrorResults 
  stamp : 2025-11-28T21:54:58Z
  target_type : sphere
  model_name : sphere
  pose : 
       - position : [-0.294393 , 3.82413 , 0.852688]
       - orientation : [0.707107 , 0.707107 , 5.03759e-11 , -4.68635e-11]
  RingCirclePositionError : 0
  position_error : 0.189581
  orientation_error : 1.5708
  found_in_gazebo : 1

 ErrorResults 
  stamp : 2025-11-28T21:54:58Z
  target_type : sphere
  model_name : sphere
  pose : 
       - position : [-0.294393 , 3.82413 , 0.852688]
       - orientation : [0.707107 , 0.707107 , 5.03759e-11 , -4.68635e-11]
  RingCirclePositionError : 0
  position_error : 0.189523
  orientation_error : 1.5708
  found_in_gazebo : 1

 ErrorResults 
  stamp : 2025-11-28T21:54:58Z
  target_type : sphere
  model_name : sphere
  pose : 
       - position : [-0.296225 , 3.82228 , 0.851252]
       - orientation : [0.707107 , 0.707107 , -1.92551e-08 , 1.21852e-08]
  RingCirclePositionError : 0
  position_error : 0.191637
  orientation_error : 1.5708
  found_in_gazebo : 1

 ErrorResults 
  stamp : 2025-11-28T21:54:58Z
  target_type : sphere
  model_name : sphere
  pose : 
       - position : [-0.293263 , 3.82278 , 0.852189]
       - orientation : [0.707107 , 0.707107 , 5.00831e-11 , -4.76885e-11]
  RingCirclePositionError : 0
  position_error : 0.190829
  orientation_error : 1.5708
  found_in_gazebo : 1

 ErrorResults 
  stamp : 2025-11-28T21:54:58Z
  target_type : sphere
  model_name : sphere
  pose : 
       - position : [-0.293263 , 3.82278 , 0.852189]
       - orientation : [0.707107 , 0.707107 , 5.00831e-11 , -4.76885e-11]
  RingCirclePositionError : 0
  position_error : 0.190749
  orientation_error : 1.5708
  found_in_gazebo : 1

 ErrorResults 
  stamp : 2025-11-28T21:54:58Z
  target_type : sphere
  model_name : sphere
  pose : 
       - position : [-0.294325 , 3.824 , 0.852008]
       - orientation : [0.707107 , 0.707107 , -2.83275e-11 , 1.78026e-11]
  RingCirclePositionError : 0
  position_error : 0.189572
  orientation_error : 1.5708
  found_in_gazebo : 1

 ErrorResults 
  stamp : 2025-11-28T21:54:58Z
  target_type : sphere
  model_name : sphere
  pose : 
       - position : [-0.292937 , 3.82245 , 0.851871]
       - orientation : [0.707107 , 0.707107 , -3.80582e-08 , 2.40682e-08]
  RingCirclePositionError : 0
  position_error : 0.191026
  orientation_error : 1.5708
  found_in_gazebo : 1

 ErrorResults 
  stamp : 2025-11-28T21:54:59Z
  target_type : sphere
  model_name : sphere
  pose : 
       - position : [-0.293175 , 3.8224 , 0.851773]
       - orientation : [0.707107 , 0.707107 , 5.71842e-08 , -3.61861e-08]
  RingCirclePositionError : 0
  position_error : 0.191003
  orientation_error : 1.5708
  found_in_gazebo : 1

 ErrorResults 
  stamp : 2025-11-28T21:54:59Z
  target_type : sphere
  model_name : sphere
  pose : 
       - position : [-0.295292 , 3.82435 , 0.851124]
       - orientation : [0.707107 , 0.707107 , 3.84675e-08 , -2.43664e-08]
  RingCirclePositionError : 0
  position_error : 0.189284
  orientation_error : 1.5708
  found_in_gazebo : 1

 ErrorResults 
  stamp : 2025-11-28T21:54:59Z
  target_type : sphere
  model_name : sphere
  pose : 
       - position : [-0.298383 , 3.82465 , 0.849948]
       - orientation : [0.707107 , 0.707107 , -1.94714e-08 , 1.23494e-08]
  RingCirclePositionError : 0
  position_error : 0.189327
  orientation_error : 1.5708
  found_in_gazebo : 1

 ErrorResults 
  stamp : 2025-11-28T21:54:59Z
  target_type : sphere
  model_name : sphere
  pose : 
       - position : [-0.298383 , 3.82465 , 0.849948]
       - orientation : [0.707107 , 0.707107 , -1.94714e-08 , 1.23494e-08]
  RingCirclePositionError : 0
  position_error : 0.189242
  orientation_error : 1.5708
  found_in_gazebo : 1

 ErrorResults 
  stamp : 2025-11-28T21:54:59Z
  target_type : sphere
  model_name : sphere
  pose : 
       - position : [-0.295077 , 3.8251 , 0.850709]
       - orientation : [0.707107 , 0.707107 , -3.84532e-08 , 2.43598e-08]
  RingCirclePositionError : 0
  position_error : 0.188515
  orientation_error : 1.5708
  found_in_gazebo : 1

 ErrorResults 
  stamp : 2025-11-28T21:54:59Z
  target_type : sphere
  model_name : sphere
  pose : 
       - position : [-0.2946 , 3.82477 , 0.850793]
       - orientation : [0.707107 , 0.707107 , -7.82825e-08 , 4.97924e-08]
  RingCirclePositionError : 0
  position_error : 0.188723
  orientation_error : 1.5708
  found_in_gazebo : 1

 ErrorResults 
  stamp : 2025-11-28T21:54:59Z
  target_type : sphere
  model_name : sphere
  pose : 
       - position : [-0.294679 , 3.82175 , 0.849545]
       - orientation : [0.707107 , 0.707107 , 3.83743e-08 , -2.43175e-08]
  RingCirclePositionError : 0
  position_error : 0.191892
  orientation_error : 1.5708
  found_in_gazebo : 1

 ErrorResults 
  stamp : 2025-11-28T21:54:59Z
  target_type : sphere
  model_name : sphere
  pose : 
       - position : [-0.293551 , 3.82216 , 0.849943]
       - orientation : [0.707107 , 0.707107 , 1.91351e-08 , -1.21246e-08]
  RingCirclePositionError : 0
  position_error : 0.191334
  orientation_error : 1.5708
  found_in_gazebo : 1

 ErrorResults 
  stamp : 2025-11-28T21:54:59Z
  target_type : sphere
  model_name : sphere
  pose : 
       - position : [-0.294127 , 3.82195 , 0.84974]
       - orientation : [0.707107 , 0.707107 , -5.74362e-08 , 3.63788e-08]
  RingCirclePositionError : 0
  position_error : 0.191536
  orientation_error : 1.5708
  found_in_gazebo : 1

 ErrorResults 
  stamp : 2025-11-28T21:54:59Z
  target_type : sphere
  model_name : sphere
  pose : 
       - position : [-0.293975 , 3.82448 , 0.850002]
       - orientation : [0.707107 , 0.707107 , 7.81949e-08 , -4.97566e-08]
  RingCirclePositionError : 0
  position_error : 0.189009
  orientation_error : 1.5708
  found_in_gazebo : 1

 ErrorResults 
  stamp : 2025-11-28T21:54:59Z
  target_type : sphere
  model_name : sphere
  pose : 
       - position : [-0.293621 , 3.82419 , 0.850006]
       - orientation : [0.707107 , 0.707107 , -3.82238e-08 , 2.41982e-08]
  RingCirclePositionError : 0
  position_error : 0.189232
  orientation_error : 1.5708
  found_in_gazebo : 1

 ErrorResults 
  stamp : 2025-11-28T21:54:59Z
  target_type : sphere
  model_name : sphere
  pose : 
       - position : [-0.29555 , 3.8233 , 0.849039]
       - orientation : [0.707107 , 0.707107 , -5.78065e-08 , 3.66482e-08]
  RingCirclePositionError : 0
  position_error : 0.190275
  orientation_error : 1.5708
  found_in_gazebo : 1

 ErrorResults 
  stamp : 2025-11-28T21:54:59Z
  target_type : sphere
  model_name : sphere
  pose : 
       - position : [-0.29246 , 3.82093 , 0.849131]
       - orientation : [0.707107 , 0.707107 , -5.71637e-08 , 3.62075e-08]
  RingCirclePositionError : 0
  position_error : 0.192466
  orientation_error : 1.5708
  found_in_gazebo : 1

 ErrorResults 
  stamp : 2025-11-28T21:54:59Z
  target_type : sphere
  model_name : sphere
  pose : 
       - position : [-0.293243 , 3.8225 , 0.848678]
       - orientation : [0.707107 , 0.707107 , -2.3401e-11 , 2.37691e-11]
  RingCirclePositionError : 0
  position_error : 0.191062
  orientation_error : 1.5708
  found_in_gazebo : 1

 ErrorResults 
  stamp : 2025-11-28T21:54:59Z
  target_type : sphere
  model_name : sphere
  pose : 
       - position : [-0.293243 , 3.8225 , 0.848678]
       - orientation : [0.707107 , 0.707107 , -2.3401e-11 , 2.37691e-11]
  RingCirclePositionError : 0
  position_error : 0.190986
  orientation_error : 1.5708
  found_in_gazebo : 1

 ErrorResults 
  stamp : 2025-11-28T21:54:59Z
  target_type : sphere
  model_name : sphere
  pose : 
       - position : [-0.294815 , 3.82445 , 0.848558]
       - orientation : [0.707107 , 0.707107 , -3.85086e-08 , 2.44239e-08]
  RingCirclePositionError : 0
  position_error : 0.189075
  orientation_error : 1.5708
  found_in_gazebo : 1

 ErrorResults 
  stamp : 2025-11-28T21:54:59Z
  target_type : sphere
  model_name : sphere
  pose : 
       - position : [-0.293651 , 3.82613 , 0.848751]
       - orientation : [0.707107 , 0.707107 , 5.75724e-08 , -3.65116e-08]
  RingCirclePositionError : 0
  position_error : 0.1874
  orientation_error : 1.5708
  found_in_gazebo : 1

 ErrorResults 
  stamp : 2025-11-28T21:54:59Z
  target_type : sphere
  model_name : sphere
  pose : 
       - position : [-0.295321 , 3.82718 , 0.848654]
       - orientation : [0.707107 , 0.707107 , -3.85799e-08 , 2.44737e-08]
  RingCirclePositionError : 0
  position_error : 0.186351
  orientation_error : 1.5708
  found_in_gazebo : 1

 ErrorResults 
  stamp : 2025-11-28T21:54:59Z
  target_type : sphere
  model_name : sphere
  pose : 
       - position : [-0.294944 , 3.82708 , 0.848691]
       - orientation : [0.707107 , 0.707107 , -5.78041e-08 , 3.66663e-08]
  RingCirclePositionError : 0
  position_error : 0.186341
  orientation_error : 1.5708
  found_in_gazebo : 1

 ErrorResults 
  stamp : 2025-11-28T21:54:59Z
  target_type : sphere
  model_name : sphere
  pose : 
       - position : [-0.293881 , 3.82431 , 0.847866]
       - orientation : [0.707107 , 0.707107 , -3.84238e-08 , 2.43737e-08]
  RingCirclePositionError : 0
  position_error : 0.189182
  orientation_error : 1.5708
  found_in_gazebo : 1

 ErrorResults 
  stamp : 2025-11-28T21:54:59Z
  target_type : sphere
  model_name : sphere
  pose : 
       - position : [-0.294292 , 3.82462 , 0.847765]
       - orientation : [0.707107 , 0.707107 , 3.84688e-08 , -2.44036e-08]
  RingCirclePositionError : 0
  position_error : 0.188837
  orientation_error : 1.5708
  found_in_gazebo : 1

 ErrorResults 
  stamp : 2025-11-28T21:54:59Z
  target_type : sphere
  model_name : sphere
  pose : 
       - position : [-0.294896 , 3.82457 , 0.847561]
       - orientation : [0.707107 , 0.707107 , 7.86187e-08 , -5.00941e-08]
  RingCirclePositionError : 0
  position_error : 0.188888
  orientation_error : 1.5708
  found_in_gazebo : 1

 ErrorResults 
  stamp : 2025-11-28T21:54:59Z
  target_type : sphere
  model_name : sphere
  pose : 
       - position : [-0.297309 , 3.82382 , 0.846108]
       - orientation : [0.707107 , 0.707107 , 1.93686e-08 , -1.22774e-08]
  RingCirclePositionError : 0
  position_error : 0.189988
  orientation_error : 1.5708
  found_in_gazebo : 1

 ErrorResults 
  stamp : 2025-11-28T21:54:59Z
  target_type : sphere
  model_name : sphere
  pose : 
       - position : [-0.297636 , 3.82388 , 0.845988]
       - orientation : [0.707107 , 0.707107 , -5.83144e-08 , 3.70203e-08]
  RingCirclePositionError : 0
  position_error : 0.189893
  orientation_error : 1.5708
  found_in_gazebo : 1

 ErrorResults 
  stamp : 2025-11-28T21:54:59Z
  target_type : sphere
  model_name : sphere
  pose : 
       - position : [-0.293842 , 3.82535 , 0.847384]
       - orientation : [0.707107 , 0.707107 , -1.92959e-08 , 1.22678e-08]
  RingCirclePositionError : 0
  position_error : 0.188023
  orientation_error : 1.5708
  found_in_gazebo : 1

 ErrorResults 
  stamp : 2025-11-28T21:54:59Z
  target_type : sphere
  model_name : sphere
  pose : 
       - position : [-0.295444 , 3.82694 , 0.846478]
       - orientation : [0.707107 , 0.707107 , 1.93146e-08 , -1.22539e-08]
  RingCirclePositionError : 0
  position_error : 0.186755
  orientation_error : 1.5708
  found_in_gazebo : 1

 ErrorResults 
  stamp : 2025-11-28T21:54:59Z
  target_type : sphere
  model_name : sphere
  pose : 
       - position : [-0.294655 , 3.82602 , 0.846422]
       - orientation : [0.707107 , 0.707107 , 1.93278e-08 , -1.22845e-08]
  RingCirclePositionError : 0
  position_error : 0.187572
  orientation_error : 1.5708
  found_in_gazebo : 1

 ErrorResults 
  stamp : 2025-11-28T21:54:59Z
  target_type : sphere
  model_name : sphere
  pose : 
       - position : [-0.293821 , 3.82647 , 0.846928]
       - orientation : [0.707107 , 0.707107 , 3.84285e-08 , -2.43848e-08]
  RingCirclePositionError : 0
  position_error : 0.186905
  orientation_error : 1.5708
  found_in_gazebo : 1

 ErrorResults 
  stamp : 2025-11-28T21:54:59Z
  target_type : sphere
  model_name : sphere
  pose : 
       - position : [-0.292452 , 3.82437 , 0.846643]
       - orientation : [0.707107 , 0.707107 , -5.74146e-08 , 3.64393e-08]
  RingCirclePositionError : 0
  position_error : 0.188927
  orientation_error : 1.5708
  found_in_gazebo : 1

 ErrorResults 
  stamp : 2025-11-28T21:54:59Z
  target_type : sphere
  model_name : sphere
  pose : 
       - position : [-0.292561 , 3.82621 , 0.846802]
       - orientation : [0.707107 , 0.707107 , 3.83601e-08 , -2.43566e-08]
  RingCirclePositionError : 0
  position_error : 0.187081
  orientation_error : 1.5708
  found_in_gazebo : 1

 ErrorResults 
  stamp : 2025-11-28T21:54:59Z
  target_type : sphere
  model_name : sphere
  pose : 
       - position : [-0.293263 , 3.82278 , 0.845289]
       - orientation : [0.707107 , 0.707107 , 6.09404e-11 , -5.30325e-11]
  RingCirclePositionError : 0
  position_error : 0.190728
  orientation_error : 1.5708
  found_in_gazebo : 1

 ErrorResults 
  stamp : 2025-11-28T21:54:59Z
  target_type : sphere
  model_name : sphere
  pose : 
       - position : [-0.294224 , 3.82402 , 0.845138]
       - orientation : [0.707107 , 0.707107 , 7.86492e-08 , -5.01769e-08]
  RingCirclePositionError : 0
  position_error : 0.189512
  orientation_error : 1.5708
  found_in_gazebo : 1

 ErrorResults 
  stamp : 2025-11-28T21:54:59Z
  target_type : sphere
  model_name : sphere
  pose : 
       - position : [-0.294325 , 3.824 , 0.845106]
       - orientation : [0.707107 , 0.707107 , -6.02329e-11 , 5.31369e-11]
  RingCirclePositionError : 0
  position_error : 0.189461
  orientation_error : 1.5708
  found_in_gazebo : 1

 ErrorResults 
  stamp : 2025-11-28T21:54:59Z
  target_type : sphere
  model_name : sphere
  pose : 
       - position : [-0.295588 , 3.82422 , 0.844752]
       - orientation : [0.707107 , 0.707107 , 3.87427e-08 , -2.4617e-08]
  RingCirclePositionError : 0
  position_error : 0.189262
  orientation_error : 1.5708
  found_in_gazebo : 1

 ErrorResults 
  stamp : 2025-11-28T21:54:59Z
  target_type : sphere
  model_name : sphere
  pose : 
       - position : [-0.295305 , 3.82447 , 0.84426]
       - orientation : [0.707107 , 0.707107 , 5.80315e-08 , -3.68707e-08]
  RingCirclePositionError : 0
  position_error : 0.189144
  orientation_error : 1.5708
  found_in_gazebo : 1

 ErrorResults 
  stamp : 2025-11-28T21:54:59Z
  target_type : sphere
  model_name : sphere
  pose : 
       - position : [-0.298383 , 3.82465 , 0.843044]
       - orientation : [0.707107 , 0.707107 , -1.96017e-08 , 1.24804e-08]
  RingCirclePositionError : 0
  position_error : 0.189299
  orientation_error : 1.5708
  found_in_gazebo : 1

 ErrorResults 
  stamp : 2025-11-28T21:54:59Z
  target_type : sphere
  model_name : sphere
  pose : 
       - position : [-0.295552 , 3.82714 , 0.844457]
       - orientation : [0.707107 , 0.707107 , -5.8186e-08 , 3.6988e-08]
  RingCirclePositionError : 0
  position_error : 0.18643
  orientation_error : 1.5708
  found_in_gazebo : 1

 ErrorResults 
  stamp : 2025-11-28T21:54:59Z
  target_type : sphere
  model_name : sphere
  pose : 
       - position : [-0.295552 , 3.82714 , 0.844457]
       - orientation : [0.707107 , 0.707107 , -5.8186e-08 , 3.6988e-08]
  RingCirclePositionError : 0
  position_error : 0.186379
  orientation_error : 1.5708
  found_in_gazebo : 1

 ErrorResults 
  stamp : 2025-11-28T21:54:59Z
  target_type : sphere
  model_name : sphere
  pose : 
       - position : [-0.295552 , 3.82714 , 0.844457]
       - orientation : [0.707107 , 0.707107 , -5.8186e-08 , 3.6988e-08]
  RingCirclePositionError : 0
  position_error : 0.186291
  orientation_error : 1.5708
  found_in_gazebo : 1

 ErrorResults 
  stamp : 2025-11-28T21:54:59Z
  target_type : sphere
  model_name : sphere
  pose : 
       - position : [-0.295077 , 3.8251 , 0.843805]
       - orientation : [0.707107 , 0.707107 , -3.8765e-08 , 2.4665e-08]
  RingCirclePositionError : 0
  position_error : 0.188349
  orientation_error : 1.5708
  found_in_gazebo : 1

 ErrorResults 
  stamp : 2025-11-28T21:54:59Z
  target_type : sphere
  model_name : sphere
  pose : 
       - position : [-0.2946 , 3.82477 , 0.84389]
       - orientation : [0.707107 , 0.707107 , -7.88709e-08 , 5.03575e-08]
  RingCirclePositionError : 0
  position_error : 0.188573
  orientation_error : 1.5708
  found_in_gazebo : 1

 ErrorResults 
  stamp : 2025-11-28T21:54:59Z
  target_type : sphere
  model_name : sphere
  pose : 
       - position : [-0.294488 , 3.82225 , 0.842874]
       - orientation : [0.707107 , 0.707107 , 1.93243e-08 , -1.22978e-08]
  RingCirclePositionError : 0
  position_error : 0.191204
  orientation_error : 1.5708
  found_in_gazebo : 1

 ErrorResults 
  stamp : 2025-11-28T21:54:59Z
  target_type : sphere
  model_name : sphere
  pose : 
       - position : [-0.29509 , 3.82475 , 0.842841]
       - orientation : [0.707107 , 0.707107 , 3.47662e-11 , -3.58803e-11]
  RingCirclePositionError : 0
  position_error : 0.188795
  orientation_error : 1.5708
  found_in_gazebo : 1

 ErrorResults 
  stamp : 2025-11-28T21:54:59Z
  target_type : sphere
  model_name : sphere
  pose : 
       - position : [-0.29509 , 3.82475 , 0.842841]
       - orientation : [0.707107 , 0.707107 , 3.47662e-11 , -3.58803e-11]
  RingCirclePositionError : 0
  position_error : 0.188733
  orientation_error : 1.5708
  found_in_gazebo : 1

 ErrorResults 
  stamp : 2025-11-28T21:54:59Z
  target_type : sphere
  model_name : sphere
  pose : 
       - position : [-0.293975 , 3.82448 , 0.843099]
       - orientation : [0.707107 , 0.707107 , 7.8783e-08 , -5.03216e-08]
  RingCirclePositionError : 0
  position_error : 0.188848
  orientation_error : 1.5708
  found_in_gazebo : 1

 ErrorResults 
  stamp : 2025-11-28T21:54:59Z
  target_type : sphere
  model_name : sphere
  pose : 
       - position : [-0.293746 , 3.82709 , 0.843371]
       - orientation : [0.707107 , 0.707107 , 5.79598e-08 , -3.6885e-08]
  RingCirclePositionError : 0
  position_error : 0.186243
  orientation_error : 1.5708
  found_in_gazebo : 1

 ErrorResults 
  stamp : 2025-11-28T21:54:59Z
  target_type : sphere
  model_name : sphere
  pose : 
       - position : [-0.295633 , 3.82528 , 0.84232]
       - orientation : [0.707107 , 0.707107 , -1.9479e-08 , 1.24149e-08]
  RingCirclePositionError : 0
  position_error : 0.188196
  orientation_error : 1.5708
  found_in_gazebo : 1

 ErrorResults 
  stamp : 2025-11-28T21:55:00Z
  target_type : sphere
  model_name : sphere
  pose : 
       - position : [-0.29341 , 3.82469 , 0.84226]
       - orientation : [0.707107 , 0.707107 , 9.1898e-12 , -1.34946e-12]
  RingCirclePositionError : 0
  position_error : 0.188747
  orientation_error : 1.5708
  found_in_gazebo : 1

 ErrorResults 
  stamp : 2025-11-28T21:55:00Z
  target_type : sphere
  model_name : sphere
  pose : 
       - position : [-0.294823 , 3.82467 , 0.841675]
       - orientation : [0.707107 , 0.707107 , 5.81272e-08 , -3.69933e-08]
  RingCirclePositionError : 0
  position_error : 0.188842
  orientation_error : 1.5708
  found_in_gazebo : 1

 ErrorResults 
  stamp : 2025-11-28T21:55:00Z
  target_type : sphere
  model_name : sphere
  pose : 
       - position : [-0.294279 , 3.82757 , 0.842085]
       - orientation : [0.707107 , 0.707107 , -3.86917e-08 , 2.46106e-08]
  RingCirclePositionError : 0
  position_error : 0.185946
  orientation_error : 1.5708
  found_in_gazebo : 1

 ErrorResults 
  stamp : 2025-11-28T21:55:00Z
  target_type : sphere
  model_name : sphere
  pose : 
       - position : [-0.294279 , 3.82757 , 0.842085]
       - orientation : [0.707107 , 0.707107 , -3.86917e-08 , 2.46106e-08]
  RingCirclePositionError : 0
  position_error : 0.185888
  orientation_error : 1.5708
  found_in_gazebo : 1

 ErrorResults 
  stamp : 2025-11-28T21:55:00Z
  target_type : sphere
  model_name : sphere
  pose : 
       - position : [-0.295321 , 3.82718 , 0.841746]
       - orientation : [0.707107 , 0.707107 , -3.88462e-08 , 2.47244e-08]
  RingCirclePositionError : 0
  position_error : 0.186267
  orientation_error : 1.5708
  found_in_gazebo : 1

 ErrorResults 
  stamp : 2025-11-28T21:55:00Z
  target_type : sphere
  model_name : sphere
  pose : 
       - position : [-0.295358 , 3.82801 , 0.841823]
       - orientation : [0.707107 , 0.707107 , -5.83552e-08 , 3.71581e-08]
  RingCirclePositionError : 0
  position_error : 0.185381
  orientation_error : 1.5708
  found_in_gazebo : 1

 ErrorResults 
  stamp : 2025-11-28T21:55:00Z
  target_type : sphere
  model_name : sphere
  pose : 
       - position : [-0.294964 , 3.82775 , 0.841845]
       - orientation : [0.707107 , 0.707107 , -3.88238e-08 , 2.47117e-08]
  RingCirclePositionError : 0
  position_error : 0.185544
  orientation_error : 1.5708
  found_in_gazebo : 1

 ErrorResults 
  stamp : 2025-11-28T21:55:00Z
  target_type : sphere
  model_name : sphere
  pose : 
       - position : [-0.294292 , 3.82462 , 0.840862]
       - orientation : [0.707107 , 0.707107 , 3.87606e-08 , -2.46801e-08]
  RingCirclePositionError : 0
  position_error : 0.188741
  orientation_error : 1.5708
  found_in_gazebo : 1

 ErrorResults 
  stamp : 2025-11-28T21:55:00Z
  target_type : sphere
  model_name : sphere
  pose : 
       - position : [-0.296371 , 3.82546 , 0.840263]
       - orientation : [0.707107 , 0.707107 , 3.89666e-08 , -2.48047e-08]
  RingCirclePositionError : 0
  position_error : 0.188061
  orientation_error : 1.5708
  found_in_gazebo : 1

 ErrorResults 
  stamp : 2025-11-28T21:55:00Z
  target_type : sphere
  model_name : sphere
  pose : 
       - position : [-0.297697 , 3.82446 , 0.839287]
       - orientation : [0.707107 , 0.707107 , -5.87858e-08 , 3.7459e-08]
  RingCirclePositionError : 0
  position_error : 0.189235
  orientation_error : 1.5708
  found_in_gazebo : 1

 ErrorResults 
  stamp : 2025-11-28T21:55:00Z
  target_type : sphere
  model_name : sphere
  pose : 
       - position : [-0.297022 , 3.82944 , 0.83993]
       - orientation : [0.707107 , 0.707107 , 3.9166e-08 , -2.49665e-08]
  RingCirclePositionError : 0
  position_error : 0.18431
  orientation_error : 1.5708
  found_in_gazebo : 1

 ErrorResults 
  stamp : 2025-11-28T21:55:00Z
  target_type : sphere
  model_name : sphere
  pose : 
       - position : [-0.297022 , 3.82944 , 0.83993]
       - orientation : [0.707107 , 0.707107 , 3.9166e-08 , -2.49665e-08]
  RingCirclePositionError : 0
  position_error : 0.184221
  orientation_error : 1.5708
  found_in_gazebo : 1

 ErrorResults 
  stamp : 2025-11-28T21:55:00Z
  target_type : sphere
  model_name : sphere
  pose : 
       - position : [-0.29482 , 3.82721 , 0.839915]
       - orientation : [0.707107 , 0.707107 , 5.82985e-08 , -3.71514e-08]
  RingCirclePositionError : 0
  position_error : 0.186244
  orientation_error : 1.5708
  found_in_gazebo : 1

 ErrorResults 
  stamp : 2025-11-28T21:55:00Z
  target_type : sphere
  model_name : sphere
  pose : 
       - position : [-0.294737 , 3.82724 , 0.839961]
       - orientation : [0.707107 , 0.707107 , -3.88262e-08 , 2.4724e-08]
  RingCirclePositionError : 0
  position_error : 0.186125
  orientation_error : 1.5708
  found_in_gazebo : 1

 ErrorResults 
  stamp : 2025-11-28T21:55:00Z
  target_type : sphere
  model_name : sphere
  pose : 
       - position : [-0.293871 , 3.82792 , 0.840157]
       - orientation : [0.707107 , 0.707107 , -3.87548e-08 , 2.46917e-08]
  RingCirclePositionError : 0
  position_error : 0.185367
  orientation_error : 1.5708
  found_in_gazebo : 1

 ErrorResults 
  stamp : 2025-11-28T21:55:00Z
  target_type : sphere
  model_name : sphere
  pose : 
       - position : [-0.292561 , 3.82621 , 0.839895]
       - orientation : [0.707107 , 0.707107 , 3.86548e-08 , -2.46475e-08]
  RingCirclePositionError : 0
  position_error : 0.187023
  orientation_error : 1.5708
  found_in_gazebo : 1

 ErrorResults 
  stamp : 2025-11-28T21:55:00Z
  target_type : sphere
  model_name : sphere
  pose : 
       - position : [-0.292614 , 3.8271 , 0.839971]
       - orientation : [0.707107 , 0.707107 , 6.3239e-11 , -6.00029e-11]
  RingCirclePositionError : 0
  position_error : 0.186074
  orientation_error : 1.5708
  found_in_gazebo : 1

 ErrorResults 
  stamp : 2025-11-28T21:55:00Z
  target_type : sphere
  model_name : sphere
  pose : 
       - position : [-0.292614 , 3.8271 , 0.839971]
       - orientation : [0.707107 , 0.707107 , 6.3239e-11 , -6.00029e-11]
  RingCirclePositionError : 0
  position_error : 0.185995
  orientation_error : 1.5708
  found_in_gazebo : 1

 ErrorResults 
  stamp : 2025-11-28T21:55:00Z
  target_type : sphere
  model_name : sphere
  pose : 
       - position : [-0.29807 , 3.82451 , 0.837128]
       - orientation : [0.707107 , 0.707107 , 1.9646e-08 , -1.25255e-08]
  RingCirclePositionError : 0
  position_error : 0.189242
  orientation_error : 1.5708
  found_in_gazebo : 1

 ErrorResults 
  stamp : 2025-11-28T21:55:00Z
  target_type : sphere
  model_name : sphere
  pose : 
       - position : [-0.295553 , 3.82667 , 0.838119]
       - orientation : [0.707107 , 0.707107 , 3.90221e-08 , -2.48881e-08]
  RingCirclePositionError : 0
  position_error : 0.186831
  orientation_error : 1.5708
  found_in_gazebo : 1

 ErrorResults 
  stamp : 2025-11-28T21:55:00Z
  target_type : sphere
  model_name : sphere
  pose : 
       - position : [-0.298138 , 3.82773 , 0.837449]
       - orientation : [0.707107 , 0.707107 , -5.90844e-08 , 3.7709e-08]
  RingCirclePositionError : 0
  position_error : 0.185979
  orientation_error : 1.5708
  found_in_gazebo : 1

 ErrorResults 
  stamp : 2025-11-28T21:55:00Z
  target_type : sphere
  model_name : sphere
  pose : 
       - position : [-0.295649 , 3.82671 , 0.838095]
       - orientation : [0.707107 , 0.707107 , -5.85801e-08 , 3.73674e-08]
  RingCirclePositionError : 0
  position_error : 0.186629
  orientation_error : 1.5708
  found_in_gazebo : 1

 ErrorResults 
  stamp : 2025-11-28T21:55:00Z
  target_type : sphere
  model_name : sphere
  pose : 
       - position : [-0.295337 , 3.82729 , 0.837651]
       - orientation : [0.707107 , 0.707107 , -1.95215e-08 , 1.24526e-08]
  RingCirclePositionError : 0
  position_error : 0.186198
  orientation_error : 1.5708
  found_in_gazebo : 1

 ErrorResults 
  stamp : 2025-11-28T21:55:00Z
  target_type : sphere
  model_name : sphere
  pose : 
       - position : [-0.295337 , 3.82729 , 0.837651]
       - orientation : [0.707107 , 0.707107 , -1.95215e-08 , 1.24526e-08]
  RingCirclePositionError : 0
  position_error : 0.186114
  orientation_error : 1.5708
  found_in_gazebo : 1

 ErrorResults 
  stamp : 2025-11-28T21:55:00Z
  target_type : sphere
  model_name : sphere
  pose : 
       - position : [-0.295552 , 3.82714 , 0.837549]
       - orientation : [0.707107 , 0.707107 , -5.8642e-08 , 3.74336e-08]
  RingCirclePositionError : 0
  position_error : 0.1862
  orientation_error : 1.5708
  found_in_gazebo : 1

 ErrorResults 
  stamp : 2025-11-28T21:55:00Z
  target_type : sphere
  model_name : sphere
  pose : 
       - position : [-0.295963 , 3.82685 , 0.837353]
       - orientation : [0.707107 , 0.707107 , -1.95222e-08 , 1.24479e-08]
  RingCirclePositionError : 0
  position_error : 0.186449
  orientation_error : 1.5708
  found_in_gazebo : 1

 ErrorResults 
  stamp : 2025-11-28T21:55:00Z
  target_type : sphere
  model_name : sphere
  pose : 
       - position : [-0.296562 , 3.82845 , 0.836869]
       - orientation : [0.707107 , 0.707107 , 1.60834e-11 , -1.10518e-11]
  RingCirclePositionError : 0
  position_error : 0.185045
  orientation_error : 1.5708
  found_in_gazebo : 1

 ErrorResults 
  stamp : 2025-11-28T21:55:00Z
  target_type : sphere
  model_name : sphere
  pose : 
       - position : [-0.295111 , 3.82748 , 0.83697]
       - orientation : [0.707107 , 0.707107 , 1.95442e-08 , -1.24755e-08]
  RingCirclePositionError : 0
  position_error : 0.185862
  orientation_error : 1.5708
  found_in_gazebo : 1

 ErrorResults 
  stamp : 2025-11-28T21:55:00Z
  target_type : sphere
  model_name : sphere
  pose : 
       - position : [-0.294683 , 3.82506 , 0.836185]
       - orientation : [0.707107 , 0.707107 , 3.89651e-08 , -2.48679e-08]
  RingCirclePositionError : 0
  position_error : 0.188334
  orientation_error : 1.5708
  found_in_gazebo : 1

 ErrorResults 
  stamp : 2025-11-28T21:55:00Z
  target_type : sphere
  model_name : sphere
  pose : 
       - position : [-0.29509 , 3.82475 , 0.835937]
       - orientation : [0.707107 , 0.707107 , 3.37497e-12 , -1.00184e-12]
  RingCirclePositionError : 0
  position_error : 0.188619
  orientation_error : 1.5708
  found_in_gazebo : 1

 ErrorResults 
  stamp : 2025-11-28T21:55:00Z
  target_type : sphere
  model_name : sphere
  pose : 
       - position : [-0.294404 , 3.82736 , 0.836428]
       - orientation : [0.707107 , 0.707107 , 7.95649e-08 , -5.10252e-08]
  RingCirclePositionError : 0
  position_error : 0.185947
  orientation_error : 1.5708
  found_in_gazebo : 1

 ErrorResults 
  stamp : 2025-11-28T21:55:00Z
  target_type : sphere
  model_name : sphere
  pose : 
       - position : [-0.293746 , 3.82709 , 0.836462]
       - orientation : [0.707107 , 0.707107 , 5.83513e-08 , -3.72593e-08]
  RingCirclePositionError : 0
  position_error : 0.186127
  orientation_error : 1.5708
  found_in_gazebo : 1

 ErrorResults 
  stamp : 2025-11-28T21:55:00Z
  target_type : sphere
  model_name : sphere
  pose : 
       - position : [-0.295722 , 3.82737 , 0.835606]
       - orientation : [0.707107 , 0.707107 , 5.87665e-08 , -3.75462e-08]
  RingCirclePositionError : 0
  position_error : 0.186042
  orientation_error : 1.5708
  found_in_gazebo : 1

 ErrorResults 
  stamp : 2025-11-28T21:55:00Z
  target_type : sphere
  model_name : sphere
  pose : 
       - position : [-0.294337 , 3.82804 , 0.835339]
       - orientation : [0.707107 , 0.707107 , 5.86006e-08 , -3.74582e-08]
  RingCirclePositionError : 0
  position_error : 0.185466
  orientation_error : 1.5708
  found_in_gazebo : 1

 ErrorResults 
  stamp : 2025-11-28T21:55:00Z
  target_type : sphere
  model_name : sphere
  pose : 
       - position : [-0.294279 , 3.82757 , 0.835176]
       - orientation : [0.707107 , 0.707107 , -3.9006e-08 , 2.49194e-08]
  RingCirclePositionError : 0
  position_error : 0.185891
  orientation_error : 1.5708
  found_in_gazebo : 1

 ErrorResults 
  stamp : 2025-11-28T21:55:00Z
  target_type : sphere
  model_name : sphere
  pose : 
       - position : [-0.294279 , 3.82757 , 0.835176]
       - orientation : [0.707107 , 0.707107 , -3.9006e-08 , 2.49194e-08]
  RingCirclePositionError : 0
  position_error : 0.185815
  orientation_error : 1.5708
  found_in_gazebo : 1

 ErrorResults 
  stamp : 2025-11-28T21:55:00Z
  target_type : sphere
  model_name : sphere
  pose : 
       - position : [-0.294958 , 3.82817 , 0.835096]
       - orientation : [0.707107 , 0.707107 , 3.91764e-08 , -2.50531e-08]
  RingCirclePositionError : 0
  position_error : 0.18518
  orientation_error : 1.5708
  found_in_gazebo : 1

 ErrorResults 
  stamp : 2025-11-28T21:55:00Z
  target_type : sphere
  model_name : sphere
  pose : 
       - position : [-0.295358 , 3.82801 , 0.834913]
       - orientation : [0.707107 , 0.707107 , -5.87698e-08 , 3.75649e-08]
  RingCirclePositionError : 0
  position_error : 0.185305
  orientation_error : 1.5708
  found_in_gazebo : 1

 ErrorResults 
  stamp : 2025-11-28T21:55:00Z
  target_type : sphere
  model_name : sphere
  pose : 
       - position : [-0.295358 , 3.82801 , 0.834913]
       - orientation : [0.707107 , 0.707107 , -5.87698e-08 , 3.75649e-08]
  RingCirclePositionError : 0
  position_error : 0.185218
  orientation_error : 1.5708
  found_in_gazebo : 1

 ErrorResults 
  stamp : 2025-11-28T21:55:00Z
  target_type : sphere
  model_name : sphere
  pose : 
       - position : [-0.296062 , 3.82843 , 0.834665]
       - orientation : [0.707107 , 0.707107 , -5.89379e-08 , 3.76902e-08]
  RingCirclePositionError : 0
  position_error : 0.184835
  orientation_error : 1.5708
  found_in_gazebo : 1

 ErrorResults 
  stamp : 2025-11-28T21:55:00Z
  target_type : sphere
  model_name : sphere
  pose : 
       - position : [-0.29497 , 3.82793 , 0.834953]
       - orientation : [0.707107 , 0.707107 , 5.77594e-12 , -2.99239e-13]
  RingCirclePositionError : 0
  position_error : 0.185135
  orientation_error : 1.5708
  found_in_gazebo : 1

 ErrorResults 
  stamp : 2025-11-28T21:55:00Z
  target_type : sphere
  model_name : sphere
  pose : 
       - position : [-0.296498 , 3.83127 , 0.833931]
       - orientation : [0.707107 , 0.707107 , 1.97475e-12 , -2.48778e-12]
  RingCirclePositionError : 0
  position_error : 0.182299
  orientation_error : 1.5708
  found_in_gazebo : 1

 ErrorResults 
  stamp : 2025-11-28T21:55:00Z
  target_type : sphere
  model_name : sphere
  pose : 
       - position : [-0.296498 , 3.83127 , 0.833931]
       - orientation : [0.707107 , 0.707107 , 1.97475e-12 , -2.48778e-12]
  RingCirclePositionError : 0
  position_error : 0.182199
  orientation_error : 1.5708
  found_in_gazebo : 1

 ErrorResults 
  stamp : 2025-11-28T21:55:00Z
  target_type : sphere
  model_name : sphere
  pose : 
       - position : [-0.297022 , 3.82944 , 0.833018]
       - orientation : [0.707107 , 0.707107 , 3.94631e-08 , -2.52493e-08]
  RingCirclePositionError : 0
  position_error : 0.184156
  orientation_error : 1.5708
  found_in_gazebo : 1

 ErrorResults 
  stamp : 2025-11-28T21:55:01Z
  target_type : sphere
  model_name : sphere
  pose : 
       - position : [-0.297022 , 3.82944 , 0.833018]
       - orientation : [0.707107 , 0.707107 , 3.94631e-08 , -2.52493e-08]
  RingCirclePositionError : 0
  position_error : 0.184078
  orientation_error : 1.5708
  found_in_gazebo : 1

 ErrorResults 
  stamp : 2025-11-28T21:55:01Z
  target_type : sphere
  model_name : sphere
  pose : 
       - position : [-0.293467 , 3.82943 , 0.833934]
       - orientation : [0.707107 , 0.707107 , 1.94545e-08 , -1.24232e-08]
  RingCirclePositionError : 0
  position_error : 0.18375
  orientation_error : 1.5708
  found_in_gazebo : 1

 ErrorResults 
  stamp : 2025-11-28T21:55:01Z
  target_type : sphere
  model_name : sphere
  pose : 
       - position : [-0.293471 , 3.82943 , 0.833932]
       - orientation : [0.707107 , 0.707107 , 1.95346e-08 , -1.2496e-08]
  RingCirclePositionError : 0
  position_error : 0.183707
  orientation_error : 1.5708
  found_in_gazebo : 1

 ErrorResults 
  stamp : 2025-11-28T21:55:01Z
  target_type : sphere
  model_name : sphere
  pose : 
       - position : [-0.29478 , 3.8284 , 0.833159]
       - orientation : [0.707107 , 0.707107 , 5.87558e-08 , -3.75825e-08]
  RingCirclePositionError : 0
  position_error : 0.184856
  orientation_error : 1.5708
  found_in_gazebo : 1

 ErrorResults 
  stamp : 2025-11-28T21:55:01Z
  target_type : sphere
  model_name : sphere
  pose : 
       - position : [-0.293909 , 3.82901 , 0.833347]
       - orientation : [0.707107 , 0.707107 , 4.63945e-11 , -3.82567e-11]
  RingCirclePositionError : 0
  position_error : 0.184159
  orientation_error : 1.5708
  found_in_gazebo : 1

 ErrorResults 
  stamp : 2025-11-28T21:55:01Z
  target_type : sphere
  model_name : sphere
  pose : 
       - position : [-0.293909 , 3.82901 , 0.833347]
       - orientation : [0.707107 , 0.707107 , 4.63945e-11 , -3.82567e-11]
  RingCirclePositionError : 0
  position_error : 0.184087
  orientation_error : 1.5708
  found_in_gazebo : 1

 ErrorResults 
  stamp : 2025-11-28T21:55:01Z
  target_type : sphere
  model_name : sphere
  pose : 
       - position : [-0.292614 , 3.8271 , 0.833063]
       - orientation : [0.707107 , 0.707107 , 3.23623e-11 , -2.56436e-11]
  RingCirclePositionError : 0
  position_error : 0.18593
  orientation_error : 1.5708
  found_in_gazebo : 1

 ErrorResults 
  stamp : 2025-11-28T21:55:01Z
  target_type : sphere
  model_name : sphere
  pose : 
       - position : [-0.295133 , 3.8286 , 0.832144]
       - orientation : [0.707107 , 0.707107 , 3.926e-08 , -2.51361e-08]
  RingCirclePositionError : 0
  position_error : 0.184723
  orientation_error : 1.5708
  found_in_gazebo : 1

 ErrorResults 
  stamp : 2025-11-28T21:55:01Z
  target_type : sphere
  model_name : sphere
  pose : 
       - position : [-0.298138 , 3.82773 , 0.830539]
       - orientation : [0.707107 , 0.707107 , -5.95466e-08 , 3.81622e-08]
  RingCirclePositionError : 0
  position_error : 0.185983
  orientation_error : 1.5708
  found_in_gazebo : 1

 ErrorResults 
  stamp : 2025-11-28T21:55:01Z
  target_type : sphere
  model_name : sphere
  pose : 
       - position : [-0.295597 , 3.82948 , 0.831491]
       - orientation : [0.707107 , 0.707107 , -3.93066e-08 , 2.51566e-08]
  RingCirclePositionError : 0
  position_error : 0.183956
  orientation_error : 1.5708
  found_in_gazebo : 1

 ErrorResults 
  stamp : 2025-11-28T21:55:01Z
  target_type : sphere
  model_name : sphere
  pose : 
       - position : [-0.295597 , 3.82948 , 0.831491]
       - orientation : [0.707107 , 0.707107 , -3.93066e-08 , 2.51566e-08]
  RingCirclePositionError : 0
  position_error : 0.183871
  orientation_error : 1.5708
  found_in_gazebo : 1

 ErrorResults 
  stamp : 2025-11-28T21:55:01Z
  target_type : sphere
  model_name : sphere
  pose : 
       - position : [-0.295765 , 3.82937 , 0.831414]
       - orientation : [0.707107 , 0.707107 , -1.97148e-08 , 1.2634e-08]
  RingCirclePositionError : 0
  position_error : 0.183918
  orientation_error : 1.5708
  found_in_gazebo : 1

 ErrorResults 
  stamp : 2025-11-28T21:55:01Z
  target_type : sphere
  model_name : sphere
  pose : 
       - position : [-0.295337 , 3.82729 , 0.830743]
       - orientation : [0.707107 , 0.707107 , -1.96952e-08 , 1.26256e-08]
  RingCirclePositionError : 0
  position_error : 0.186033
  orientation_error : 1.5708
  found_in_gazebo : 1

 ErrorResults 
  stamp : 2025-11-28T21:55:01Z
  target_type : sphere
  model_name : sphere
  pose : 
       - position : [-0.295552 , 3.82714 , 0.830641]
       - orientation : [0.707107 , 0.707107 , -5.90582e-08 , 3.78429e-08]
  RingCirclePositionError : 0
  position_error : 0.186119
  orientation_error : 1.5708
  found_in_gazebo : 1

 ErrorResults 
  stamp : 2025-11-28T21:55:01Z
  target_type : sphere
  model_name : sphere
  pose : 
       - position : [-0.29568 , 3.83024 , 0.830923]
       - orientation : [0.707107 , 0.707107 , -3.94184e-08 , 2.5256e-08]
  RingCirclePositionError : 0
  position_error : 0.183047
  orientation_error : 1.5708
  found_in_gazebo : 1

 ErrorResults 
  stamp : 2025-11-28T21:55:01Z
  target_type : sphere
  model_name : sphere
  pose : 
       - position : [-0.29612 , 3.83012 , 0.830733]
       - orientation : [0.707107 , 0.707107 , -5.91755e-08 , 3.79165e-08]
  RingCirclePositionError : 0
  position_error : 0.183128
  orientation_error : 1.5708
  found_in_gazebo : 1

 ErrorResults 
  stamp : 2025-11-28T21:55:01Z
  target_type : sphere
  model_name : sphere
  pose : 
       - position : [-0.296562 , 3.82845 , 0.829959]
       - orientation : [0.707107 , 0.707107 , 7.33376e-11 , -7.21364e-11]
  RingCirclePositionError : 0
  position_error : 0.184878
  orientation_error : 1.5708
  found_in_gazebo : 1

 ErrorResults 
  stamp : 2025-11-28T21:55:01Z
  target_type : sphere
  model_name : sphere
  pose : 
       - position : [-0.295193 , 3.82986 , 0.830273]
       - orientation : [0.707107 , 0.707107 , 5.91382e-08 , -3.79213e-08]
  RingCirclePositionError : 0
  position_error : 0.1834
  orientation_error : 1.5708
  found_in_gazebo : 1

 ErrorResults 
  stamp : 2025-11-28T21:55:01Z
  target_type : sphere
  model_name : sphere
  pose : 
       - position : [-0.294779 , 3.82751 , 0.829499]
       - orientation : [0.707107 , 0.707107 , 5.90111e-08 , -3.7835e-08]
  RingCirclePositionError : 0
  position_error : 0.185798
  orientation_error : 1.5708
  found_in_gazebo : 1

 ErrorResults 
  stamp : 2025-11-28T21:55:01Z
  target_type : sphere
  model_name : sphere
  pose : 
       - position : [-0.295215 , 3.829 , 0.829432]
       - orientation : [0.707107 , 0.707107 , -5.90739e-08 , 3.78666e-08]
  RingCirclePositionError : 0
  position_error : 0.184357
  orientation_error : 1.5708
  found_in_gazebo : 1

 ErrorResults 
  stamp : 2025-11-28T21:55:01Z
  target_type : sphere
  model_name : sphere
  pose : 
       - position : [-0.295207 , 3.82915 , 0.829453]
       - orientation : [0.707107 , 0.707107 , -4.54802e-11 , 4.25981e-11]
  RingCirclePositionError : 0
  position_error : 0.184117
  orientation_error : 1.5708
  found_in_gazebo : 1

 ErrorResults 
  stamp : 2025-11-28T21:55:01Z
  target_type : sphere
  model_name : sphere
  pose : 
       - position : [-0.295845 , 3.83026 , 0.828953]
       - orientation : [0.707107 , 0.707107 , -1.98019e-08 , 1.27158e-08]
  RingCirclePositionError : 0
  position_error : 0.183172
  orientation_error : 1.5708
  found_in_gazebo : 1

 ErrorResults 
  stamp : 2025-11-28T21:55:01Z
  target_type : sphere
  model_name : sphere
  pose : 
       - position : [-0.295845 , 3.83026 , 0.828953]
       - orientation : [0.707107 , 0.707107 , -1.98019e-08 , 1.27158e-08]
  RingCirclePositionError : 0
  position_error : 0.183102
  orientation_error : 1.5708
  found_in_gazebo : 1

 ErrorResults 
  stamp : 2025-11-28T21:55:01Z
  target_type : sphere
  model_name : sphere
  pose : 
       - position : [-0.295845 , 3.83026 , 0.828953]
       - orientation : [0.707107 , 0.707107 , -1.98019e-08 , 1.27158e-08]
  RingCirclePositionError : 0
  position_error : 0.183007
  orientation_error : 1.5708
  found_in_gazebo : 1

 ErrorResults 
  stamp : 2025-11-28T21:55:01Z
  target_type : sphere
  model_name : sphere
  pose : 
       - position : [-0.294958 , 3.82817 , 0.828186]
       - orientation : [0.707107 , 0.707107 , 3.94312e-08 , -2.52963e-08]
  RingCirclePositionError : 0
  position_error : 0.185169
  orientation_error : 1.5708
  found_in_gazebo : 1

 ErrorResults 
  stamp : 2025-11-28T21:55:01Z
  target_type : sphere
  model_name : sphere
  pose : 
       - position : [-0.294958 , 3.82817 , 0.828186]
       - orientation : [0.707107 , 0.707107 , 3.94312e-08 , -2.52963e-08]
  RingCirclePositionError : 0
  position_error : 0.185093
  orientation_error : 1.5708
  found_in_gazebo : 1

 ErrorResults 
  stamp : 2025-11-28T21:55:01Z
  target_type : sphere
  model_name : sphere
  pose : 
       - position : [-0.295358 , 3.82801 , 0.828004]
       - orientation : [0.707107 , 0.707107 , -5.91846e-08 , 3.79616e-08]
  RingCirclePositionError : 0
  position_error : 0.185218
  orientation_error : 1.5708
  found_in_gazebo : 1

 ErrorResults 
  stamp : 2025-11-28T21:55:01Z
  target_type : sphere
  model_name : sphere
  pose : 
       - position : [-0.297812 , 3.82854 , 0.827034]
       - orientation : [0.707107 , 0.707107 , -3.35069e-11 , 2.39206e-11]
  RingCirclePositionError : 0
  position_error : 0.184965
  orientation_error : 1.5708
  found_in_gazebo : 1

 ErrorResults 
  stamp : 2025-11-28T21:55:01Z
  target_type : sphere
  model_name : sphere
  pose : 
       - position : [-0.298131 , 3.82856 , 0.826901]
       - orientation : [0.707107 , 0.707107 , -1.99669e-08 , 1.28375e-08]
  RingCirclePositionError : 0
  position_error : 0.184898
  orientation_error : 1.5708
  found_in_gazebo : 1

 ErrorResults 
  stamp : 2025-11-28T21:55:01Z
  target_type : sphere
  model_name : sphere
  pose : 
       - position : [-0.296122 , 3.83415 , 0.828342]
       - orientation : [0.707107 , 0.707107 , -3.96971e-08 , 2.55036e-08]
  RingCirclePositionError : 0
  position_error : 0.179138
  orientation_error : 1.5708
  found_in_gazebo : 1

 ErrorResults 
  stamp : 2025-11-28T21:55:01Z
  target_type : sphere
  model_name : sphere
  pose : 
       - position : [-0.295122 , 3.83305 , 0.828506]
       - orientation : [0.707107 , 0.707107 , 2.0552e-11 , -9.95414e-12]
  RingCirclePositionError : 0
  position_error : 0.180042
  orientation_error : 1.5708
  found_in_gazebo : 1

 ErrorResults 
  stamp : 2025-11-28T21:55:01Z
  target_type : sphere
  model_name : sphere
  pose : 
       - position : [-0.296498 , 3.83127 , 0.827016]
       - orientation : [0.707107 , 0.707107 , -2.90851e-11 , 3.21511e-11]
  RingCirclePositionError : 0
  position_error : 0.182157
  orientation_error : 1.5708
  found_in_gazebo : 1

 ErrorResults 
  stamp : 2025-11-28T21:55:01Z
  target_type : sphere
  model_name : sphere
  pose : 
       - position : [-0.296498 , 3.83127 , 0.827016]
       - orientation : [0.707107 , 0.707107 , -2.90851e-11 , 3.21511e-11]
  RingCirclePositionError : 0
  position_error : 0.182065
  orientation_error : 1.5708
  found_in_gazebo : 1

 ErrorResults 
  stamp : 2025-11-28T21:55:01Z
  target_type : sphere
  model_name : sphere
  pose : 
       - position : [-0.297054 , 3.82973 , 0.826205]
       - orientation : [0.707107 , 0.707107 , 1.18584e-11 , -1.91833e-11]
  RingCirclePositionError : 0
  position_error : 0.183718
  orientation_error : 1.5708
  found_in_gazebo : 1

 ErrorResults 
  stamp : 2025-11-28T21:55:01Z
  target_type : sphere
  model_name : sphere
  pose : 
       - position : [-0.296235 , 3.83016 , 0.826483]
       - orientation : [0.707107 , 0.707107 , -2.35738e-11 , 1.91687e-11]
  RingCirclePositionError : 0
  position_error : 0.183128
  orientation_error : 1.5708
  found_in_gazebo : 1

 ErrorResults 
  stamp : 2025-11-28T21:55:01Z
  target_type : sphere
  model_name : sphere
  pose : 
       - position : [-0.295054 , 3.83138 , 0.826943]
       - orientation : [0.707107 , 0.707107 , 3.95132e-08 , -2.53759e-08]
  RingCirclePositionError : 0
  position_error : 0.18179
  orientation_error : 1.5708
  found_in_gazebo : 1

 ErrorResults 
  stamp : 2025-11-28T21:55:01Z
  target_type : sphere
  model_name : sphere
  pose : 
       - position : [-0.294825 , 3.82964 , 0.82636]
       - orientation : [0.707107 , 0.707107 , -3.95216e-08 , 2.5386e-08]
  RingCirclePositionError : 0
  position_error : 0.183544
  orientation_error : 1.5708
  found_in_gazebo : 1

 ErrorResults 
  stamp : 2025-11-28T21:55:01Z
  target_type : sphere
  model_name : sphere
  pose : 
       - position : [-0.294825 , 3.82964 , 0.82636]
       - orientation : [0.707107 , 0.707107 , -3.95216e-08 , 2.5386e-08]
  RingCirclePositionError : 0
  position_error : 0.183468
  orientation_error : 1.5708
  found_in_gazebo : 1

 ErrorResults 
  stamp : 2025-11-28T21:55:01Z
  target_type : sphere
  model_name : sphere
  pose : 
       - position : [-0.295064 , 3.83021 , 0.825937]
       - orientation : [0.707107 , 0.707107 , -5.817e-11 , 4.69002e-11]
  RingCirclePositionError : 0
  position_error : 0.183008
  orientation_error : 1.5708
  found_in_gazebo : 1

 ErrorResults 
  stamp : 2025-11-28T21:55:01Z
  target_type : sphere
  model_name : sphere
  pose : 
       - position : [-0.295133 , 3.8286 , 0.825233]
       - orientation : [0.707107 , 0.707107 , 3.95158e-08 , -2.53807e-08]
  RingCirclePositionError : 0
  position_error : 0.184666
  orientation_error : 1.5708
  found_in_gazebo : 1

 ErrorResults 
  stamp : 2025-11-28T21:55:01Z
  target_type : sphere
  model_name : sphere
  pose : 
       - position : [-0.293711 , 3.82861 , 0.825847]
       - orientation : [0.707107 , 0.707107 , -4.64244e-11 , 4.63004e-11]
  RingCirclePositionError : 0
  position_error : 0.1844
  orientation_error : 1.5708
  found_in_gazebo : 1

 ErrorResults 
  stamp : 2025-11-28T21:55:01Z
  target_type : sphere
  model_name : sphere
  pose : 
       - position : [-0.296314 , 3.83099 , 0.824976]
       - orientation : [0.707107 , 0.707107 , 3.97414e-08 , -2.55465e-08]
  RingCirclePositionError : 0
  position_error : 0.182365
  orientation_error : 1.5708
  found_in_gazebo : 1

 ErrorResults 
  stamp : 2025-11-28T21:55:01Z
  target_type : sphere
  model_name : sphere
  pose : 
       - position : [-0.295597 , 3.82948 , 0.824578]
       - orientation : [0.707107 , 0.707107 , -3.9625e-08 , 2.54709e-08]
  RingCirclePositionError : 0
  position_error : 0.183843
  orientation_error : 1.5708
  found_in_gazebo : 1

 ErrorResults 
  stamp : 2025-11-28T21:55:01Z
  target_type : sphere
  model_name : sphere
  pose : 
       - position : [-0.295597 , 3.82948 , 0.824578]
       - orientation : [0.707107 , 0.707107 , -3.9625e-08 , 2.54709e-08]
  RingCirclePositionError : 0
  position_error : 0.183767
  orientation_error : 1.5708
  found_in_gazebo : 1

 ErrorResults 
  stamp : 2025-11-28T21:55:01Z
  target_type : sphere
  model_name : sphere
  pose : 
       - position : [-0.295765 , 3.82937 , 0.824502]
       - orientation : [0.707107 , 0.707107 , -2.61532e-11 , 2.44291e-11]
  RingCirclePositionError : 0
  position_error : 0.18381
  orientation_error : 1.5708
  found_in_gazebo : 1

 ErrorResults 
  stamp : 2025-11-28T21:55:01Z
  target_type : sphere
  model_name : sphere
  pose : 
       - position : [-0.295765 , 3.82937 , 0.824502]
       - orientation : [0.707107 , 0.707107 , -2.61532e-11 , 2.44291e-11]
  RingCirclePositionError : 0
  position_error : 0.183737
  orientation_error : 1.5708
  found_in_gazebo : 1

 ErrorResults 
  stamp : 2025-11-28T21:55:02Z
  target_type : sphere
  model_name : sphere
  pose : 
       - position : [-0.29568 , 3.83024 , 0.824009]
       - orientation : [0.707107 , 0.707107 , -3.97371e-08 , 2.55707e-08]
  RingCirclePositionError : 0
  position_error : 0.18302
  orientation_error : 1.5708
  found_in_gazebo : 1

 ErrorResults 
  stamp : 2025-11-28T21:55:02Z
  target_type : sphere
  model_name : sphere
  pose : 
       - position : [-0.29568 , 3.83024 , 0.824009]
       - orientation : [0.707107 , 0.707107 , -3.97371e-08 , 2.55707e-08]
  RingCirclePositionError : 0
  position_error : 0.182939
  orientation_error : 1.5708
  found_in_gazebo : 1

 ErrorResults 
  stamp : 2025-11-28T21:55:02Z
  target_type : sphere
  model_name : sphere
  pose : 
       - position : [-0.29612 , 3.83012 , 0.82382]
       - orientation : [0.707107 , 0.707107 , -8.11736e-08 , 5.2435e-08]
  RingCirclePositionError : 0
  position_error : 0.183042
  orientation_error : 1.5708
  found_in_gazebo : 1

 ErrorResults 
  stamp : 2025-11-28T21:55:02Z
  target_type : sphere
  model_name : sphere
  pose : 
       - position : [-0.297763 , 3.83096 , 0.82325]
       - orientation : [0.707107 , 0.707107 , 1.12398e-11 , -6.99219e-12]
  RingCirclePositionError : 0
  position_error : 0.182354
  orientation_error : 1.5708
  found_in_gazebo : 1

 ErrorResults 
  stamp : 2025-11-28T21:55:02Z
  target_type : sphere
  model_name : sphere
  pose : 
       - position : [-0.29624 , 3.83032 , 0.823317]
       - orientation : [0.707107 , 0.707107 , 3.71364e-11 , -3.41924e-11]
  RingCirclePositionError : 0
  position_error : 0.182859
  orientation_error : 1.5708
  found_in_gazebo : 1

 ErrorResults 
  stamp : 2025-11-28T21:55:02Z
  target_type : sphere
  model_name : sphere
  pose : 
       - position : [-0.296518 , 3.82992 , 0.822524]
       - orientation : [0.707107 , 0.707107 , -8.13743e-08 , 5.26007e-08]
  RingCirclePositionError : 0
  position_error : 0.183439
  orientation_error : 1.5708
  found_in_gazebo : 1

 ErrorResults 
  stamp : 2025-11-28T21:55:02Z
  target_type : sphere
  model_name : sphere
  pose : 
       - position : [-0.294849 , 3.8293 , 0.822746]
       - orientation : [0.707107 , 0.707107 , 2.22514e-11 , -1.98238e-11]
  RingCirclePositionError : 0
  position_error : 0.183893
  orientation_error : 1.5708
  found_in_gazebo : 1

 ErrorResults 
  stamp : 2025-11-28T21:55:02Z
  target_type : sphere
  model_name : sphere
  pose : 
       - position : [-0.294862 , 3.83234 , 0.822976]
       - orientation : [0.707107 , 0.707107 , -1.5236e-11 , 1.54712e-11]
  RingCirclePositionError : 0
  position_error : 0.18091
  orientation_error : 1.5708
  found_in_gazebo : 1

 ErrorResults 
  stamp : 2025-11-28T21:55:02Z
  target_type : sphere
  model_name : sphere
  pose : 
       - position : [-0.294862 , 3.83234 , 0.822976]
       - orientation : [0.707107 , 0.707107 , -1.5236e-11 , 1.54712e-11]
  RingCirclePositionError : 0
  position_error : 0.180826
  orientation_error : 1.5708
  found_in_gazebo : 1

 ErrorResults 
  stamp : 2025-11-28T21:55:02Z
  target_type : sphere
  model_name : sphere
  pose : 
       - position : [-0.295845 , 3.83026 , 0.82204]
       - orientation : [0.707107 , 0.707107 , -4.93244e-11 , 4.70478e-11]
  RingCirclePositionError : 0
  position_error : 0.182998
  orientation_error : 1.5708
  found_in_gazebo : 1

 ErrorResults 
  stamp : 2025-11-28T21:55:02Z
  target_type : sphere
  model_name : sphere
  pose : 
       - position : [-0.295884 , 3.83118 , 0.82212]
       - orientation : [0.707107 , 0.707107 , 8.13094e-08 , -5.25782e-08]
  RingCirclePositionError : 0
  position_error : 0.182032
  orientation_error : 1.5708
  found_in_gazebo : 1

 ErrorResults 
  stamp : 2025-11-28T21:55:02Z
  target_type : sphere
  model_name : sphere
  pose : 
       - position : [-0.295884 , 3.83118 , 0.82212]
       - orientation : [0.707107 , 0.707107 , 8.13094e-08 , -5.25782e-08]
  RingCirclePositionError : 0
  position_error : 0.181948
  orientation_error : 1.5708
  found_in_gazebo : 1

 ErrorResults 
  stamp : 2025-11-28T21:55:02Z
  target_type : sphere
  model_name : sphere
  pose : 
       - position : [-0.297812 , 3.82854 , 0.820123]
       - orientation : [0.707107 , 0.707107 , -2.2018e-11 , 1.8192e-11]
  RingCirclePositionError : 0
  position_error : 0.185024
  orientation_error : 1.5708
  found_in_gazebo : 1

 ErrorResults 
  stamp : 2025-11-28T21:55:02Z
  target_type : sphere
  model_name : sphere
  pose : 
       - position : [-0.298131 , 3.82856 , 0.81999]
       - orientation : [0.707107 , 0.707107 , -5.50852e-11 , 5.47395e-11]
  RingCirclePositionError : 0
  position_error : 0.184972
  orientation_error : 1.5708
  found_in_gazebo : 1

 ErrorResults 
  stamp : 2025-11-28T21:55:02Z
  target_type : sphere
  model_name : sphere
  pose : 
       - position : [-0.295524 , 3.83183 , 0.821426]
       - orientation : [0.707107 , 0.707107 , 8.13106e-08 , -5.2603e-08]
  RingCirclePositionError : 0
  position_error : 0.181356
  orientation_error : 1.5708
  found_in_gazebo : 1

 ErrorResults 
  stamp : 2025-11-28T21:55:02Z
  target_type : sphere
  model_name : sphere
  pose : 
       - position : [-0.296453 , 3.83437 , 0.821306]
       - orientation : [0.707107 , 0.707107 , 8.16395e-08 , -5.28349e-08]
  RingCirclePositionError : 0
  position_error : 0.178933
  orientation_error : 1.5708
  found_in_gazebo : 1

 ErrorResults 
  stamp : 2025-11-28T21:55:02Z
  target_type : sphere
  model_name : sphere
  pose : 
       - position : [-0.295824 , 3.83443 , 0.821575]
       - orientation : [0.707107 , 0.707107 , -5.75186e-12 , 2.58869e-12]
  RingCirclePositionError : 0
  position_error : 0.178733
  orientation_error : 1.5708
  found_in_gazebo : 1

 ErrorResults 
  stamp : 2025-11-28T21:55:02Z
  target_type : sphere
  model_name : sphere
  pose : 
       - position : [-0.295685 , 3.83343 , 0.821245]
       - orientation : [0.707107 , 0.707107 , 9.92662e-12 , -1.71031e-13]
  RingCirclePositionError : 0
  position_error : 0.1797
  orientation_error : 1.5708
  found_in_gazebo : 1

 ErrorResults 
  stamp : 2025-11-28T21:55:02Z
  target_type : sphere
  model_name : sphere
  pose : 
       - position : [-0.296717 , 3.83232 , 0.820418]
       - orientation : [0.707107 , 0.707107 , 8.17015e-08 , -5.28881e-08]
  RingCirclePositionError : 0
  position_error : 0.180923
  orientation_error : 1.5708
  found_in_gazebo : 1

 ErrorResults 
  stamp : 2025-11-28T21:55:02Z
  target_type : sphere
  model_name : sphere
  pose : 
       - position : [-0.295258 , 3.83217 , 0.820604]
       - orientation : [0.707107 , 0.707107 , 3.12212e-11 , -2.22048e-11]
  RingCirclePositionError : 0
  position_error : 0.180949
  orientation_error : 1.5708
  found_in_gazebo : 1

 ErrorResults 
  stamp : 2025-11-28T21:55:02Z
  target_type : sphere
  model_name : sphere
  pose : 
       - position : [-0.295258 , 3.83217 , 0.820604]
       - orientation : [0.707107 , 0.707107 , 3.12212e-11 , -2.22048e-11]
  RingCirclePositionError : 0
  position_error : 0.180872
  orientation_error : 1.5708
  found_in_gazebo : 1

 ErrorResults 
  stamp : 2025-11-28T21:55:02Z
  target_type : sphere
  model_name : sphere
  pose : 
       - position : [-0.295054 , 3.83138 , 0.820027]
       - orientation : [0.707107 , 0.707107 , 3.98137e-08 , -2.56636e-08]
  RingCirclePositionError : 0
  position_error : 0.181742
  orientation_error : 1.5708
  found_in_gazebo : 1

 ErrorResults 
  stamp : 2025-11-28T21:55:02Z
  target_type : sphere
  model_name : sphere
  pose : 
       - position : [-0.295054 , 3.83138 , 0.820027]
       - orientation : [0.707107 , 0.707107 , 3.98137e-08 , -2.56636e-08]
  RingCirclePositionError : 0
  position_error : 0.181665
  orientation_error : 1.5708
  found_in_gazebo : 1

 ErrorResults 
  stamp : 2025-11-28T21:55:02Z
  target_type : sphere
  model_name : sphere
  pose : 
       - position : [-0.294825 , 3.82964 , 0.819447]
       - orientation : [0.707107 , 0.707107 , -3.97987e-08 , 2.56619e-08]
  RingCirclePositionError : 0
  position_error : 0.183408
  orientation_error : 1.5708
  found_in_gazebo : 1

 ErrorResults 
  stamp : 2025-11-28T21:55:02Z
  target_type : sphere
  model_name : sphere
  pose : 
       - position : [-0.29553 , 3.83152 , 0.819291]
       - orientation : [0.707107 , 0.707107 , -1.49352e-11 , 1.01538e-11]
  RingCirclePositionError : 0
  position_error : 0.181631
  orientation_error : 1.5708
  found_in_gazebo : 1

 ErrorResults 
  stamp : 2025-11-28T21:55:02Z
  target_type : sphere
  model_name : sphere
  pose : 
       - position : [-0.295356 , 3.83024 , 0.818867]
       - orientation : [0.707107 , 0.707107 , 8.14355e-08 , -5.27478e-08]
  RingCirclePositionError : 0
  position_error : 0.182901
  orientation_error : 1.5708
  found_in_gazebo : 1

 ErrorResults 
  stamp : 2025-11-28T21:55:02Z
  target_type : sphere
  model_name : sphere
  pose : 
       - position : [-0.293973 , 3.83082 , 0.819684]
       - orientation : [0.707107 , 0.707107 , 3.57495e-11 , -3.34687e-11]
  RingCirclePositionError : 0
  position_error : 0.182052
  orientation_error : 1.5708
  found_in_gazebo : 1

 ErrorResults 
  stamp : 2025-11-28T21:55:02Z
  target_type : sphere
  model_name : sphere
  pose : 
       - position : [-0.295825 , 3.8314 , 0.818317]
       - orientation : [0.707107 , 0.707107 , -8.16402e-08 , 5.29034e-08]
  RingCirclePositionError : 0
  position_error : 0.181868
  orientation_error : 1.5708
  found_in_gazebo : 1

 ErrorResults 
  stamp : 2025-11-28T21:55:02Z
  target_type : sphere
  model_name : sphere
  pose : 
       - position : [-0.296314 , 3.83099 , 0.818061]
       - orientation : [0.707107 , 0.707107 , 4.00012e-08 , -2.5796e-08]
  RingCirclePositionError : 0
  position_error : 0.182268
  orientation_error : 1.5708
  found_in_gazebo : 1

 ErrorResults 
  stamp : 2025-11-28T21:55:02Z
  target_type : sphere
  model_name : sphere
  pose : 
       - position : [-0.296314 , 3.83099 , 0.818061]
       - orientation : [0.707107 , 0.707107 , 4.00012e-08 , -2.5796e-08]
  RingCirclePositionError : 0
  position_error : 0.182195
  orientation_error : 1.5708
  found_in_gazebo : 1

 ErrorResults 
  stamp : 2025-11-28T21:55:02Z
  target_type : sphere
  model_name : sphere
  pose : 
       - position : [-0.295597 , 3.82948 , 0.817666]
       - orientation : [0.707107 , 0.707107 , -3.99007e-08 , 2.57339e-08]
  RingCirclePositionError : 0
  position_error : 0.183677
  orientation_error : 1.5708
  found_in_gazebo : 1

 ErrorResults 
  stamp : 2025-11-28T21:55:02Z
  target_type : sphere
  model_name : sphere
  pose : 
       - position : [-0.296998 , 3.83261 , 0.817558]
       - orientation : [0.707107 , 0.707107 , 8.35298e-12 , -2.77083e-12]
  RingCirclePositionError : 0
  position_error : 0.180703
  orientation_error : 1.5708
  found_in_gazebo : 1

 ErrorResults 
  stamp : 2025-11-28T21:55:02Z
  target_type : sphere
  model_name : sphere
  pose : 
       - position : [-0.295885 , 3.83242 , 0.817847]
       - orientation : [0.707107 , 0.707107 , -3.29085e-11 , 2.77656e-11]
  RingCirclePositionError : 0
  position_error : 0.180698
  orientation_error : 1.5708
  found_in_gazebo : 1

 ErrorResults 
  stamp : 2025-11-28T21:55:02Z
  target_type : sphere
  model_name : sphere
  pose : 
       - position : [-0.29681 , 3.83081 , 0.816945]
       - orientation : [0.707107 , 0.707107 , 1.68117e-11 , -1.17132e-11]
  RingCirclePositionError : 0
  position_error : 0.182435
  orientation_error : 1.5708
  found_in_gazebo : 1

 ErrorResults 
  stamp : 2025-11-28T21:55:02Z
  target_type : sphere
  model_name : sphere
  pose : 
       - position : [-0.29568 , 3.83024 , 0.817095]
       - orientation : [0.707107 , 0.707107 , -3.99709e-08 , 2.57941e-08]
  RingCirclePositionError : 0
  position_error : 0.182857
  orientation_error : 1.5708
  found_in_gazebo : 1

 ErrorResults 
  stamp : 2025-11-28T21:55:02Z
  target_type : sphere
  model_name : sphere
  pose : 
       - position : [-0.29622 , 3.83218 , 0.817081]
       - orientation : [0.707107 , 0.707107 , 4.00326e-08 , -2.58287e-08]
  RingCirclePositionError : 0
  position_error : 0.181004
  orientation_error : 1.5708
  found_in_gazebo : 1

 ErrorResults 
  stamp : 2025-11-28T21:55:02Z
  target_type : sphere
  model_name : sphere
  pose : 
       - position : [-0.29622 , 3.83218 , 0.817081]
       - orientation : [0.707107 , 0.707107 , 4.00326e-08 , -2.58287e-08]
  RingCirclePositionError : 0
  position_error : 0.180901
  orientation_error : 1.5708
  found_in_gazebo : 1

 ErrorResults 
  stamp : 2025-11-28T21:55:02Z
  target_type : sphere
  model_name : sphere
  pose : 
       - position : [-0.297878 , 3.8334 , 0.816541]
       - orientation : [0.707107 , 0.707107 , -6.90282e-11 , 6.84527e-11]
  RingCirclePositionError : 0
  position_error : 0.179872
  orientation_error : 1.5708
  found_in_gazebo : 1

 ErrorResults 
  stamp : 2025-11-28T21:55:02Z
  target_type : sphere
  model_name : sphere
  pose : 
       - position : [-0.297579 , 3.83393 , 0.816613]
       - orientation : [0.707107 , 0.707107 , -6.16483e-11 , 5.80302e-11]
  RingCirclePositionError : 0
  position_error : 0.17929
  orientation_error : 1.5708
  found_in_gazebo : 1

 ErrorResults 
  stamp : 2025-11-28T21:55:02Z
  target_type : sphere
  model_name : sphere
  pose : 
       - position : [-0.296046 , 3.8327 , 0.815967]
       - orientation : [0.707107 , 0.707107 , -4.01143e-08 , 2.59089e-08]
  RingCirclePositionError : 0
  position_error : 0.180603
  orientation_error : 1.5708
  found_in_gazebo : 1

 ErrorResults 
  stamp : 2025-11-28T21:55:02Z
  target_type : sphere
  model_name : sphere
  pose : 
       - position : [-0.294977 , 3.83255 , 0.816111]
       - orientation : [0.707107 , 0.707107 , 7.61663e-12 , -9.22123e-12]
  RingCirclePositionError : 0
  position_error : 0.180659
  orientation_error : 1.5708
  found_in_gazebo : 1

 ErrorResults 
  stamp : 2025-11-28T21:55:02Z
  target_type : sphere
  model_name : sphere
  pose : 
       - position : [-0.294862 , 3.83234 , 0.816058]
       - orientation : [0.707107 , 0.707107 , -1.56871e-12 , -4.2409e-12]
  RingCirclePositionError : 0
  position_error : 0.180796
  orientation_error : 1.5708
  found_in_gazebo : 1

 ErrorResults 
  stamp : 2025-11-28T21:55:02Z
  target_type : sphere
  model_name : sphere
  pose : 
       - position : [-0.295331 , 3.8327 , 0.81594]
       - orientation : [0.707107 , 0.707107 , -3.9978e-08 , 2.58081e-08]
  RingCirclePositionError : 0
  position_error : 0.180411
  orientation_error : 1.5708
  found_in_gazebo : 1

 ErrorResults 
  stamp : 2025-11-28T21:55:02Z
  target_type : sphere
  model_name : sphere
  pose : 
       - position : [-0.296577 , 3.83166 , 0.815172]
       - orientation : [0.707107 , 0.707107 , -4.02108e-08 , 2.59975e-08]
  RingCirclePositionError : 0
  position_error : 0.181553
  orientation_error : 1.5708
  found_in_gazebo : 1

 ErrorResults 
  stamp : 2025-11-28T21:55:02Z
  target_type : sphere
  model_name : sphere
  pose : 
       - position : [-0.295884 , 3.83118 , 0.815204]
       - orientation : [0.707107 , 0.707107 , 8.19225e-08 , -5.31754e-08]
  RingCirclePositionError : 0
  position_error : 0.181922
  orientation_error : 1.5708
  found_in_gazebo : 1

 ErrorResults 
  stamp : 2025-11-28T21:55:02Z
  target_type : sphere
  model_name : sphere
  pose : 
       - position : [-0.295902 , 3.8316 , 0.81524]
       - orientation : [0.707107 , 0.707107 , 8.19402e-08 , -5.31885e-08]
  RingCirclePositionError : 0
  position_error : 0.181428
  orientation_error : 1.5708
  found_in_gazebo : 1

 ErrorResults 
  stamp : 2025-11-28T21:55:03Z
  target_type : sphere
  model_name : sphere
  pose : 
       - position : [-0.298131 , 3.82856 , 0.813079]
       - orientation : [0.707107 , 0.707107 , 1.36022e-12 , -5.61954e-12]
  RingCirclePositionError : 0
  position_error : 0.184947
  orientation_error : 1.5708
  found_in_gazebo : 1

 ErrorResults 
  stamp : 2025-11-28T21:55:03Z
  target_type : sphere
  model_name : sphere
  pose : 
       - position : [-0.294268 , 3.83232 , 0.814904]
       - orientation : [0.707107 , 0.707107 , -4.76836e-11 , 4.23226e-11]
  RingCirclePositionError : 0
  position_error : 0.180791
  orientation_error : 1.5708
  found_in_gazebo : 1

 ErrorResults 
  stamp : 2025-11-28T21:55:03Z
  target_type : sphere
  model_name : sphere
  pose : 
       - position : [-0.296453 , 3.83437 , 0.814385]
       - orientation : [0.707107 , 0.707107 , 8.22557e-08 , -5.34354e-08]
  RingCirclePositionError : 0
  position_error : 0.178963
  orientation_error : 1.5708
  found_in_gazebo : 1

 ErrorResults 
  stamp : 2025-11-28T21:55:03Z
  target_type : sphere
  model_name : sphere
  pose : 
       - position : [-0.296453 , 3.83437 , 0.814385]
       - orientation : [0.707107 , 0.707107 , 8.22557e-08 , -5.34354e-08]
  RingCirclePositionError : 0
  position_error : 0.178878
  orientation_error : 1.5708
  found_in_gazebo : 1

 ErrorResults 
  stamp : 2025-11-28T21:55:03Z
  target_type : sphere
  model_name : sphere
  pose : 
       - position : [-0.295824 , 3.83443 , 0.814653]
       - orientation : [0.707107 , 0.707107 , 6.07858e-12 , -3.43408e-12]
  RingCirclePositionError : 0
  position_error : 0.178645
  orientation_error : 1.5708
  found_in_gazebo : 1

 ErrorResults 
  stamp : 2025-11-28T21:55:03Z
  target_type : sphere
  model_name : sphere
  pose : 
       - position : [-0.295638 , 3.83444 , 0.814732]
       - orientation : [0.707107 , 0.707107 , -8.20332e-08 , 5.32812e-08]
  RingCirclePositionError : 0
  position_error : 0.178524
  orientation_error : 1.5708
  found_in_gazebo : 1

 ErrorResults 
  stamp : 2025-11-28T21:55:03Z
  target_type : sphere
  model_name : sphere
  pose : 
       - position : [-0.295189 , 3.83529 , 0.814863]
       - orientation : [0.707107 , 0.707107 , -4.41036e-11 , 4.43504e-11]
  RingCirclePositionError : 0
  position_error : 0.177621
  orientation_error : 1.5708
  found_in_gazebo : 1

 ErrorResults 
  stamp : 2025-11-28T21:55:03Z
  target_type : sphere
  model_name : sphere
  pose : 
       - position : [-0.29605 , 3.83367 , 0.813715]
       - orientation : [0.707107 , 0.707107 , 2.94632e-11 , -2.82014e-11]
  RingCirclePositionError : 0
  position_error : 0.179434
  orientation_error : 1.5708
  found_in_gazebo : 1

 ErrorResults 
  stamp : 2025-11-28T21:55:03Z
  target_type : sphere
  model_name : sphere
  pose : 
       - position : [-0.295317 , 3.83341 , 0.813791]
       - orientation : [0.707107 , 0.707107 , -8.19998e-08 , 5.32805e-08]
  RingCirclePositionError : 0
  position_error : 0.179584
  orientation_error : 1.5708
  found_in_gazebo : 1

 ErrorResults 
  stamp : 2025-11-28T21:55:03Z
  target_type : sphere
  model_name : sphere
  pose : 
       - position : [-0.298011 , 3.83193 , 0.81232]
       - orientation : [0.707107 , 0.707107 , 3.75366e-11 , -3.69947e-11]
  RingCirclePositionError : 0
  position_error : 0.181369
  orientation_error : 1.5708
  found_in_gazebo : 1

 ErrorResults 
  stamp : 2025-11-28T21:55:03Z
  target_type : sphere
  model_name : sphere
  pose : 
       - position : [-0.296385 , 3.83407 , 0.812998]
       - orientation : [0.707107 , 0.707107 , -4.03363e-08 , 2.61176e-08]
  RingCirclePositionError : 0
  position_error : 0.179083
  orientation_error : 1.5708
  found_in_gazebo : 1

 ErrorResults 
  stamp : 2025-11-28T21:55:03Z
  target_type : sphere
  model_name : sphere
  pose : 
       - position : [-0.298774 , 3.83437 , 0.812106]
       - orientation : [0.707107 , 0.707107 , 4.05969e-08 , -2.62747e-08]
  RingCirclePositionError : 0
  position_error : 0.179038
  orientation_error : 1.5708
  found_in_gazebo : 1

 ErrorResults 
  stamp : 2025-11-28T21:55:03Z
  target_type : sphere
  model_name : sphere
  pose : 
       - position : [-0.29553 , 3.83152 , 0.812375]
       - orientation : [0.707107 , 0.707107 , -4.53036e-11 , 4.41623e-11]
  RingCirclePositionError : 0
  position_error : 0.181528
  orientation_error : 1.5708
  found_in_gazebo : 1

 ErrorResults 
  stamp : 2025-11-28T21:55:03Z
  target_type : sphere
  model_name : sphere
  pose : 
       - position : [-0.295581 , 3.83428 , 0.812637]
       - orientation : [0.707107 , 0.707107 , 8.22002e-08 , -5.34498e-08]
  RingCirclePositionError : 0
  position_error : 0.178805
  orientation_error : 1.5708
  found_in_gazebo : 1

 ErrorResults 
  stamp : 2025-11-28T21:55:03Z
  target_type : sphere
  model_name : sphere
  pose : 
       - position : [-0.294049 , 3.83301 , 0.812958]
       - orientation : [0.707107 , 0.707107 , -2.621e-11 , 3.24778e-11]
  RingCirclePositionError : 0
  position_error : 0.179822
  orientation_error : 1.5708
  found_in_gazebo : 1

 ErrorResults 
  stamp : 2025-11-28T21:55:03Z
  target_type : sphere
  model_name : sphere
  pose : 
       - position : [-0.294049 , 3.83301 , 0.812958]
       - orientation : [0.707107 , 0.707107 , -2.621e-11 , 3.24778e-11]
  RingCirclePositionError : 0
  position_error : 0.179742
  orientation_error : 1.5708
  found_in_gazebo : 1

 ErrorResults 
  stamp : 2025-11-28T21:55:03Z
  target_type : sphere
  model_name : sphere
  pose : 
       - position : [-0.296314 , 3.83099 , 0.811146]
       - orientation : [0.707107 , 0.707107 , 4.03497e-08 , -2.61427e-08]
  RingCirclePositionError : 0
  position_error : 0.182142
  orientation_error : 1.5708
  found_in_gazebo : 1

 ErrorResults 
  stamp : 2025-11-28T21:55:03Z
  target_type : sphere
  model_name : sphere
  pose : 
       - position : [-0.296314 , 3.83099 , 0.811146]
       - orientation : [0.707107 , 0.707107 , 4.03497e-08 , -2.61427e-08]
  RingCirclePositionError : 0
  position_error : 0.182058
  orientation_error : 1.5708
  found_in_gazebo : 1

 ErrorResults 
  stamp : 2025-11-28T21:55:03Z
  target_type : sphere
  model_name : sphere
  pose : 
       - position : [-0.296998 , 3.83261 , 0.81064]
       - orientation : [0.707107 , 0.707107 , 2.20887e-11 , -2.26306e-11]
  RingCirclePositionError : 0
  position_error : 0.180655
  orientation_error : 1.5708
  found_in_gazebo : 1

 ErrorResults 
  stamp : 2025-11-28T21:55:03Z
  target_type : sphere
  model_name : sphere
  pose : 
       - position : [-0.296998 , 3.83261 , 0.81064]
       - orientation : [0.707107 , 0.707107 , 2.20887e-11 , -2.26306e-11]
  RingCirclePositionError : 0
  position_error : 0.18056
  orientation_error : 1.5708
  found_in_gazebo : 1

 ErrorResults 
  stamp : 2025-11-28T21:55:03Z
  target_type : sphere
  model_name : sphere
  pose : 
       - position : [-0.296998 , 3.83261 , 0.81064]
       - orientation : [0.707107 , 0.707107 , 2.20887e-11 , -2.26306e-11]
  RingCirclePositionError : 0
  position_error : 0.180494
  orientation_error : 1.5708
  found_in_gazebo : 1

 ErrorResults 
  stamp : 2025-11-28T21:55:03Z
  target_type : sphere
  model_name : sphere
  pose : 
       - position : [-0.297305 , 3.83263 , 0.810109]
       - orientation : [0.707107 , 0.707107 , 4.05122e-08 , -2.62562e-08]
  RingCirclePositionError : 0
  position_error : 0.180585
  orientation_error : 1.5708
  found_in_gazebo : 1

 ErrorResults 
  stamp : 2025-11-28T21:55:03Z
  target_type : sphere
  model_name : sphere
  pose : 
       - position : [-0.295774 , 3.83252 , 0.810376]
       - orientation : [0.707107 , 0.707107 , -7.70837e-11 , 7.14805e-11]
  RingCirclePositionError : 0
  position_error : 0.180523
  orientation_error : 1.5708
  found_in_gazebo : 1

 ErrorResults 
  stamp : 2025-11-28T21:55:03Z
  target_type : sphere
  model_name : sphere
  pose : 
       - position : [-0.296319 , 3.83425 , 0.810334]
       - orientation : [0.707107 , 0.707107 , 4.04152e-08 , -2.61941e-08]
  RingCirclePositionError : 0
  position_error : 0.178868
  orientation_error : 1.5708
  found_in_gazebo : 1

 ErrorResults 
  stamp : 2025-11-28T21:55:03Z
  target_type : sphere
  model_name : sphere
  pose : 
       - position : [-0.297335 , 3.83466 , 0.809969]
       - orientation : [0.707107 , 0.707107 , 1.68694e-11 , -9.20928e-12]
  RingCirclePositionError : 0
  position_error : 0.178529
  orientation_error : 1.5708
  found_in_gazebo : 1

 ErrorResults 
  stamp : 2025-11-28T21:55:03Z
  target_type : sphere
  model_name : sphere
  pose : 
       - position : [-0.297994 , 3.83588 , 0.809827]
       - orientation : [0.707107 , 0.707107 , 4.06963e-08 , -2.63975e-08]
  RingCirclePositionError : 0
  position_error : 0.177368
  orientation_error : 1.5708
  found_in_gazebo : 1

 ErrorResults 
  stamp : 2025-11-28T21:55:03Z
  target_type : sphere
  model_name : sphere
  pose : 
       - position : [-0.29547 , 3.83272 , 0.809162]
       - orientation : [0.707107 , 0.707107 , -8.64988e-12 , 5.07689e-13]
  RingCirclePositionError : 0
  position_error : 0.180515
  orientation_error : 1.5708
  found_in_gazebo : 1

 ErrorResults 
  stamp : 2025-11-28T21:55:03Z
  target_type : sphere
  model_name : sphere
  pose : 
       - position : [-0.29547 , 3.83272 , 0.809162]
       - orientation : [0.707107 , 0.707107 , -8.64988e-12 , 5.07689e-13]
  RingCirclePositionError : 0
  position_error : 0.180431
  orientation_error : 1.5708
  found_in_gazebo : 1

 ErrorResults 
  stamp : 2025-11-28T21:55:03Z
  target_type : sphere
  model_name : sphere
  pose : 
       - position : [-0.295331 , 3.8327 , 0.809022]
       - orientation : [0.707107 , 0.707107 , -4.03012e-08 , 2.61295e-08]
  RingCirclePositionError : 0
  position_error : 0.180411
  orientation_error : 1.5708
  found_in_gazebo : 1

 ErrorResults 
  stamp : 2025-11-28T21:55:03Z
  target_type : sphere
  model_name : sphere
  pose : 
       - position : [-0.295331 , 3.8327 , 0.809022]
       - orientation : [0.707107 , 0.707107 , -4.03012e-08 , 2.61295e-08]
  RingCirclePositionError : 0
  position_error : 0.180334
  orientation_error : 1.5708
  found_in_gazebo : 1

 ErrorResults 
  stamp : 2025-11-28T21:55:03Z
  target_type : sphere
  model_name : sphere
  pose : 
       - position : [-0.296577 , 3.83166 , 0.808256]
       - orientation : [0.707107 , 0.707107 , -4.04909e-08 , 2.62661e-08]
  RingCirclePositionError : 0
  position_error : 0.18145
  orientation_error : 1.5708
  found_in_gazebo : 1

 ErrorResults 
  stamp : 2025-11-28T21:55:03Z
  target_type : sphere
  model_name : sphere
  pose : 
       - position : [-0.296604 , 3.83238 , 0.808316]
       - orientation : [0.707107 , 0.707107 , 1.40238e-11 , -1.50697e-11]
  RingCirclePositionError : 0
  position_error : 0.180694
  orientation_error : 1.5708
  found_in_gazebo : 1

 ErrorResults 
  stamp : 2025-11-28T21:55:03Z
  target_type : sphere
  model_name : sphere
  pose : 
       - position : [-0.295902 , 3.8316 , 0.808324]
       - orientation : [0.707107 , 0.707107 , 8.25584e-08 , -5.37927e-08]
  RingCirclePositionError : 0
  position_error : 0.181344
  orientation_error : 1.5708
  found_in_gazebo : 1

 ErrorResults 
  stamp : 2025-11-28T21:55:03Z
  target_type : sphere
  model_name : sphere
  pose : 
       - position : [-0.296877 , 3.83749 , 0.808487]
       - orientation : [0.707107 , 0.707107 , 8.30097e-08 , -5.41186e-08]
  RingCirclePositionError : 0
  position_error : 0.175732
  orientation_error : 1.5708
  found_in_gazebo : 1

 ErrorResults 
  stamp : 2025-11-28T21:55:03Z
  target_type : sphere
  model_name : sphere
  pose : 
       - position : [-0.296453 , 3.83437 , 0.807464]
       - orientation : [0.707107 , 0.707107 , 8.28768e-08 , -5.40427e-08]
  RingCirclePositionError : 0
  position_error : 0.178927
  orientation_error : 1.5708
  found_in_gazebo : 1

 ErrorResults 
  stamp : 2025-11-28T21:55:03Z
  target_type : sphere
  model_name : sphere
  pose : 
       - position : [-0.295824 , 3.83443 , 0.807732]
       - orientation : [0.707107 , 0.707107 , 1.94082e-11 , -2.28875e-11]
  RingCirclePositionError : 0
  position_error : 0.178698
  orientation_error : 1.5708
  found_in_gazebo : 1

 ErrorResults 
  stamp : 2025-11-28T21:55:03Z
  target_type : sphere
  model_name : sphere
  pose : 
       - position : [-0.295824 , 3.83443 , 0.807732]
       - orientation : [0.707107 , 0.707107 , 1.94082e-11 , -2.28875e-11]
  RingCirclePositionError : 0
  position_error : 0.17861
  orientation_error : 1.5708
  found_in_gazebo : 1

 ErrorResults 
  stamp : 2025-11-28T21:55:03Z
  target_type : sphere
  model_name : sphere
  pose : 
       - position : [-0.295688 , 3.83559 , 0.807906]
       - orientation : [0.707107 , 0.707107 , -8.27012e-08 , 5.39227e-08]
  RingCirclePositionError : 0
  position_error : 0.177371
  orientation_error : 1.5708
  found_in_gazebo : 1

 ErrorResults 
  stamp : 2025-11-28T21:55:03Z
  target_type : sphere
  model_name : sphere
  pose : 
       - position : [-0.295688 , 3.83559 , 0.807906]
       - orientation : [0.707107 , 0.707107 , -8.27012e-08 , 5.39227e-08]
  RingCirclePositionError : 0
  position_error : 0.177291
  orientation_error : 1.5708
  found_in_gazebo : 1

 ErrorResults 
  stamp : 2025-11-28T21:55:03Z
  target_type : sphere
  model_name : sphere
  pose : 
       - position : [-0.297268 , 3.83408 , 0.806664]
       - orientation : [0.707107 , 0.707107 , 2.95487e-11 , -3.17234e-11]
  RingCirclePositionError : 0
  position_error : 0.179051
  orientation_error : 1.5708
  found_in_gazebo : 1

 ErrorResults 
  stamp : 2025-11-28T21:55:03Z
  target_type : sphere
  model_name : sphere
  pose : 
       - position : [-0.296763 , 3.83391 , 0.806719]
       - orientation : [0.707107 , 0.707107 , 8.30002e-08 , -5.41424e-08]
  RingCirclePositionError : 0
  position_error : 0.1791
  orientation_error : 1.5708
  found_in_gazebo : 1

 ErrorResults 
  stamp : 2025-11-28T21:55:03Z
  target_type : sphere
  model_name : sphere
  pose : 
       - position : [-0.296546 , 3.83346 , 0.806469]
       - orientation : [0.707107 , 0.707107 , -4.05893e-08 , 2.63553e-08]
  RingCirclePositionError : 0
  position_error : 0.179535
  orientation_error : 1.5708
  found_in_gazebo : 1

 ErrorResults 
  stamp : 2025-11-28T21:55:03Z
  target_type : sphere
  model_name : sphere
  pose : 
       - position : [-0.298082 , 3.83487 , 0.805667]
       - orientation : [0.707107 , 0.707107 , -5.43846e-11 , 5.53878e-11]
  RingCirclePositionError : 0
  position_error : 0.17842
  orientation_error : 1.5708
  found_in_gazebo : 1

 ErrorResults 
  stamp : 2025-11-28T21:55:03Z
  target_type : sphere
  model_name : sphere
  pose : 
       - position : [-0.298082 , 3.83487 , 0.805667]
       - orientation : [0.707107 , 0.707107 , -5.43846e-11 , 5.53878e-11]
  RingCirclePositionError : 0
  position_error : 0.178349
  orientation_error : 1.5708
  found_in_gazebo : 1

 ErrorResults 
  stamp : 2025-11-28T21:55:04Z
  target_type : sphere
  model_name : sphere
  pose : 
       - position : [-0.297731 , 3.83608 , 0.805761]
       - orientation : [0.707107 , 0.707107 , -2.7122e-11 , 2.4418e-11]
  RingCirclePositionError : 0
  position_error : 0.177101
  orientation_error : 1.5708
  found_in_gazebo : 1

 ErrorResults 
  stamp : 2025-11-28T21:55:04Z
  target_type : sphere
  model_name : sphere
  pose : 
       - position : [-0.297731 , 3.83608 , 0.805761]
       - orientation : [0.707107 , 0.707107 , -2.7122e-11 , 2.4418e-11]
  RingCirclePositionError : 0
  position_error : 0.177031
  orientation_error : 1.5708
  found_in_gazebo : 1

 ErrorResults 
  stamp : 2025-11-28T21:55:04Z
  target_type : sphere
  model_name : sphere
  pose : 
       - position : [-0.295581 , 3.83428 , 0.805716]
       - orientation : [0.707107 , 0.707107 , 8.28214e-08 , -5.40576e-08]
  RingCirclePositionError : 0
  position_error : 0.178678
  orientation_error : 1.5708
  found_in_gazebo : 1

 ErrorResults 
  stamp : 2025-11-28T21:55:04Z
  target_type : sphere
  model_name : sphere
  pose : 
       - position : [-0.295 , 3.83437 , 0.80602]
       - orientation : [0.707107 , 0.707107 , 4.04286e-08 , -2.62565e-08]
  RingCirclePositionError : 0
  position_error : 0.178416
  orientation_error : 1.5708
  found_in_gazebo : 1

 ErrorResults 
  stamp : 2025-11-28T21:55:04Z
  target_type : sphere
  model_name : sphere
  pose : 
       - position : [-0.294162 , 3.83516 , 0.8062]
       - orientation : [0.707107 , 0.707107 , -3.10057e-11 , 2.12677e-11]
  RingCirclePositionError : 0
  position_error : 0.177562
  orientation_error : 1.5708
  found_in_gazebo : 1

 ErrorResults 
  stamp : 2025-11-28T21:55:04Z
  target_type : sphere
  model_name : sphere
  pose : 
       - position : [-0.296473 , 3.83421 , 0.804488]
       - orientation : [0.707107 , 0.707107 , 7.12621e-11 , -6.93491e-11]
  RingCirclePositionError : 0
  position_error : 0.178916
  orientation_error : 1.5708
  found_in_gazebo : 1

 ErrorResults 
  stamp : 2025-11-28T21:55:04Z
  target_type : sphere
  model_name : sphere
  pose : 
       - position : [-0.296473 , 3.83421 , 0.804488]
       - orientation : [0.707107 , 0.707107 , 7.12621e-11 , -6.93491e-11]
  RingCirclePositionError : 0
  position_error : 0.17885
  orientation_error : 1.5708
  found_in_gazebo : 1

 ErrorResults 
  stamp : 2025-11-28T21:55:04Z
  target_type : sphere
  model_name : sphere
  pose : 
       - position : [-0.296998 , 3.83261 , 0.803722]
       - orientation : [0.707107 , 0.707107 , -7.96272e-12 , 1.10846e-11]
  RingCirclePositionError : 0
  position_error : 0.180537
  orientation_error : 1.5708
  found_in_gazebo : 1

 ErrorResults 
  stamp : 2025-11-28T21:55:04Z
  target_type : sphere
  model_name : sphere
  pose : 
       - position : [-0.298244 , 3.83267 , 0.803349]
       - orientation : [0.707107 , 0.707107 , 4.09399e-08 , -2.66369e-08]
  RingCirclePositionError : 0
  position_error : 0.180509
  orientation_error : 1.5708
  found_in_gazebo : 1

 ErrorResults 
  stamp : 2025-11-28T21:55:04Z
  target_type : sphere
  model_name : sphere
  pose : 
       - position : [-0.296123 , 3.83478 , 0.804196]
       - orientation : [0.707107 , 0.707107 , 2.05694e-11 , -2.68046e-11]
  RingCirclePositionError : 0
  position_error : 0.178188
  orientation_error : 1.5708
  found_in_gazebo : 1

 ErrorResults 
  stamp : 2025-11-28T21:55:04Z
  target_type : sphere
  model_name : sphere
  pose : 
       - position : [-0.297377 , 3.83493 , 0.803387]
       - orientation : [0.707107 , 0.707107 , -8.34892e-08 , 5.45667e-08]
  RingCirclePositionError : 0
  position_error : 0.178255
  orientation_error : 1.5708
  found_in_gazebo : 1

 ErrorResults 
  stamp : 2025-11-28T21:55:04Z
  target_type : sphere
  model_name : sphere
  pose : 
       - position : [-0.297377 , 3.83493 , 0.803387]
       - orientation : [0.707107 , 0.707107 , -8.34892e-08 , 5.45667e-08]
  RingCirclePositionError : 0
  position_error : 0.178207
  orientation_error : 1.5708
  found_in_gazebo : 1

 ErrorResults 
  stamp : 2025-11-28T21:55:04Z
  target_type : sphere
  model_name : sphere
  pose : 
       - position : [-0.297636 , 3.83466 , 0.802926]
       - orientation : [0.707107 , 0.707107 , -4.29704e-12 , 4.02539e-12]
  RingCirclePositionError : 0
  position_error : 0.178542
  orientation_error : 1.5708
  found_in_gazebo : 1

 ErrorResults 
  stamp : 2025-11-28T21:55:04Z
  target_type : sphere
  model_name : sphere
  pose : 
       - position : [-0.296602 , 3.83706 , 0.803581]
       - orientation : [0.707107 , 0.707107 , 4.0775e-08 , -2.65356e-08]
  RingCirclePositionError : 0
  position_error : 0.17603
  orientation_error : 1.5708
  found_in_gazebo : 1

 ErrorResults 
  stamp : 2025-11-28T21:55:04Z
  target_type : sphere
  model_name : sphere
  pose : 
       - position : [-0.297994 , 3.83588 , 0.802903]
       - orientation : [0.707107 , 0.707107 , 4.09636e-08 , -2.66566e-08]
  RingCirclePositionError : 0
  position_error : 0.177284
  orientation_error : 1.5708
  found_in_gazebo : 1

 ErrorResults 
  stamp : 2025-11-28T21:55:04Z
  target_type : sphere
  model_name : sphere
  pose : 
       - position : [-0.297994 , 3.83588 , 0.802903]
       - orientation : [0.707107 , 0.707107 , 4.09636e-08 , -2.66566e-08]
  RingCirclePositionError : 0
  position_error : 0.177207
  orientation_error : 1.5708
  found_in_gazebo : 1

 ErrorResults 
  stamp : 2025-11-28T21:55:04Z
  target_type : sphere
  model_name : sphere
  pose : 
       - position : [-0.299168 , 3.83478 , 0.801704]
       - orientation : [0.707107 , 0.707107 , 8.40673e-08 , -5.49942e-08]
  RingCirclePositionError : 0
  position_error : 0.178581
  orientation_error : 1.5708
  found_in_gazebo : 1

 ErrorResults 
  stamp : 2025-11-28T21:55:04Z
  target_type : sphere
  model_name : sphere
  pose : 
       - position : [-0.299168 , 3.83478 , 0.801704]
       - orientation : [0.707107 , 0.707107 , 8.40673e-08 , -5.49942e-08]
  RingCirclePositionError : 0
  position_error : 0.1785
  orientation_error : 1.5708
  found_in_gazebo : 1

 ErrorResults 
  stamp : 2025-11-28T21:55:04Z
  target_type : sphere
  model_name : sphere
  pose : 
       - position : [-0.296627 , 3.83382 , 0.80212]
       - orientation : [0.707107 , 0.707107 , -1.71709e-11 , 2.32255e-11]
  RingCirclePositionError : 0
  position_error : 0.179176
  orientation_error : 1.5708
  found_in_gazebo : 1

 ErrorResults 
  stamp : 2025-11-28T21:55:04Z
  target_type : sphere
  model_name : sphere
  pose : 
       - position : [-0.296604 , 3.83238 , 0.801398]
       - orientation : [0.707107 , 0.707107 , -1.58734e-11 , 1.85199e-11]
  RingCirclePositionError : 0
  position_error : 0.180701
  orientation_error : 1.5708
  found_in_gazebo : 1

 ErrorResults 
  stamp : 2025-11-28T21:55:04Z
  target_type : sphere
  model_name : sphere
  pose : 
       - position : [-0.296604 , 3.83238 , 0.801398]
       - orientation : [0.707107 , 0.707107 , -1.58734e-11 , 1.85199e-11]
  RingCirclePositionError : 0
  position_error : 0.180621
  orientation_error : 1.5708
  found_in_gazebo : 1

 ErrorResults 
  stamp : 2025-11-28T21:55:04Z
  target_type : sphere
  model_name : sphere
  pose : 
       - position : [-0.296977 , 3.83822 , 0.8018]
       - orientation : [0.707107 , 0.707107 , -4.09319e-08 , 2.66721e-08]
  RingCirclePositionError : 0
  position_error : 0.174962
  orientation_error : 1.5708
  found_in_gazebo : 1

 ErrorResults 
  stamp : 2025-11-28T21:55:04Z
  target_type : sphere
  model_name : sphere
  pose : 
       - position : [-0.296877 , 3.83749 , 0.80156]
       - orientation : [0.707107 , 0.707107 , 8.36369e-08 , -5.47338e-08]
  RingCirclePositionError : 0
  position_error : 0.175664
  orientation_error : 1.5708
  found_in_gazebo : 1

 ErrorResults 
  stamp : 2025-11-28T21:55:04Z
  target_type : sphere
  model_name : sphere
  pose : 
       - position : [-0.296269 , 3.83763 , 0.80185]
       - orientation : [0.707107 , 0.707107 , 4.08541e-08 , -2.66078e-08]
  RingCirclePositionError : 0
  position_error : 0.175348
  orientation_error : 1.5708
  found_in_gazebo : 1

 ErrorResults 
  stamp : 2025-11-28T21:55:04Z
  target_type : sphere
  model_name : sphere
  pose : 
       - position : [-0.295824 , 3.83443 , 0.800811]
       - orientation : [0.707107 , 0.707107 , -1.05425e-11 , 1.07339e-11]
  RingCirclePositionError : 0
  position_error : 0.178618
  orientation_error : 1.5708
  found_in_gazebo : 1

 ErrorResults 
  stamp : 2025-11-28T21:55:04Z
  target_type : sphere
  model_name : sphere
  pose : 
       - position : [-0.295688 , 3.83559 , 0.800983]
       - orientation : [0.707107 , 0.707107 , -8.33264e-08 , 5.45359e-08]
  RingCirclePositionError : 0
  position_error : 0.177381
  orientation_error : 1.5708
  found_in_gazebo : 1

 ErrorResults 
  stamp : 2025-11-28T21:55:04Z
  target_type : sphere
  model_name : sphere
  pose : 
       - position : [-0.295688 , 3.83559 , 0.800983]
       - orientation : [0.707107 , 0.707107 , -8.33264e-08 , 5.45359e-08]
  RingCirclePositionError : 0
  position_error : 0.177304
  orientation_error : 1.5708
  found_in_gazebo : 1

 ErrorResults 
  stamp : 2025-11-28T21:55:04Z
  target_type : sphere
  model_name : sphere
  pose : 
       - position : [-0.295742 , 3.83683 , 0.801084]
       - orientation : [0.707107 , 0.707107 , -5.96384e-12 , 2.59677e-13]
  RingCirclePositionError : 0
  position_error : 0.176024
  orientation_error : 1.5708
  found_in_gazebo : 1

 ErrorResults 
  stamp : 2025-11-28T21:55:04Z
  target_type : sphere
  model_name : sphere
  pose : 
       - position : [-0.295742 , 3.83683 , 0.801084]
       - orientation : [0.707107 , 0.707107 , -5.96384e-12 , 2.59677e-13]
  RingCirclePositionError : 0
  position_error : 0.175958
  orientation_error : 1.5708
  found_in_gazebo : 1

 ErrorResults 
  stamp : 2025-11-28T21:55:04Z
  target_type : sphere
  model_name : sphere
  pose : 
       - position : [-0.297286 , 3.83482 , 0.799806]
       - orientation : [0.707107 , 0.707107 , 8.37888e-08 , -5.4869e-08]
  RingCirclePositionError : 0
  position_error : 0.178183
  orientation_error : 1.5708
  found_in_gazebo : 1

 ErrorResults 
  stamp : 2025-11-28T21:55:04Z
  target_type : sphere
  model_name : sphere
  pose : 
       - position : [-0.296851 , 3.83692 , 0.800051]
       - orientation : [0.707107 , 0.707107 , -1.25143e-11 , 7.33605e-12]
  RingCirclePositionError : 0
  position_error : 0.176061
  orientation_error : 1.5708
  found_in_gazebo : 1

 ErrorResults 
  stamp : 2025-11-28T21:55:04Z
  target_type : sphere
  model_name : sphere
  pose : 
       - position : [-0.296599 , 3.83591 , 0.799768]
       - orientation : [0.707107 , 0.707107 , 8.36696e-08 , -5.47988e-08]
  RingCirclePositionError : 0
  position_error : 0.177028
  orientation_error : 1.5708
  found_in_gazebo : 1

 ErrorResults 
  stamp : 2025-11-28T21:55:04Z
  target_type : sphere
  model_name : sphere
  pose : 
       - position : [-0.296478 , 3.8369 , 0.799399]
       - orientation : [0.707107 , 0.707107 , -4.09865e-08 , 2.67354e-08]
  RingCirclePositionError : 0
  position_error : 0.176164
  orientation_error : 1.5708
  found_in_gazebo : 1

 ErrorResults 
  stamp : 2025-11-28T21:55:04Z
  target_type : sphere
  model_name : sphere
  pose : 
       - position : [-0.296478 , 3.8369 , 0.799399]
       - orientation : [0.707107 , 0.707107 , -4.09865e-08 , 2.67354e-08]
  RingCirclePositionError : 0
  position_error : 0.176079
  orientation_error : 1.5708
  found_in_gazebo : 1

 ErrorResults 
  stamp : 2025-11-28T21:55:04Z
  target_type : sphere
  model_name : sphere
  pose : 
       - position : [-0.297731 , 3.83608 , 0.798837]
       - orientation : [0.707107 , 0.707107 , -5.69587e-11 , 5.7981e-11]
  RingCirclePositionError : 0
  position_error : 0.17694
  orientation_error : 1.5708
  found_in_gazebo : 1

 ErrorResults 
  stamp : 2025-11-28T21:55:04Z
  target_type : sphere
  model_name : sphere
  pose : 
       - position : [-0.297731 , 3.83608 , 0.798837]
       - orientation : [0.707107 , 0.707107 , -5.69587e-11 , 5.7981e-11]
  RingCirclePositionError : 0
  position_error : 0.176859
  orientation_error : 1.5708
  found_in_gazebo : 1

 ErrorResults 
  stamp : 2025-11-28T21:55:04Z
  target_type : sphere
  model_name : sphere
  pose : 
       - position : [-0.295039 , 3.83544 , 0.799188]
       - orientation : [0.707107 , 0.707107 , -4.07347e-08 , 2.65585e-08]
  RingCirclePositionError : 0
  position_error : 0.177288
  orientation_error : 1.5708
  found_in_gazebo : 1

 ErrorResults 
  stamp : 2025-11-28T21:55:04Z
  target_type : sphere
  model_name : sphere
  pose : 
       - position : [-0.294276 , 3.83733 , 0.799436]
       - orientation : [0.707107 , 0.707107 , 8.31937e-08 , -5.45059e-08]
  RingCirclePositionError : 0
  position_error : 0.175372
  orientation_error : 1.5708
  found_in_gazebo : 1

 ErrorResults 
  stamp : 2025-11-28T21:55:04Z
  target_type : sphere
  model_name : sphere
  pose : 
       - position : [-0.296792 , 3.83455 , 0.79759]
       - orientation : [0.707107 , 0.707107 , -4.10712e-08 , 2.68146e-08]
  RingCirclePositionError : 0
  position_error : 0.178501
  orientation_error : 1.5708
  found_in_gazebo : 1

 ErrorResults 
  stamp : 2025-11-28T21:55:04Z
  target_type : sphere
  model_name : sphere
  pose : 
       - position : [-0.296473 , 3.83421 , 0.797567]
       - orientation : [0.707107 , 0.707107 , 4.14352e-11 , -3.58413e-11]
  RingCirclePositionError : 0
  position_error : 0.178752
  orientation_error : 1.5708
  found_in_gazebo : 1

 ErrorResults 
  stamp : 2025-11-28T21:55:04Z
  target_type : sphere
  model_name : sphere
  pose : 
       - position : [-0.296875 , 3.83605 , 0.797575]
       - orientation : [0.707107 , 0.707107 , 3.99936e-11 , -4.08812e-11]
  RingCirclePositionError : 0
  position_error : 0.176959
  orientation_error : 1.5708
  found_in_gazebo : 1

 ErrorResults 
  stamp : 2025-11-28T21:55:04Z
  target_type : sphere
  model_name : sphere
  pose : 
       - position : [-0.295346 , 3.83507 , 0.797534]
       - orientation : [0.707107 , 0.707107 , 4.84003e-11 , -4.67331e-11]
  RingCirclePositionError : 0
  position_error : 0.177831
  orientation_error : 1.5708
  found_in_gazebo : 1

 ErrorResults 
  stamp : 2025-11-28T21:55:04Z
  target_type : sphere
  model_name : sphere
  pose : 
       - position : [-0.296234 , 3.83678 , 0.797431]
       - orientation : [0.707107 , 0.707107 , 5.96305e-11 , -5.73864e-11]
  RingCirclePositionError : 0
  position_error : 0.176186
  orientation_error : 1.5708
  found_in_gazebo : 1

 ErrorResults 
  stamp : 2025-11-28T21:55:04Z
  target_type : sphere
  model_name : sphere
  pose : 
       - position : [-0.299043 , 3.83706 , 0.796349]
       - orientation : [0.707107 , 0.707107 , 8.46189e-08 , -5.55312e-08]
  RingCirclePositionError : 0
  position_error : 0.176204
  orientation_error : 1.5708
  found_in_gazebo : 1

 ErrorResults 
  stamp : 2025-11-28T21:55:04Z
  target_type : sphere
  model_name : sphere
  pose : 
       - position : [-0.297459 , 3.8376 , 0.796689]
       - orientation : [0.707107 , 0.707107 , -8.42263e-08 , 5.52666e-08]
  RingCirclePositionError : 0
  position_error : 0.175512
  orientation_error : 1.5708
  found_in_gazebo : 1

 ErrorResults 
  stamp : 2025-11-28T21:55:04Z
  target_type : sphere
  model_name : sphere
  pose : 
       - position : [-0.297459 , 3.8376 , 0.796689]
       - orientation : [0.707107 , 0.707107 , -8.42263e-08 , 5.52666e-08]
  RingCirclePositionError : 0
  position_error : 0.175445
  orientation_error : 1.5708
  found_in_gazebo : 1

 ErrorResults 
  stamp : 2025-11-28T21:55:05Z
  target_type : sphere
  model_name : sphere
  pose : 
       - position : [-0.29646 , 3.83718 , 0.796724]
       - orientation : [0.707107 , 0.707107 , -8.3964e-08 , 5.50908e-08]
  RingCirclePositionError : 0
  position_error : 0.175781
  orientation_error : 1.5708
  found_in_gazebo : 1

 ErrorResults 
  stamp : 2025-11-28T21:55:05Z
  target_type : sphere
  model_name : sphere
  pose : 
       - position : [-0.297994 , 3.83588 , 0.795979]
       - orientation : [0.707107 , 0.707107 , 4.13185e-08 , -2.7012e-08]
  RingCirclePositionError : 0
  position_error : 0.17719
  orientation_error : 1.5708
  found_in_gazebo : 1

 ErrorResults 
  stamp : 2025-11-28T21:55:05Z
  target_type : sphere
  model_name : sphere
  pose : 
       - position : [-0.29807 , 3.83748 , 0.796106]
       - orientation : [0.707107 , 0.707107 , -4.48962e-11 , 3.72966e-11]
  RingCirclePositionError : 0
  position_error : 0.175573
  orientation_error : 1.5708
  found_in_gazebo : 1

 ErrorResults 
  stamp : 2025-11-28T21:55:05Z
  target_type : sphere
  model_name : sphere
  pose : 
       - position : [-0.299539 , 3.83491 , 0.79472]
       - orientation : [0.707107 , 0.707107 , -8.48015e-08 , 5.56868e-08]
  RingCirclePositionError : 0
  position_error : 0.178378
  orientation_error : 1.5708
  found_in_gazebo : 1

 ErrorResults 
  stamp : 2025-11-28T21:55:05Z
  target_type : sphere
  model_name : sphere
  pose : 
       - position : [-0.298612 , 3.83604 , 0.795007]
       - orientation : [0.707107 , 0.707107 , 6.92012e-11 , -6.82984e-11]
  RingCirclePositionError : 0
  position_error : 0.177152
  orientation_error : 1.5708
  found_in_gazebo : 1

 ErrorResults 
  stamp : 2025-11-28T21:55:05Z
  target_type : sphere
  model_name : sphere
  pose : 
       - position : [-0.298952 , 3.83632 , 0.794964]
       - orientation : [0.707107 , 0.707107 , 4.57049e-11 , -4.41948e-11]
  RingCirclePositionError : 0
  position_error : 0.176832
  orientation_error : 1.5708
  found_in_gazebo : 1

 ErrorResults 
  stamp : 2025-11-28T21:55:05Z
  target_type : sphere
  model_name : sphere
  pose : 
       - position : [-0.296977 , 3.83822 , 0.794871]
       - orientation : [0.707107 , 0.707107 , -4.11763e-08 , 2.69091e-08]
  RingCirclePositionError : 0
  position_error : 0.175044
  orientation_error : 1.5708
  found_in_gazebo : 1

 ErrorResults 
  stamp : 2025-11-28T21:55:05Z
  target_type : sphere
  model_name : sphere
  pose : 
       - position : [-0.296977 , 3.83822 , 0.794871]
       - orientation : [0.707107 , 0.707107 , -4.11763e-08 , 2.69091e-08]
  RingCirclePositionError : 0
  position_error : 0.174958
  orientation_error : 1.5708
  found_in_gazebo : 1

 ErrorResults 
  stamp : 2025-11-28T21:55:05Z
  target_type : sphere
  model_name : sphere
  pose : 
       - position : [-0.296977 , 3.83822 , 0.794871]
       - orientation : [0.707107 , 0.707107 , -4.11763e-08 , 2.69091e-08]
  RingCirclePositionError : 0
  position_error : 0.174858
  orientation_error : 1.5708
  found_in_gazebo : 1

 ErrorResults 
  stamp : 2025-11-28T21:55:05Z
  target_type : sphere
  model_name : sphere
  pose : 
       - position : [-0.296831 , 3.8383 , 0.794956]
       - orientation : [0.707107 , 0.707107 , -1.22385e-11 , 9.57909e-12]
  RingCirclePositionError : 0
  position_error : 0.174685
  orientation_error : 1.5708
  found_in_gazebo : 1

 ErrorResults 
  stamp : 2025-11-28T21:55:05Z
  target_type : sphere
  model_name : sphere
  pose : 
       - position : [-0.296269 , 3.83763 , 0.794923]
       - orientation : [0.707107 , 0.707107 , 4.11662e-08 , -2.69227e-08]
  RingCirclePositionError : 0
  position_error : 0.175234
  orientation_error : 1.5708
  found_in_gazebo : 1

 ErrorResults 
  stamp : 2025-11-28T21:55:05Z
  target_type : sphere
  model_name : sphere
  pose : 
       - position : [-0.299142 , 3.8369 , 0.793539]
       - orientation : [0.707107 , 0.707107 , -4.15282e-08 , 2.71706e-08]
  RingCirclePositionError : 0
  position_error : 0.176306
  orientation_error : 1.5708
  found_in_gazebo : 1

 ErrorResults 
  stamp : 2025-11-28T21:55:05Z
  target_type : sphere
  model_name : sphere
  pose : 
       - position : [-0.295742 , 3.83683 , 0.794158]
       - orientation : [0.707107 , 0.707107 , -3.55808e-11 , 3.35748e-11]
  RingCirclePositionError : 0
  position_error : 0.176118
  orientation_error : 1.5708
  found_in_gazebo : 1

 ErrorResults 
  stamp : 2025-11-28T21:55:05Z
  target_type : sphere
  model_name : sphere
  pose : 
       - position : [-0.295742 , 3.83683 , 0.794158]
       - orientation : [0.707107 , 0.707107 , -3.55808e-11 , 3.35748e-11]
  RingCirclePositionError : 0
  position_error : 0.176037
  orientation_error : 1.5708
  found_in_gazebo : 1

 ErrorResults 
  stamp : 2025-11-28T21:55:05Z
  target_type : sphere
  model_name : sphere
  pose : 
       - position : [-0.295743 , 3.83685 , 0.79416]
       - orientation : [0.707107 , 0.707107 , -5.18186e-12 , 1.07133e-11]
  RingCirclePositionError : 0
  position_error : 0.175927
  orientation_error : 1.5708
  found_in_gazebo : 1

 ErrorResults 
  stamp : 2025-11-28T21:55:05Z
  target_type : sphere
  model_name : sphere
  pose : 
       - position : [-0.296937 , 3.83898 , 0.79387]
       - orientation : [0.707107 , 0.707107 , -8.44132e-08 , 5.54829e-08]
  RingCirclePositionError : 0
  position_error : 0.173954
  orientation_error : 1.5708
  found_in_gazebo : 1

 ErrorResults 
  stamp : 2025-11-28T21:55:05Z
  target_type : sphere
  model_name : sphere
  pose : 
       - position : [-0.299005 , 3.83898 , 0.792999]
       - orientation : [0.707107 , 0.707107 , 4.15719e-08 , -2.72155e-08]
  RingCirclePositionError : 0
  position_error : 0.174179
  orientation_error : 1.5708
  found_in_gazebo : 1

 ErrorResults 
  stamp : 2025-11-28T21:55:05Z
  target_type : sphere
  model_name : sphere
  pose : 
       - position : [-0.297349 , 3.8374 , 0.793097]
       - orientation : [0.707107 , 0.707107 , -4.1352e-08 , 2.70694e-08]
  RingCirclePositionError : 0
  position_error : 0.175544
  orientation_error : 1.5708
  found_in_gazebo : 1

 ErrorResults 
  stamp : 2025-11-28T21:55:05Z
  target_type : sphere
  model_name : sphere
  pose : 
       - position : [-0.296929 , 3.83962 , 0.793345]
       - orientation : [0.707107 , 0.707107 , 4.13648e-08 , -2.7092e-08]
  RingCirclePositionError : 0
  position_error : 0.173319
  orientation_error : 1.5708
  found_in_gazebo : 1

 ErrorResults 
  stamp : 2025-11-28T21:55:05Z
  target_type : sphere
  model_name : sphere
  pose : 
       - position : [-0.296697 , 3.83874 , 0.793081]
       - orientation : [0.707107 , 0.707107 , 4.13e-08 , -2.70357e-08]
  RingCirclePositionError : 0
  position_error : 0.174173
  orientation_error : 1.5708
  found_in_gazebo : 1

 ErrorResults 
  stamp : 2025-11-28T21:55:05Z
  target_type : sphere
  model_name : sphere
  pose : 
       - position : [-0.296478 , 3.8369 , 0.792473]
       - orientation : [0.707107 , 0.707107 , -4.13159e-08 , 2.70654e-08]
  RingCirclePositionError : 0
  position_error : 0.176045
  orientation_error : 1.5708
  found_in_gazebo : 1

 ErrorResults 
  stamp : 2025-11-28T21:55:05Z
  target_type : sphere
  model_name : sphere
  pose : 
       - position : [-0.297731 , 3.83608 , 0.791912]
       - orientation : [0.707107 , 0.707107 , -4.40368e-11 , 3.8777e-11]
  RingCirclePositionError : 0
  position_error : 0.176913
  orientation_error : 1.5708
  found_in_gazebo : 1

 ErrorResults 
  stamp : 2025-11-28T21:55:05Z
  target_type : sphere
  model_name : sphere
  pose : 
       - position : [-0.297731 , 3.83608 , 0.791912]
       - orientation : [0.707107 , 0.707107 , -4.40368e-11 , 3.8777e-11]
  RingCirclePositionError : 0
  position_error : 0.176858
  orientation_error : 1.5708
  found_in_gazebo : 1

 ErrorResults 
  stamp : 2025-11-28T21:55:05Z
  target_type : sphere
  model_name : sphere
  pose : 
       - position : [-0.29785 , 3.8388 , 0.792129]
       - orientation : [0.707107 , 0.707107 , -8.47877e-08 , 5.57808e-08]
  RingCirclePositionError : 0
  position_error : 0.174163
  orientation_error : 1.5708
  found_in_gazebo : 1

 ErrorResults 
  stamp : 2025-11-28T21:55:05Z
  target_type : sphere
  model_name : sphere
  pose : 
       - position : [-0.297729 , 3.83957 , 0.792215]
       - orientation : [0.707107 , 0.707107 , 3.48135e-11 , -2.5748e-11]
  RingCirclePositionError : 0
  position_error : 0.173336
  orientation_error : 1.5708
  found_in_gazebo : 1

 ErrorResults 
  stamp : 2025-11-28T21:55:05Z
  target_type : sphere
  model_name : sphere
  pose : 
       - position : [-0.295133 , 3.83798 , 0.79247]
       - orientation : [0.707107 , 0.707107 , -8.40619e-08 , 5.5288e-08]
  RingCirclePositionError : 0
  position_error : 0.174681
  orientation_error : 1.5708
  found_in_gazebo : 1

 ErrorResults 
  stamp : 2025-11-28T21:55:05Z
  target_type : sphere
  model_name : sphere
  pose : 
       - position : [-0.295133 , 3.83798 , 0.79247]
       - orientation : [0.707107 , 0.707107 , -8.40619e-08 , 5.5288e-08]
  RingCirclePositionError : 0
  position_error : 0.174605
  orientation_error : 1.5708
  found_in_gazebo : 1

 ErrorResults 
  stamp : 2025-11-28T21:55:05Z
  target_type : sphere
  model_name : sphere
  pose : 
       - position : [-0.296865 , 3.83651 , 0.790818]
       - orientation : [0.707107 , 0.707107 , 1.34465e-11 , -1.82444e-11]
  RingCirclePositionError : 0
  position_error : 0.176465
  orientation_error : 1.5708
  found_in_gazebo : 1

 ErrorResults 
  stamp : 2025-11-28T21:55:05Z
  target_type : sphere
  model_name : sphere
  pose : 
       - position : [-0.296865 , 3.83651 , 0.790818]
       - orientation : [0.707107 , 0.707107 , 1.34465e-11 , -1.82444e-11]
  RingCirclePositionError : 0
  position_error : 0.176413
  orientation_error : 1.5708
  found_in_gazebo : 1

 ErrorResults 
  stamp : 2025-11-28T21:55:05Z
  target_type : sphere
  model_name : sphere
  pose : 
       - position : [-0.296978 , 3.83817 , 0.790812]
       - orientation : [0.707107 , 0.707107 , 4.14597e-08 , -2.71868e-08]
  RingCirclePositionError : 0
  position_error : 0.174787
  orientation_error : 1.5708
  found_in_gazebo : 1

 ErrorResults 
  stamp : 2025-11-28T21:55:05Z
  target_type : sphere
  model_name : sphere
  pose : 
       - position : [-0.29764 , 3.83748 , 0.790146]
       - orientation : [0.707107 , 0.707107 , 4.81381e-11 , -4.55129e-11]
  RingCirclePositionError : 0
  position_error : 0.175586
  orientation_error : 1.5708
  found_in_gazebo : 1

 ErrorResults 
  stamp : 2025-11-28T21:55:05Z
  target_type : sphere
  model_name : sphere
  pose : 
       - position : [-0.296924 , 3.83958 , 0.790559]
       - orientation : [0.707107 , 0.707107 , -3.32067e-11 , 3.09702e-11]
  RingCirclePositionError : 0
  position_error : 0.173418
  orientation_error : 1.5708
  found_in_gazebo : 1

 ErrorResults 
  stamp : 2025-11-28T21:55:05Z
  target_type : sphere
  model_name : sphere
  pose : 
       - position : [-0.297865 , 3.83761 , 0.789688]
       - orientation : [0.707107 , 0.707107 , 4.21547e-11 , -3.58256e-11]
  RingCirclePositionError : 0
  position_error : 0.175487
  orientation_error : 1.5708
  found_in_gazebo : 1

 ErrorResults 
  stamp : 2025-11-28T21:55:05Z
  target_type : sphere
  model_name : sphere
  pose : 
       - position : [-0.297865 , 3.83761 , 0.789688]
       - orientation : [0.707107 , 0.707107 , 4.21547e-11 , -3.58256e-11]
  RingCirclePositionError : 0
  position_error : 0.175428
  orientation_error : 1.5708
  found_in_gazebo : 1

 ErrorResults 
  stamp : 2025-11-28T21:55:05Z
  target_type : sphere
  model_name : sphere
  pose : 
       - position : [-0.296501 , 3.83805 , 0.789864]
       - orientation : [0.707107 , 0.707107 , 8.46379e-08 , -5.57462e-08]
  RingCirclePositionError : 0
  position_error : 0.174891
  orientation_error : 1.5708
  found_in_gazebo : 1

 ErrorResults 
  stamp : 2025-11-28T21:55:05Z
  target_type : sphere
  model_name : sphere
  pose : 
       - position : [-0.29807 , 3.83748 , 0.789179]
       - orientation : [0.707107 , 0.707107 , -3.22779e-11 , 3.07069e-11]
  RingCirclePositionError : 0
  position_error : 0.175554
  orientation_error : 1.5708
  found_in_gazebo : 1

 ErrorResults 
  stamp : 2025-11-28T21:55:05Z
  target_type : sphere
  model_name : sphere
  pose : 
       - position : [-0.29807 , 3.83748 , 0.789179]
       - orientation : [0.707107 , 0.707107 , -3.22779e-11 , 3.07069e-11]
  RingCirclePositionError : 0
  position_error : 0.175491
  orientation_error : 1.5708
  found_in_gazebo : 1

 ErrorResults 
  stamp : 2025-11-28T21:55:05Z
  target_type : sphere
  model_name : sphere
  pose : 
       - position : [-0.298612 , 3.83604 , 0.788083]
       - orientation : [0.707107 , 0.707107 , 3.95203e-11 , -3.48758e-11]
  RingCirclePositionError : 0
  position_error : 0.177143
  orientation_error : 1.5708
  found_in_gazebo : 1

 ErrorResults 
  stamp : 2025-11-28T21:55:05Z
  target_type : sphere
  model_name : sphere
  pose : 
       - position : [-0.298952 , 3.83632 , 0.788039]
       - orientation : [0.707107 , 0.707107 , 1.612e-11 , -1.08414e-11]
  RingCirclePositionError : 0
  position_error : 0.17682
  orientation_error : 1.5708
  found_in_gazebo : 1

 ErrorResults 
  stamp : 2025-11-28T21:55:05Z
  target_type : sphere
  model_name : sphere
  pose : 
       - position : [-0.298357 , 3.84142 , 0.788607]
       - orientation : [0.707107 , 0.707107 , -8.53429e-08 , 5.62702e-08]
  RingCirclePositionError : 0
  position_error : 0.171812
  orientation_error : 1.5708
  found_in_gazebo : 1

 ErrorResults 
  stamp : 2025-11-28T21:55:05Z
  target_type : sphere
  model_name : sphere
  pose : 
       - position : [-0.298357 , 3.84142 , 0.788607]
       - orientation : [0.707107 , 0.707107 , -8.53429e-08 , 5.62702e-08]
  RingCirclePositionError : 0
  position_error : 0.171726
  orientation_error : 1.5708
  found_in_gazebo : 1

 ErrorResults 
  stamp : 2025-11-28T21:55:05Z
  target_type : sphere
  model_name : sphere
  pose : 
       - position : [-0.296977 , 3.83822 , 0.787943]
       - orientation : [0.707107 , 0.707107 , -4.15074e-08 , 2.72417e-08]
  RingCirclePositionError : 0
  position_error : 0.174872
  orientation_error : 1.5708
  found_in_gazebo : 1

 ErrorResults 
  stamp : 2025-11-28T21:55:05Z
  target_type : sphere
  model_name : sphere
  pose : 
       - position : [-0.296831 , 3.8383 , 0.788028]
       - orientation : [0.707107 , 0.707107 , 4.72185e-13 , 2.90566e-12]
  RingCirclePositionError : 0
  position_error : 0.174688
  orientation_error : 1.5708
  found_in_gazebo : 1

 ErrorResults 
  stamp : 2025-11-28T21:55:05Z
  target_type : sphere
  model_name : sphere
  pose : 
       - position : [-0.296831 , 3.8383 , 0.788028]
       - orientation : [0.707107 , 0.707107 , 4.72185e-13 , 2.90566e-12]
  RingCirclePositionError : 0
  position_error : 0.174596
  orientation_error : 1.5708
  found_in_gazebo : 1

 ErrorResults 
  stamp : 2025-11-28T21:55:05Z
  target_type : sphere
  model_name : sphere
  pose : 
       - position : [-0.296865 , 3.83918 , 0.788097]
       - orientation : [0.707107 , 0.707107 , -8.49349e-08 , 5.60026e-08]
  RingCirclePositionError : 0
  position_error : 0.173679
  orientation_error : 1.5708
  found_in_gazebo : 1

 ErrorResults 
  stamp : 2025-11-28T21:55:05Z
  target_type : sphere
  model_name : sphere
  pose : 
       - position : [-0.29916 , 3.83738 , 0.786652]
       - orientation : [0.707107 , 0.707107 , -8.55557e-08 , 5.64451e-08]
  RingCirclePositionError : 0
  position_error : 0.175781
  orientation_error : 1.5708
  found_in_gazebo : 1

 ErrorResults 
  stamp : 2025-11-28T21:55:06Z
  target_type : sphere
  model_name : sphere
  pose : 
       - position : [-0.29916 , 3.83738 , 0.786652]
       - orientation : [0.707107 , 0.707107 , -8.55557e-08 , 5.64451e-08]
  RingCirclePositionError : 0
  position_error : 0.175692
  orientation_error : 1.5708
  found_in_gazebo : 1

 ErrorResults 
  stamp : 2025-11-28T21:55:06Z
  target_type : sphere
  model_name : sphere
  pose : 
       - position : [-0.295743 , 3.83685 , 0.787234]
       - orientation : [0.707107 , 0.707107 , 7.33027e-12 , -8.09748e-12]
  RingCirclePositionError : 0
  position_error : 0.175937
  orientation_error : 1.5708
  found_in_gazebo : 1

 ErrorResults 
  stamp : 2025-11-28T21:55:06Z
  target_type : sphere
  model_name : sphere
  pose : 
       - position : [-0.296937 , 3.83898 , 0.786941]
       - orientation : [0.707107 , 0.707107 , -8.50514e-08 , 5.61136e-08]
  RingCirclePositionError : 0
  position_error : 0.173962
  orientation_error : 1.5708
  found_in_gazebo : 1

 ErrorResults 
  stamp : 2025-11-28T21:55:06Z
  target_type : sphere
  model_name : sphere
  pose : 
       - position : [-0.297972 , 3.83899 , 0.786507]
       - orientation : [0.707107 , 0.707107 , 1.25865e-11 , -7.58639e-12]
  RingCirclePositionError : 0
  position_error : 0.174031
  orientation_error : 1.5708
  found_in_gazebo : 1

 ErrorResults 
  stamp : 2025-11-28T21:55:06Z
  target_type : sphere
  model_name : sphere
  pose : 
       - position : [-0.297972 , 3.83899 , 0.786507]
       - orientation : [0.707107 , 0.707107 , 1.25865e-11 , -7.58639e-12]
  RingCirclePositionError : 0
  position_error : 0.173946
  orientation_error : 1.5708
  found_in_gazebo : 1

 ErrorResults 
  stamp : 2025-11-28T21:55:06Z
  target_type : sphere
  model_name : sphere
  pose : 
       - position : [-0.299057 , 3.84019 , 0.786165]
       - orientation : [0.707107 , 0.707107 , -8.56906e-08 , 5.65667e-08]
  RingCirclePositionError : 0
  position_error : 0.172868
  orientation_error : 1.5708
  found_in_gazebo : 1

 ErrorResults 
  stamp : 2025-11-28T21:55:06Z
  target_type : sphere
  model_name : sphere
  pose : 
       - position : [-0.297406 , 3.83976 , 0.78636]
       - orientation : [0.707107 , 0.707107 , 8.52516e-08 , -5.62683e-08]
  RingCirclePositionError : 0
  position_error : 0.173132
  orientation_error : 1.5708
  found_in_gazebo : 1

 ErrorResults 
  stamp : 2025-11-28T21:55:06Z
  target_type : sphere
  model_name : sphere
  pose : 
       - position : [-0.296478 , 3.8369 , 0.785547]
       - orientation : [0.707107 , 0.707107 , -4.15637e-08 , 2.73072e-08]
  RingCirclePositionError : 0
  position_error : 0.176007
  orientation_error : 1.5708
  found_in_gazebo : 1

 ErrorResults 
  stamp : 2025-11-28T21:55:06Z
  target_type : sphere
  model_name : sphere
  pose : 
       - position : [-0.296478 , 3.8369 , 0.785547]
       - orientation : [0.707107 , 0.707107 , -4.15637e-08 , 2.73072e-08]
  RingCirclePositionError : 0
  position_error : 0.175927
  orientation_error : 1.5708
  found_in_gazebo : 1

 ErrorResults 
  stamp : 2025-11-28T21:55:06Z
  target_type : sphere
  model_name : sphere
  pose : 
       - position : [-0.294387 , 3.83742 , 0.786186]
       - orientation : [0.707107 , 0.707107 , -4.9697e-11 , 4.43775e-11]
  RingCirclePositionError : 0
  position_error : 0.175181
  orientation_error : 1.5708
  found_in_gazebo : 1

 ErrorResults 
  stamp : 2025-11-28T21:55:06Z
  target_type : sphere
  model_name : sphere
  pose : 
       - position : [-0.297729 , 3.83957 , 0.785284]
       - orientation : [0.707107 , 0.707107 , 8.94328e-11 , -8.44216e-11]
  RingCirclePositionError : 0
  position_error : 0.17337
  orientation_error : 1.5708
  found_in_gazebo : 1

 ErrorResults 
  stamp : 2025-11-28T21:55:06Z
  target_type : sphere
  model_name : sphere
  pose : 
       - position : [-0.297729 , 3.83957 , 0.785284]
       - orientation : [0.707107 , 0.707107 , 8.94328e-11 , -8.44216e-11]
  RingCirclePositionError : 0
  position_error : 0.173281
  orientation_error : 1.5708
  found_in_gazebo : 1

 ErrorResults 
  stamp : 2025-11-28T21:55:06Z
  target_type : sphere
  model_name : sphere
  pose : 
       - position : [-0.297729 , 3.83957 , 0.785284]
       - orientation : [0.707107 , 0.707107 , 8.94328e-11 , -8.44216e-11]
  RingCirclePositionError : 0
  position_error : 0.173196
  orientation_error : 1.5708
  found_in_gazebo : 1

 ErrorResults 
  stamp : 2025-11-28T21:55:06Z
  target_type : sphere
  model_name : sphere
  pose : 
       - position : [-0.295385 , 3.84074 , 0.785684]
       - orientation : [0.707107 , 0.707107 , -4.14835e-08 , 2.72635e-08]
  RingCirclePositionError : 0
  position_error : 0.171942
  orientation_error : 1.5708
  found_in_gazebo : 1

 ErrorResults 
  stamp : 2025-11-28T21:55:06Z
  target_type : sphere
  model_name : sphere
  pose : 
       - position : [-0.298237 , 3.83727 , 0.783887]
       - orientation : [0.707107 , 0.707107 , -8.55827e-08 , 5.65471e-08]
  RingCirclePositionError : 0
  position_error : 0.1757
  orientation_error : 1.5708
  found_in_gazebo : 1

 ErrorResults 
  stamp : 2025-11-28T21:55:06Z
  target_type : sphere
  model_name : sphere
  pose : 
       - position : [-0.297325 , 3.83893 , 0.784068]
       - orientation : [0.707107 , 0.707107 , -8.54104e-08 , 5.64381e-08]
  RingCirclePositionError : 0
  position_error : 0.174016
  orientation_error : 1.5708
  found_in_gazebo : 1

 ErrorResults 
  stamp : 2025-11-28T21:55:06Z
  target_type : sphere
  model_name : sphere
  pose : 
       - position : [-0.297002 , 3.83866 , 0.783921]
       - orientation : [0.707107 , 0.707107 , 4.17601e-08 , -2.74831e-08]
  RingCirclePositionError : 0
  position_error : 0.174244
  orientation_error : 1.5708
  found_in_gazebo : 1

 ErrorResults 
  stamp : 2025-11-28T21:55:06Z
  target_type : sphere
  model_name : sphere
  pose : 
       - position : [-0.296924 , 3.83958 , 0.783628]
       - orientation : [0.707107 , 0.707107 , -2.11123e-11 , 1.25332e-11]
  RingCirclePositionError : 0
  position_error : 0.173412
  orientation_error : 1.5708
  found_in_gazebo : 1

 ErrorResults 
  stamp : 2025-11-28T21:55:06Z
  target_type : sphere
  model_name : sphere
  pose : 
       - position : [-0.296403 , 3.83981 , 0.783806]
       - orientation : [0.707107 , 0.707107 , 8.52449e-08 , -5.63424e-08]
  RingCirclePositionError : 0
  position_error : 0.17306
  orientation_error : 1.5708
  found_in_gazebo : 1

 ErrorResults 
  stamp : 2025-11-28T21:55:06Z
  target_type : sphere
  model_name : sphere
  pose : 
       - position : [-0.297865 , 3.83761 , 0.782761]
       - orientation : [0.707107 , 0.707107 , 1.32611e-11 , -3.13579e-12]
  RingCirclePositionError : 0
  position_error : 0.175401
  orientation_error : 1.5708
  found_in_gazebo : 1

 ErrorResults 
  stamp : 2025-11-28T21:55:06Z
  target_type : sphere
  model_name : sphere
  pose : 
       - position : [-0.298522 , 3.83933 , 0.782788]
       - orientation : [0.707107 , 0.707107 , -4.19534e-08 , 2.76127e-08]
  RingCirclePositionError : 0
  position_error : 0.173704
  orientation_error : 1.5708
  found_in_gazebo : 1

 ErrorResults 
  stamp : 2025-11-28T21:55:06Z
  target_type : sphere
  model_name : sphere
  pose : 
       - position : [-0.296501 , 3.83805 , 0.782936]
       - orientation : [0.707107 , 0.707107 , 8.52778e-08 , -5.63797e-08]
  RingCirclePositionError : 0
  position_error : 0.174788
  orientation_error : 1.5708
  found_in_gazebo : 1

 ErrorResults 
  stamp : 2025-11-28T21:55:06Z
  target_type : sphere
  model_name : sphere
  pose : 
       - position : [-0.298892 , 3.83866 , 0.782032]
       - orientation : [0.707107 , 0.707107 , -4.20834e-08 , 2.77205e-08]
  RingCirclePositionError : 0
  position_error : 0.174425
  orientation_error : 1.5708
  found_in_gazebo : 1

 ErrorResults 
  stamp : 2025-11-28T21:55:06Z
  target_type : sphere
  model_name : sphere
  pose : 
       - position : [-0.298571 , 3.83863 , 0.782159]
       - orientation : [0.707107 , 0.707107 , -4.20372e-08 , 2.76954e-08]
  RingCirclePositionError : 0
  position_error : 0.174345
  orientation_error : 1.5708
  found_in_gazebo : 1

 ErrorResults 
  stamp : 2025-11-28T21:55:06Z
  target_type : sphere
  model_name : sphere
  pose : 
       - position : [-0.298952 , 3.83632 , 0.781114]
       - orientation : [0.707107 , 0.707107 , 7.04756e-11 , -6.9282e-11]
  RingCirclePositionError : 0
  position_error : 0.176796
  orientation_error : 1.5708
  found_in_gazebo : 1

 ErrorResults 
  stamp : 2025-11-28T21:55:06Z
  target_type : sphere
  model_name : sphere
  pose : 
       - position : [-0.298357 , 3.84142 , 0.781673]
       - orientation : [0.707107 , 0.707107 , -8.59881e-08 , 5.69096e-08]
  RingCirclePositionError : 0
  position_error : 0.17178
  orientation_error : 1.5708
  found_in_gazebo : 1

 ErrorResults 
  stamp : 2025-11-28T21:55:06Z
  target_type : sphere
  model_name : sphere
  pose : 
       - position : [-0.298357 , 3.84142 , 0.781673]
       - orientation : [0.707107 , 0.707107 , -8.59881e-08 , 5.69096e-08]
  RingCirclePositionError : 0
  position_error : 0.17169
  orientation_error : 1.5708
  found_in_gazebo : 1

 ErrorResults 
  stamp : 2025-11-28T21:55:06Z
  target_type : sphere
  model_name : sphere
  pose : 
       - position : [-0.298357 , 3.84142 , 0.781673]
       - orientation : [0.707107 , 0.707107 , -8.59881e-08 , 5.69096e-08]
  RingCirclePositionError : 0
  position_error : 0.171596
  orientation_error : 1.5708
  found_in_gazebo : 1

 ErrorResults 
  stamp : 2025-11-28T21:55:06Z
  target_type : sphere
  model_name : sphere
  pose : 
       - position : [-0.296831 , 3.8383 , 0.7811]
       - orientation : [0.707107 , 0.707107 , 1.25507e-11 , -1.55269e-11]
  RingCirclePositionError : 0
  position_error : 0.174651
  orientation_error : 1.5708
  found_in_gazebo : 1

 ErrorResults 
  stamp : 2025-11-28T21:55:06Z
  target_type : sphere
  model_name : sphere
  pose : 
       - position : [-0.296865 , 3.83918 , 0.781168]
       - orientation : [0.707107 , 0.707107 , -8.55773e-08 , 5.66392e-08]
  RingCirclePositionError : 0
  position_error : 0.173713
  orientation_error : 1.5708
  found_in_gazebo : 1

 ErrorResults 
  stamp : 2025-11-28T21:55:06Z
  target_type : sphere
  model_name : sphere
  pose : 
       - position : [-0.296865 , 3.83918 , 0.781168]
       - orientation : [0.707107 , 0.707107 , -8.55773e-08 , 5.66392e-08]
  RingCirclePositionError : 0
  position_error : 0.173639
  orientation_error : 1.5708
  found_in_gazebo : 1

 ErrorResults 
  stamp : 2025-11-28T21:55:06Z
  target_type : sphere
  model_name : sphere
  pose : 
       - position : [-0.296905 , 3.84024 , 0.781248]
       - orientation : [0.707107 , 0.707107 , -4.1856e-08 , 2.75736e-08]
  RingCirclePositionError : 0
  position_error : 0.17255
  orientation_error : 1.5708
  found_in_gazebo : 1

 ErrorResults 
  stamp : 2025-11-28T21:55:06Z
  target_type : sphere
  model_name : sphere
  pose : 
       - position : [-0.29916 , 3.83738 , 0.779725]
       - orientation : [0.707107 , 0.707107 , -8.62014e-08 , 5.70857e-08]
  RingCirclePositionError : 0
  position_error : 0.175654
  orientation_error : 1.5708
  found_in_gazebo : 1

 ErrorResults 
  stamp : 2025-11-28T21:55:06Z
  target_type : sphere
  model_name : sphere
  pose : 
       - position : [-0.299209 , 3.83874 , 0.779832]
       - orientation : [0.707107 , 0.707107 , 4.22101e-08 , -2.7837e-08]
  RingCirclePositionError : 0
  position_error : 0.17428
  orientation_error : 1.5708
  found_in_gazebo : 1

 ErrorResults 
  stamp : 2025-11-28T21:55:06Z
  target_type : sphere
  model_name : sphere
  pose : 
       - position : [-0.297972 , 3.83899 , 0.779578]
       - orientation : [0.707107 , 0.707107 , 6.66891e-11 , -6.57741e-11]
  RingCirclePositionError : 0
  position_error : 0.174076
  orientation_error : 1.5708
  found_in_gazebo : 1

 ErrorResults 
  stamp : 2025-11-28T21:55:06Z
  target_type : sphere
  model_name : sphere
  pose : 
       - position : [-0.297972 , 3.83899 , 0.779578]
       - orientation : [0.707107 , 0.707107 , 6.66891e-11 , -6.57741e-11]
  RingCirclePositionError : 0
  position_error : 0.173991
  orientation_error : 1.5708
  found_in_gazebo : 1

 ErrorResults 
  stamp : 2025-11-28T21:55:06Z
  target_type : sphere
  model_name : sphere
  pose : 
       - position : [-0.297972 , 3.83899 , 0.779578]
       - orientation : [0.707107 , 0.707107 , 6.66891e-11 , -6.57741e-11]
  RingCirclePositionError : 0
  position_error : 0.173913
  orientation_error : 1.5708
  found_in_gazebo : 1

 ErrorResults 
  stamp : 2025-11-28T21:55:06Z
  target_type : sphere
  model_name : sphere
  pose : 
       - position : [-0.29706 , 3.84181 , 0.780226]
       - orientation : [0.707107 , 0.707107 , -3.90642e-11 , 3.54552e-11]
  RingCirclePositionError : 0
  position_error : 0.170987
  orientation_error : 1.5708
  found_in_gazebo : 1

 ErrorResults 
  stamp : 2025-11-28T21:55:06Z
  target_type : sphere
  model_name : sphere
  pose : 
       - position : [-0.299057 , 3.84019 , 0.779233]
       - orientation : [0.707107 , 0.707107 , -8.63379e-08 , 5.72091e-08]
  RingCirclePositionError : 0
  position_error : 0.172754
  orientation_error : 1.5708
  found_in_gazebo : 1

 ErrorResults 
  stamp : 2025-11-28T21:55:06Z
  target_type : sphere
  model_name : sphere
  pose : 
       - position : [-0.297406 , 3.83976 , 0.779429]
       - orientation : [0.707107 , 0.707107 , 8.58964e-08 , -5.69079e-08]
  RingCirclePositionError : 0
  position_error : 0.173018
  orientation_error : 1.5708
  found_in_gazebo : 1

 ErrorResults 
  stamp : 2025-11-28T21:55:06Z
  target_type : sphere
  model_name : sphere
  pose : 
       - position : [-0.296478 , 3.8369 , 0.778622]
       - orientation : [0.707107 , 0.707107 , -4.18967e-08 , 2.76432e-08]
  RingCirclePositionError : 0
  position_error : 0.175893
  orientation_error : 1.5708
  found_in_gazebo : 1

 ErrorResults 
  stamp : 2025-11-28T21:55:06Z
  target_type : sphere
  model_name : sphere
  pose : 
       - position : [-0.297787 , 3.84012 , 0.778535]
       - orientation : [0.707107 , 0.707107 , -8.60882e-08 , 5.70648e-08]
  RingCirclePositionError : 0
  position_error : 0.172828
  orientation_error : 1.5708
  found_in_gazebo : 1

 ErrorResults 
  stamp : 2025-11-28T21:55:06Z
  target_type : sphere
  model_name : sphere
  pose : 
       - position : [-0.297729 , 3.83957 , 0.778353]
       - orientation : [0.707107 , 0.707107 , 6.04086e-11 , -5.15961e-11]
  RingCirclePositionError : 0
  position_error : 0.17333
  orientation_error : 1.5708
  found_in_gazebo : 1

 ErrorResults 
  stamp : 2025-11-28T21:55:06Z
  target_type : sphere
  model_name : sphere
  pose : 
       - position : [-0.297729 , 3.83957 , 0.778353]
       - orientation : [0.707107 , 0.707107 , 6.04086e-11 , -5.15961e-11]
  RingCirclePositionError : 0
  position_error : 0.173245
  orientation_error : 1.5708
  found_in_gazebo : 1

 ErrorResults 
  stamp : 2025-11-28T21:55:06Z
  target_type : sphere
  model_name : sphere
  pose : 
       - position : [-0.297965 , 3.84142 , 0.77847]
       - orientation : [0.707107 , 0.707107 , -4.21155e-08 , 2.77946e-08]
  RingCirclePositionError : 0
  position_error : 0.171391
  orientation_error : 1.5708
  found_in_gazebo : 1

 ErrorResults 
  stamp : 2025-11-28T21:55:07Z
  target_type : sphere
  model_name : sphere
  pose : 
       - position : [-0.297965 , 3.84142 , 0.77847]
       - orientation : [0.707107 , 0.707107 , -4.21155e-08 , 2.77946e-08]
  RingCirclePositionError : 0
  position_error : 0.171328
  orientation_error : 1.5708
  found_in_gazebo : 1

 ErrorResults 
  stamp : 2025-11-28T21:55:07Z
  target_type : sphere
  model_name : sphere
  pose : 
       - position : [-0.296778 , 3.84118 , 0.778084]
       - orientation : [0.707107 , 0.707107 , -8.5925e-08 , 5.69772e-08]
  RingCirclePositionError : 0
  position_error : 0.171624
  orientation_error : 1.5708
  found_in_gazebo : 1

 ErrorResults 
  stamp : 2025-11-28T21:55:07Z
  target_type : sphere
  model_name : sphere
  pose : 
       - position : [-0.298324 , 3.83967 , 0.777147]
       - orientation : [0.707107 , 0.707107 , -4.22358e-08 , 2.79035e-08]
  RingCirclePositionError : 0
  position_error : 0.173297
  orientation_error : 1.5708
  found_in_gazebo : 1

 ErrorResults 
  stamp : 2025-11-28T21:55:07Z
  target_type : sphere
  model_name : sphere
  pose : 
       - position : [-0.298172 , 3.84062 , 0.777251]
       - orientation : [0.707107 , 0.707107 , -7.79649e-12 , 1.09078e-11]
  RingCirclePositionError : 0
  position_error : 0.172318
  orientation_error : 1.5708
  found_in_gazebo : 1

 ErrorResults 
  stamp : 2025-11-28T21:55:07Z
  target_type : sphere
  model_name : sphere
  pose : 
       - position : [-0.297684 , 3.84135 , 0.777174]
       - orientation : [0.707107 , 0.707107 , -8.6241e-08 , 5.72162e-08]
  RingCirclePositionError : 0
  position_error : 0.171593
  orientation_error : 1.5708
  found_in_gazebo : 1

 ErrorResults 
  stamp : 2025-11-28T21:55:07Z
  target_type : sphere
  model_name : sphere
  pose : 
       - position : [-0.295806 , 3.84007 , 0.777077]
       - orientation : [0.707107 , 0.707107 , 3.11695e-11 , -3.24173e-11]
  RingCirclePositionError : 0
  position_error : 0.172776
  orientation_error : 1.5708
  found_in_gazebo : 1

 ErrorResults 
  stamp : 2025-11-28T21:55:07Z
  target_type : sphere
  model_name : sphere
  pose : 
       - position : [-0.296403 , 3.83981 , 0.776875]
       - orientation : [0.707107 , 0.707107 , 8.58899e-08 , -5.69829e-08]
  RingCirclePositionError : 0
  position_error : 0.17299
  orientation_error : 1.5708
  found_in_gazebo : 1

 ErrorResults 
  stamp : 2025-11-28T21:55:07Z
  target_type : sphere
  model_name : sphere
  pose : 
       - position : [-0.298094 , 3.84055 , 0.77643]
       - orientation : [0.707107 , 0.707107 , -4.15019e-11 , 4.06888e-11]
  RingCirclePositionError : 0
  position_error : 0.172369
  orientation_error : 1.5708
  found_in_gazebo : 1

 ErrorResults 
  stamp : 2025-11-28T21:55:07Z
  target_type : sphere
  model_name : sphere
  pose : 
       - position : [-0.298522 , 3.83933 , 0.775858]
       - orientation : [0.707107 , 0.707107 , -4.2289e-08 , 2.79518e-08]
  RingCirclePositionError : 0
  position_error : 0.173626
  orientation_error : 1.5708
  found_in_gazebo : 1

 ErrorResults 
  stamp : 2025-11-28T21:55:07Z
  target_type : sphere
  model_name : sphere
  pose : 
       - position : [-0.298522 , 3.84049 , 0.775955]
       - orientation : [0.707107 , 0.707107 , -6.17864e-11 , 5.46588e-11]
  RingCirclePositionError : 0
  position_error : 0.172427
  orientation_error : 1.5708
  found_in_gazebo : 1

 ErrorResults 
  stamp : 2025-11-28T21:55:07Z
  target_type : sphere
  model_name : sphere
  pose : 
       - position : [-0.299021 , 3.83868 , 0.775052]
       - orientation : [0.707107 , 0.707107 , -5.81776e-11 , 5.50696e-11]
  RingCirclePositionError : 0
  position_error : 0.174365
  orientation_error : 1.5708
  found_in_gazebo : 1

 ErrorResults 
  stamp : 2025-11-28T21:55:07Z
  target_type : sphere
  model_name : sphere
  pose : 
       - position : [-0.299021 , 3.83868 , 0.775052]
       - orientation : [0.707107 , 0.707107 , -5.81776e-11 , 5.50696e-11]
  RingCirclePositionError : 0
  position_error : 0.174261
  orientation_error : 1.5708
  found_in_gazebo : 1

 ErrorResults 
  stamp : 2025-11-28T21:55:07Z
  target_type : sphere
  model_name : sphere
  pose : 
       - position : [-0.298357 , 3.84142 , 0.774739]
       - orientation : [0.707107 , 0.707107 , -8.66382e-08 , 5.7556e-08]
  RingCirclePositionError : 0
  position_error : 0.171779
  orientation_error : 1.5708
  found_in_gazebo : 1

 ErrorResults 
  stamp : 2025-11-28T21:55:07Z
  target_type : sphere
  model_name : sphere
  pose : 
       - position : [-0.298357 , 3.84142 , 0.774739]
       - orientation : [0.707107 , 0.707107 , -8.66382e-08 , 5.7556e-08]
  RingCirclePositionError : 0
  position_error : 0.171696
  orientation_error : 1.5708
  found_in_gazebo : 1

 ErrorResults 
  stamp : 2025-11-28T21:55:07Z
  target_type : sphere
  model_name : sphere
  pose : 
       - position : [-0.298357 , 3.84142 , 0.774739]
       - orientation : [0.707107 , 0.707107 , -8.66382e-08 , 5.7556e-08]
  RingCirclePositionError : 0
  position_error : 0.17161
  orientation_error : 1.5708
  found_in_gazebo : 1

 ErrorResults 
  stamp : 2025-11-28T21:55:07Z
  target_type : sphere
  model_name : sphere
  pose : 
       - position : [-0.298357 , 3.84142 , 0.774739]
       - orientation : [0.707107 , 0.707107 , -8.66382e-08 , 5.7556e-08]
  RingCirclePositionError : 0
  position_error : 0.171531
  orientation_error : 1.5708
  found_in_gazebo : 1

 ErrorResults 
  stamp : 2025-11-28T21:55:07Z
  target_type : sphere
  model_name : sphere
  pose : 
       - position : [-0.298333 , 3.84012 , 0.774149]
       - orientation : [0.707107 , 0.707107 , -8.66341e-08 , 5.75637e-08]
  RingCirclePositionError : 0
  position_error : 0.172872
  orientation_error : 1.5708
  found_in_gazebo : 1

 ErrorResults 
  stamp : 2025-11-28T21:55:07Z
  target_type : sphere
  model_name : sphere
  pose : 
       - position : [-0.296905 , 3.84024 , 0.774316]
       - orientation : [0.707107 , 0.707107 , -4.21494e-08 , 2.7873e-08]
  RingCirclePositionError : 0
  position_error : 0.172629
  orientation_error : 1.5708
  found_in_gazebo : 1

 ErrorResults 
  stamp : 2025-11-28T21:55:07Z
  target_type : sphere
  model_name : sphere
  pose : 
       - position : [-0.296905 , 3.84024 , 0.774316]
       - orientation : [0.707107 , 0.707107 , -4.21494e-08 , 2.7873e-08]
  RingCirclePositionError : 0
  position_error : 0.172536
  orientation_error : 1.5708
  found_in_gazebo : 1

 ErrorResults 
  stamp : 2025-11-28T21:55:07Z
  target_type : sphere
  model_name : sphere
  pose : 
       - position : [-0.296918 , 3.84057 , 0.774341]
       - orientation : [0.707107 , 0.707107 , 6.8462e-11 , -6.69699e-11]
  RingCirclePositionError : 0
  position_error : 0.172128
  orientation_error : 1.5708
  found_in_gazebo : 1

 ErrorResults 
  stamp : 2025-11-28T21:55:07Z
  target_type : sphere
  model_name : sphere
  pose : 
       - position : [-0.297074 , 3.84019 , 0.773481]
       - orientation : [0.707107 , 0.707107 , -8.63891e-08 , 5.74221e-08]
  RingCirclePositionError : 0
  position_error : 0.172728
  orientation_error : 1.5708
  found_in_gazebo : 1

 ErrorResults 
  stamp : 2025-11-28T21:55:07Z
  target_type : sphere
  model_name : sphere
  pose : 
       - position : [-0.299313 , 3.8418 , 0.77314]
       - orientation : [0.707107 , 0.707107 , 8.91115e-11 , -8.39541e-11]
  RingCirclePositionError : 0
  position_error : 0.17126
  orientation_error : 1.5708
  found_in_gazebo : 1

 ErrorResults 
  stamp : 2025-11-28T21:55:07Z
  target_type : sphere
  model_name : sphere
  pose : 
       - position : [-0.297972 , 3.83899 , 0.772648]
       - orientation : [0.707107 , 0.707107 , 3.78245e-11 , -3.30814e-11]
  RingCirclePositionError : 0
  position_error : 0.173973
  orientation_error : 1.5708
  found_in_gazebo : 1

 ErrorResults 
  stamp : 2025-11-28T21:55:07Z
  target_type : sphere
  model_name : sphere
  pose : 
       - position : [-0.299006 , 3.84024 , 0.772327]
       - orientation : [0.707107 , 0.707107 , 3.55673e-11 , -2.98649e-11]
  RingCirclePositionError : 0
  position_error : 0.172848
  orientation_error : 1.5708
  found_in_gazebo : 1

 ErrorResults 
  stamp : 2025-11-28T21:55:07Z
  target_type : sphere
  model_name : sphere
  pose : 
       - position : [-0.29706 , 3.84181 , 0.773292]
       - orientation : [0.707107 , 0.707107 , -2.58053e-11 , 2.83654e-11]
  RingCirclePositionError : 0
  position_error : 0.170971
  orientation_error : 1.5708
  found_in_gazebo : 1

 ErrorResults 
  stamp : 2025-11-28T21:55:07Z
  target_type : sphere
  model_name : sphere
  pose : 
       - position : [-0.29706 , 3.84181 , 0.773292]
       - orientation : [0.707107 , 0.707107 , -2.58053e-11 , 2.83654e-11]
  RingCirclePositionError : 0
  position_error : 0.170923
  orientation_error : 1.5708
  found_in_gazebo : 1

 ErrorResults 
  stamp : 2025-11-28T21:55:07Z
  target_type : sphere
  model_name : sphere
  pose : 
       - position : [-0.299057 , 3.84019 , 0.772302]
       - orientation : [0.707107 , 0.707107 , -8.69902e-08 , 5.78587e-08]
  RingCirclePositionError : 0
  position_error : 0.172673
  orientation_error : 1.5708
  found_in_gazebo : 1

 ErrorResults 
  stamp : 2025-11-28T21:55:07Z
  target_type : sphere
  model_name : sphere
  pose : 
       - position : [-0.298247 , 3.83998 , 0.772399]
       - orientation : [0.707107 , 0.707107 , -1.02144e-11 , 4.07977e-12]
  RingCirclePositionError : 0
  position_error : 0.172744
  orientation_error : 1.5708
  found_in_gazebo : 1

 ErrorResults 
  stamp : 2025-11-28T21:55:07Z
  target_type : sphere
  model_name : sphere
  pose : 
       - position : [-0.295718 , 3.84184 , 0.772896]
       - orientation : [0.707107 , 0.707107 , -7.76818e-12 , -2.92139e-13]
  RingCirclePositionError : 0
  position_error : 0.170799
  orientation_error : 1.5708
  found_in_gazebo : 1

 ErrorResults 
  stamp : 2025-11-28T21:55:07Z
  target_type : sphere
  model_name : sphere
  pose : 
       - position : [-0.297787 , 3.84012 , 0.771603]
       - orientation : [0.707107 , 0.707107 , -8.6739e-08 , 5.77131e-08]
  RingCirclePositionError : 0
  position_error : 0.172763
  orientation_error : 1.5708
  found_in_gazebo : 1

 ErrorResults 
  stamp : 2025-11-28T21:55:07Z
  target_type : sphere
  model_name : sphere
  pose : 
       - position : [-0.297787 , 3.84012 , 0.771603]
       - orientation : [0.707107 , 0.707107 , -8.6739e-08 , 5.77131e-08]
  RingCirclePositionError : 0
  position_error : 0.172677
  orientation_error : 1.5708
  found_in_gazebo : 1

 ErrorResults 
  stamp : 2025-11-28T21:55:07Z
  target_type : sphere
  model_name : sphere
  pose : 
       - position : [-0.297888 , 3.83967 , 0.771406]
       - orientation : [0.707107 , 0.707107 , 4.24053e-08 , -2.8091e-08]
  RingCirclePositionError : 0
  position_error : 0.173119
  orientation_error : 1.5708
  found_in_gazebo : 1

 ErrorResults 
  stamp : 2025-11-28T21:55:07Z
  target_type : sphere
  model_name : sphere
  pose : 
       - position : [-0.297965 , 3.84142 , 0.771536]
       - orientation : [0.707107 , 0.707107 , -4.23702e-08 , 2.80455e-08]
  RingCirclePositionError : 0
  position_error : 0.171359
  orientation_error : 1.5708
  found_in_gazebo : 1

 ErrorResults 
  stamp : 2025-11-28T21:55:07Z
  target_type : sphere
  model_name : sphere
  pose : 
       - position : [-0.298064 , 3.84368 , 0.771704]
       - orientation : [0.707107 , 0.707107 , -8.69453e-08 , 5.78696e-08]
  RingCirclePositionError : 0
  position_error : 0.16913
  orientation_error : 1.5708
  found_in_gazebo : 1

 ErrorResults 
  stamp : 2025-11-28T21:55:07Z
  target_type : sphere
  model_name : sphere
  pose : 
       - position : [-0.297094 , 3.84127 , 0.770998]
       - orientation : [0.707107 , 0.707107 , -2.08574e-11 , 2.56529e-11]
  RingCirclePositionError : 0
  position_error : 0.171543
  orientation_error : 1.5708
  found_in_gazebo : 1

 ErrorResults 
  stamp : 2025-11-28T21:55:07Z
  target_type : sphere
  model_name : sphere
  pose : 
       - position : [-0.295278 , 3.84192 , 0.771983]
       - orientation : [0.707107 , 0.707107 , -8.61548e-08 , 5.73238e-08]
  RingCirclePositionError : 0
  position_error : 0.170523
  orientation_error : 1.5708
  found_in_gazebo : 1

 ErrorResults 
  stamp : 2025-11-28T21:55:07Z
  target_type : sphere
  model_name : sphere
  pose : 
       - position : [-0.298246 , 3.8422 , 0.770431]
       - orientation : [0.707107 , 0.707107 , -4.25216e-08 , 2.81751e-08]
  RingCirclePositionError : 0
  position_error : 0.170717
  orientation_error : 1.5708
  found_in_gazebo : 1

 ErrorResults 
  stamp : 2025-11-28T21:55:07Z
  target_type : sphere
  model_name : sphere
  pose : 
       - position : [-0.297684 , 3.84135 , 0.77024]
       - orientation : [0.707107 , 0.707107 , -8.68933e-08 , 5.78663e-08]
  RingCirclePositionError : 0
  position_error : 0.171494
  orientation_error : 1.5708
  found_in_gazebo : 1

 ErrorResults 
  stamp : 2025-11-28T21:55:07Z
  target_type : sphere
  model_name : sphere
  pose : 
       - position : [-0.298094 , 3.84055 , 0.769497]
       - orientation : [0.707107 , 0.707107 , -2.99011e-11 , 2.25936e-11]
  RingCirclePositionError : 0
  position_error : 0.17243
  orientation_error : 1.5708
  found_in_gazebo : 1

 ErrorResults 
  stamp : 2025-11-28T21:55:07Z
  target_type : sphere
  model_name : sphere
  pose : 
       - position : [-0.298094 , 3.84055 , 0.769497]
       - orientation : [0.707107 , 0.707107 , -2.99011e-11 , 2.25936e-11]
  RingCirclePositionError : 0
  position_error : 0.172348
  orientation_error : 1.5708
  found_in_gazebo : 1

 ErrorResults 
  stamp : 2025-11-28T21:55:07Z
  target_type : sphere
  model_name : sphere
  pose : 
       - position : [-0.298094 , 3.84055 , 0.769497]
       - orientation : [0.707107 , 0.707107 , -2.99011e-11 , 2.25936e-11]
  RingCirclePositionError : 0
  position_error : 0.172263
  orientation_error : 1.5708
  found_in_gazebo : 1

 ErrorResults 
  stamp : 2025-11-28T21:55:07Z
  target_type : sphere
  model_name : sphere
  pose : 
       - position : [-0.298522 , 3.84049 , 0.769023]
       - orientation : [0.707107 , 0.707107 , -4.84749e-11 , 4.75768e-11]
  RingCirclePositionError : 0
  position_error : 0.172417
  orientation_error : 1.5708
  found_in_gazebo : 1

 ErrorResults 
  stamp : 2025-11-28T21:55:07Z
  target_type : sphere
  model_name : sphere
  pose : 
       - position : [-0.298522 , 3.84049 , 0.769023]
       - orientation : [0.707107 , 0.707107 , -4.84749e-11 , 4.75768e-11]
  RingCirclePositionError : 0
  position_error : 0.172335
  orientation_error : 1.5708
  found_in_gazebo : 1

 ErrorResults 
  stamp : 2025-11-28T21:55:07Z
  target_type : sphere
  model_name : sphere
  pose : 
       - position : [-0.299021 , 3.83868 , 0.768122]
       - orientation : [0.707107 , 0.707107 , -4.7733e-12 , -2.50542e-12]
  RingCirclePositionError : 0
  position_error : 0.174291
  orientation_error : 1.5708
  found_in_gazebo : 1

 ErrorResults 
  stamp : 2025-11-28T21:55:07Z
  target_type : sphere
  model_name : sphere
  pose : 
       - position : [-0.298397 , 3.84442 , 0.768899]
       - orientation : [0.707107 , 0.707107 , 4.26476e-08 , -2.83003e-08]
  RingCirclePositionError : 0
  position_error : 0.168607
  orientation_error : 1.5708
  found_in_gazebo : 1

 ErrorResults 
  stamp : 2025-11-28T21:55:08Z
  target_type : sphere
  model_name : sphere
  pose : 
       - position : [-0.298397 , 3.84442 , 0.768899]
       - orientation : [0.707107 , 0.707107 , 4.26476e-08 , -2.83003e-08]
  RingCirclePositionError : 0
  position_error : 0.168517
  orientation_error : 1.5708
  found_in_gazebo : 1

 ErrorResults 
  stamp : 2025-11-28T21:55:08Z
  target_type : sphere
  model_name : sphere
  pose : 
       - position : [-0.298357 , 3.84142 , 0.767805]
       - orientation : [0.707107 , 0.707107 , -8.72931e-08 , 5.82097e-08]
  RingCirclePositionError : 0
  position_error : 0.171634
  orientation_error : 1.5708
  found_in_gazebo : 1

 ErrorResults 
  stamp : 2025-11-28T21:55:08Z
  target_type : sphere
  model_name : sphere
  pose : 
       - position : [-0.298357 , 3.84142 , 0.767805]
       - orientation : [0.707107 , 0.707107 , -8.72931e-08 , 5.82097e-08]
  RingCirclePositionError : 0
  position_error : 0.171544
  orientation_error : 1.5708
  found_in_gazebo : 1

 ErrorResults 
  stamp : 2025-11-28T21:55:08Z
  target_type : sphere
  model_name : sphere
  pose : 
       - position : [-0.299177 , 3.84215 , 0.767702]
       - orientation : [0.707107 , 0.707107 , -8.75372e-08 , 5.83804e-08]
  RingCirclePositionError : 0
  position_error : 0.170818
  orientation_error : 1.5708
  found_in_gazebo : 1

 ErrorResults 
  stamp : 2025-11-28T21:55:08Z
  target_type : sphere
  model_name : sphere
  pose : 
       - position : [-0.299168 , 3.84276 , 0.767754]
       - orientation : [0.707107 , 0.707107 , 7.6814e-11 , -7.47127e-11]
  RingCirclePositionError : 0
  position_error : 0.170162
  orientation_error : 1.5708
  found_in_gazebo : 1

 ErrorResults 
  stamp : 2025-11-28T21:55:08Z
  target_type : sphere
  model_name : sphere
  pose : 
       - position : [-0.296905 , 3.84024 , 0.767384]
       - orientation : [0.707107 , 0.707107 , -4.2486e-08 , 2.82144e-08]
  RingCirclePositionError : 0
  position_error : 0.172574
  orientation_error : 1.5708
  found_in_gazebo : 1

 ErrorResults 
  stamp : 2025-11-28T21:55:08Z
  target_type : sphere
  model_name : sphere
  pose : 
       - position : [-0.296918 , 3.84057 , 0.767409]
       - orientation : [0.707107 , 0.707107 , 4.00336e-11 , -3.47132e-11]
  RingCirclePositionError : 0
  position_error : 0.172174
  orientation_error : 1.5708
  found_in_gazebo : 1

 ErrorResults 
  stamp : 2025-11-28T21:55:08Z
  target_type : sphere
  model_name : sphere
  pose : 
       - position : [-0.296918 , 3.84057 , 0.767409]
       - orientation : [0.707107 , 0.707107 , 4.00336e-11 , -3.47132e-11]
  RingCirclePositionError : 0
  position_error : 0.172093
  orientation_error : 1.5708
  found_in_gazebo : 1

 ErrorResults 
  stamp : 2025-11-28T21:55:08Z
  target_type : sphere
  model_name : sphere
  pose : 
       - position : [-0.297065 , 3.84285 , 0.767544]
       - orientation : [0.707107 , 0.707107 , 4.25825e-08 , -2.8277e-08]
  RingCirclePositionError : 0
  position_error : 0.169844
  orientation_error : 1.5708
  found_in_gazebo : 1

 ErrorResults 
  stamp : 2025-11-28T21:55:08Z
  target_type : sphere
  model_name : sphere
  pose : 
       - position : [-0.299313 , 3.8418 , 0.766205]
       - orientation : [0.707107 , 0.707107 , 6.05031e-11 , -5.14706e-11]
  RingCirclePositionError : 0
  position_error : 0.171221
  orientation_error : 1.5708
  found_in_gazebo : 1

 ErrorResults 
  stamp : 2025-11-28T21:55:08Z
  target_type : sphere
  model_name : sphere
  pose : 
       - position : [-0.299313 , 3.8418 , 0.766205]
       - orientation : [0.707107 , 0.707107 , 6.05031e-11 , -5.14706e-11]
  RingCirclePositionError : 0
  position_error : 0.171139
  orientation_error : 1.5708
  found_in_gazebo : 1

 ErrorResults 
  stamp : 2025-11-28T21:55:08Z
  target_type : sphere
  model_name : sphere
  pose : 
       - position : [-0.29706 , 3.84181 , 0.766357]
       - orientation : [0.707107 , 0.707107 , -1.43823e-11 , 1.04655e-11]
  RingCirclePositionError : 0
  position_error : 0.171014
  orientation_error : 1.5708
  found_in_gazebo : 1

 ErrorResults 
  stamp : 2025-11-28T21:55:08Z
  target_type : sphere
  model_name : sphere
  pose : 
       - position : [-0.29706 , 3.84181 , 0.766357]
       - orientation : [0.707107 , 0.707107 , -1.43823e-11 , 1.04655e-11]
  RingCirclePositionError : 0
  position_error : 0.170933
  orientation_error : 1.5708
  found_in_gazebo : 1

 ErrorResults 
  stamp : 2025-11-28T21:55:08Z
  target_type : sphere
  model_name : sphere
  pose : 
       - position : [-0.29706 , 3.84181 , 0.766357]
       - orientation : [0.707107 , 0.707107 , -1.43823e-11 , 1.04655e-11]
  RingCirclePositionError : 0
  position_error : 0.170851
  orientation_error : 1.5708
  found_in_gazebo : 1

 ErrorResults 
  stamp : 2025-11-28T21:55:08Z
  target_type : sphere
  model_name : sphere
  pose : 
       - position : [-0.299057 , 3.84019 , 0.76537]
       - orientation : [0.707107 , 0.707107 , -8.76471e-08 , 5.85152e-08]
  RingCirclePositionError : 0
  position_error : 0.172611
  orientation_error : 1.5708
  found_in_gazebo : 1

 ErrorResults 
  stamp : 2025-11-28T21:55:08Z
  target_type : sphere
  model_name : sphere
  pose : 
       - position : [-0.298135 , 3.84343 , 0.765755]
       - orientation : [0.707107 , 0.707107 , -4.28113e-08 , 2.84698e-08]
  RingCirclePositionError : 0
  position_error : 0.169391
  orientation_error : 1.5708
  found_in_gazebo : 1

 ErrorResults 
  stamp : 2025-11-28T21:55:08Z
  target_type : sphere
  model_name : sphere
  pose : 
       - position : [-0.297485 , 3.84301 , 0.765812]
       - orientation : [0.707107 , 0.707107 , 4.48815e-11 , -4.07302e-11]
  RingCirclePositionError : 0
  position_error : 0.169673
  orientation_error : 1.5708
  found_in_gazebo : 1

 ErrorResults 
  stamp : 2025-11-28T21:55:08Z
  target_type : sphere
  model_name : sphere
  pose : 
       - position : [-0.297787 , 3.84012 , 0.764671]
       - orientation : [0.707107 , 0.707107 , -8.73945e-08 , 5.83683e-08]
  RingCirclePositionError : 0
  position_error : 0.172704
  orientation_error : 1.5708
  found_in_gazebo : 1

 ErrorResults 
  stamp : 2025-11-28T21:55:08Z
  target_type : sphere
  model_name : sphere
  pose : 
       - position : [-0.298211 , 3.84017 , 0.764553]
       - orientation : [0.707107 , 0.707107 , 8.75138e-08 , -5.8452e-08]
  RingCirclePositionError : 0
  position_error : 0.172616
  orientation_error : 1.5708
  found_in_gazebo : 1

 ErrorResults 
  stamp : 2025-11-28T21:55:08Z
  target_type : sphere
  model_name : sphere
  pose : 
       - position : [-0.297965 , 3.84142 , 0.764602]
       - orientation : [0.707107 , 0.707107 , -4.2709e-08 , 2.83897e-08]
  RingCirclePositionError : 0
  position_error : 0.171365
  orientation_error : 1.5708
  found_in_gazebo : 1

 ErrorResults 
  stamp : 2025-11-28T21:55:08Z
  target_type : sphere
  model_name : sphere
  pose : 
       - position : [-0.298064 , 3.84368 , 0.764766]
       - orientation : [0.707107 , 0.707107 , -8.7603e-08 , 5.85269e-08]
  RingCirclePositionError : 0
  position_error : 0.16913
  orientation_error : 1.5708
  found_in_gazebo : 1

 ErrorResults 
  stamp : 2025-11-28T21:55:08Z
  target_type : sphere
  model_name : sphere
  pose : 
       - position : [-0.298969 , 3.84445 , 0.764485]
       - orientation : [0.707107 , 0.707107 , -4.29741e-08 , 2.8597e-08]
  RingCirclePositionError : 0
  position_error : 0.16842
  orientation_error : 1.5708
  found_in_gazebo : 1

 ErrorResults 
  stamp : 2025-11-28T21:55:08Z
  target_type : sphere
  model_name : sphere
  pose : 
       - position : [-0.298969 , 3.84445 , 0.764485]
       - orientation : [0.707107 , 0.707107 , -4.29741e-08 , 2.8597e-08]
  RingCirclePositionError : 0
  position_error : 0.168345
  orientation_error : 1.5708
  found_in_gazebo : 1

 ErrorResults 
  stamp : 2025-11-28T21:55:08Z
  target_type : sphere
  model_name : sphere
  pose : 
       - position : [-0.297425 , 3.84352 , 0.764102]
       - orientation : [0.707107 , 0.707107 , -2.15306e-11 , 1.90308e-11]
  RingCirclePositionError : 0
  position_error : 0.169285
  orientation_error : 1.5708
  found_in_gazebo : 1

 ErrorResults 
  stamp : 2025-11-28T21:55:08Z
  target_type : sphere
  model_name : sphere
  pose : 
       - position : [-0.298246 , 3.8422 , 0.763495]
       - orientation : [0.707107 , 0.707107 , -4.28612e-08 , 2.85203e-08]
  RingCirclePositionError : 0
  position_error : 0.170649
  orientation_error : 1.5708
  found_in_gazebo : 1

 ErrorResults 
  stamp : 2025-11-28T21:55:08Z
  target_type : sphere
  model_name : sphere
  pose : 
       - position : [-0.297491 , 3.84278 , 0.763545]
       - orientation : [0.707107 , 0.707107 , -7.28678e-11 , 6.73329e-11]
  RingCirclePositionError : 0
  position_error : 0.170015
  orientation_error : 1.5708
  found_in_gazebo : 1

 ErrorResults 
  stamp : 2025-11-28T21:55:08Z
  target_type : sphere
  model_name : sphere
  pose : 
       - position : [-0.297164 , 3.84199 , 0.763365]
       - orientation : [0.707107 , 0.707107 , -8.74412e-08 , 5.84527e-08]
  RingCirclePositionError : 0
  position_error : 0.170728
  orientation_error : 1.5708
  found_in_gazebo : 1

 ErrorResults 
  stamp : 2025-11-28T21:55:08Z
  target_type : sphere
  model_name : sphere
  pose : 
       - position : [-0.298094 , 3.84055 , 0.762565]
       - orientation : [0.707107 , 0.707107 , -1.65651e-11 , 1.55027e-11]
  RingCirclePositionError : 0
  position_error : 0.172275
  orientation_error : 1.5708
  found_in_gazebo : 1

 ErrorResults 
  stamp : 2025-11-28T21:55:08Z
  target_type : sphere
  model_name : sphere
  pose : 
       - position : [-0.298435 , 3.84162 , 0.762553]
       - orientation : [0.707107 , 0.707107 , -8.78204e-08 , 5.87296e-08]
  RingCirclePositionError : 0
  position_error : 0.171232
  orientation_error : 1.5708
  found_in_gazebo : 1

 ErrorResults 
  stamp : 2025-11-28T21:55:08Z
  target_type : sphere
  model_name : sphere
  pose : 
       - position : [-0.299153 , 3.84103 , 0.762017]
       - orientation : [0.707107 , 0.707107 , -3.07103e-11 , 2.54501e-11]
  RingCirclePositionError : 0
  position_error : 0.171888
  orientation_error : 1.5708
  found_in_gazebo : 1

 ErrorResults 
  stamp : 2025-11-28T21:55:08Z
  target_type : sphere
  model_name : sphere
  pose : 
       - position : [-0.298522 , 3.84049 , 0.76209]
       - orientation : [0.707107 , 0.707107 , -3.72641e-11 , 2.98317e-11]
  RingCirclePositionError : 0
  position_error : 0.172285
  orientation_error : 1.5708
  found_in_gazebo : 1

 ErrorResults 
  stamp : 2025-11-28T21:55:08Z
  target_type : sphere
  model_name : sphere
  pose : 
       - position : [-0.297823 , 3.84446 , 0.762194]
       - orientation : [0.707107 , 0.707107 , 8.78211e-08 , -5.87595e-08]
  RingCirclePositionError : 0
  position_error : 0.168497
  orientation_error : 1.5708
  found_in_gazebo : 1

 ErrorResults 
  stamp : 2025-11-28T21:55:08Z
  target_type : sphere
  model_name : sphere
  pose : 
       - position : [-0.298397 , 3.84442 , 0.761959]
       - orientation : [0.707107 , 0.707107 , 4.29731e-08 , -2.86215e-08]
  RingCirclePositionError : 0
  position_error : 0.168517
  orientation_error : 1.5708
  found_in_gazebo : 1

 ErrorResults 
  stamp : 2025-11-28T21:55:08Z
  target_type : sphere
  model_name : sphere
  pose : 
       - position : [-0.298397 , 3.84442 , 0.761959]
       - orientation : [0.707107 , 0.707107 , 4.29731e-08 , -2.86215e-08]
  RingCirclePositionError : 0
  position_error : 0.168449
  orientation_error : 1.5708
  found_in_gazebo : 1

 ErrorResults 
  stamp : 2025-11-28T21:55:08Z
  target_type : sphere
  model_name : sphere
  pose : 
       - position : [-0.298357 , 3.84142 , 0.760871]
       - orientation : [0.707107 , 0.707107 , -8.79527e-08 , 5.88704e-08]
  RingCirclePositionError : 0
  position_error : 0.171554
  orientation_error : 1.5708
  found_in_gazebo : 1

 ErrorResults 
  stamp : 2025-11-28T21:55:08Z
  target_type : sphere
  model_name : sphere
  pose : 
       - position : [-0.299533 , 3.84226 , 0.760705]
       - orientation : [0.707107 , 0.707107 , 4.31814e-08 , -2.87932e-08]
  RingCirclePositionError : 0
  position_error : 0.170743
  orientation_error : 1.5708
  found_in_gazebo : 1

 ErrorResults 
  stamp : 2025-11-28T21:55:08Z
  target_type : sphere
  model_name : sphere
  pose : 
       - position : [-0.299168 , 3.84276 , 0.760818]
       - orientation : [0.707107 , 0.707107 , 4.8357e-11 , -4.23484e-11]
  RingCirclePositionError : 0
  position_error : 0.170169
  orientation_error : 1.5708
  found_in_gazebo : 1

 ErrorResults 
  stamp : 2025-11-28T21:55:08Z
  target_type : sphere
  model_name : sphere
  pose : 
       - position : [-0.299168 , 3.84276 , 0.760818]
       - orientation : [0.707107 , 0.707107 , 4.8357e-11 , -4.23484e-11]
  RingCirclePositionError : 0
  position_error : 0.170083
  orientation_error : 1.5708
  found_in_gazebo : 1

 ErrorResults 
  stamp : 2025-11-28T21:55:08Z
  target_type : sphere
  model_name : sphere
  pose : 
       - position : [-0.299474 , 3.84181 , 0.760064]
       - orientation : [0.707107 , 0.707107 , 8.83256e-08 , -5.91484e-08]
  RingCirclePositionError : 0
  position_error : 0.171163
  orientation_error : 1.5708
  found_in_gazebo : 1

 ErrorResults 
  stamp : 2025-11-28T21:55:08Z
  target_type : sphere
  model_name : sphere
  pose : 
       - position : [-0.297065 , 3.84285 , 0.760607]
       - orientation : [0.707107 , 0.707107 , 4.2905e-08 , -2.86082e-08]
  RingCirclePositionError : 0
  position_error : 0.16994
  orientation_error : 1.5708
  found_in_gazebo : 1

 ErrorResults 
  stamp : 2025-11-28T21:55:08Z
  target_type : sphere
  model_name : sphere
  pose : 
       - position : [-0.297065 , 3.84285 , 0.760607]
       - orientation : [0.707107 , 0.707107 , 4.2905e-08 , -2.86082e-08]
  RingCirclePositionError : 0
  position_error : 0.169847
  orientation_error : 1.5708
  found_in_gazebo : 1

 ErrorResults 
  stamp : 2025-11-28T21:55:08Z
  target_type : sphere
  model_name : sphere
  pose : 
       - position : [-0.297065 , 3.84285 , 0.760607]
       - orientation : [0.707107 , 0.707107 , 4.2905e-08 , -2.86082e-08]
  RingCirclePositionError : 0
  position_error : 0.16978
  orientation_error : 1.5708
  found_in_gazebo : 1

 ErrorResults 
  stamp : 2025-11-28T21:55:08Z
  target_type : sphere
  model_name : sphere
  pose : 
       - position : [-0.297065 , 3.84285 , 0.760607]
       - orientation : [0.707107 , 0.707107 , 4.2905e-08 , -2.86082e-08]
  RingCirclePositionError : 0
  position_error : 0.169728
  orientation_error : 1.5708
  found_in_gazebo : 1

 ErrorResults 
  stamp : 2025-11-28T21:55:08Z
  target_type : sphere
  model_name : sphere
  pose : 
       - position : [-0.298287 , 3.84305 , 0.759592]
       - orientation : [0.707107 , 0.707107 , -5.10601e-11 , 4.35919e-11]
  RingCirclePositionError : 0
  position_error : 0.169819
  orientation_error : 1.5708
  found_in_gazebo : 1

 ErrorResults 
  stamp : 2025-11-28T21:55:08Z
  target_type : sphere
  model_name : sphere
  pose : 
       - position : [-0.29706 , 3.84181 , 0.759422]
       - orientation : [0.707107 , 0.707107 , -4.22902e-11 , 4.2263e-11]
  RingCirclePositionError : 0
  position_error : 0.170968
  orientation_error : 1.5708
  found_in_gazebo : 1

 ErrorResults 
  stamp : 2025-11-28T21:55:08Z
  target_type : sphere
  model_name : sphere
  pose : 
       - position : [-0.29706 , 3.84181 , 0.759422]
       - orientation : [0.707107 , 0.707107 , -4.22902e-11 , 4.2263e-11]
  RingCirclePositionError : 0
  position_error : 0.17089
  orientation_error : 1.5708
  found_in_gazebo : 1

 ErrorResults 
  stamp : 2025-11-28T21:55:09Z
  target_type : sphere
  model_name : sphere
  pose : 
       - position : [-0.29706 , 3.84181 , 0.759422]
       - orientation : [0.707107 , 0.707107 , -4.22902e-11 , 4.2263e-11]
  RingCirclePositionError : 0
  position_error : 0.170805
  orientation_error : 1.5708
  found_in_gazebo : 1

 ErrorResults 
  stamp : 2025-11-28T21:55:09Z
  target_type : sphere
  model_name : sphere
  pose : 
       - position : [-0.296109 , 3.84525 , 0.760126]
       - orientation : [0.707107 , 0.707107 , -4.2803e-08 , 2.85462e-08]
  RingCirclePositionError : 0
  position_error : 0.167288
  orientation_error : 1.5708
  found_in_gazebo : 1

 ErrorResults 
  stamp : 2025-11-28T21:55:09Z
  target_type : sphere
  model_name : sphere
  pose : 
       - position : [-0.298135 , 3.84343 , 0.758817]
       - orientation : [0.707107 , 0.707107 , -4.30714e-08 , 2.87283e-08]
  RingCirclePositionError : 0
  position_error : 0.169346
  orientation_error : 1.5708
  found_in_gazebo : 1

 ErrorResults 
  stamp : 2025-11-28T21:55:09Z
  target_type : sphere
  model_name : sphere
  pose : 
       - position : [-0.298135 , 3.84343 , 0.758817]
       - orientation : [0.707107 , 0.707107 , -4.30714e-08 , 2.87283e-08]
  RingCirclePositionError : 0
  position_error : 0.169256
  orientation_error : 1.5708
  found_in_gazebo : 1

 ErrorResults 
  stamp : 2025-11-28T21:55:09Z
  target_type : sphere
  model_name : sphere
  pose : 
       - position : [-0.297485 , 3.84301 , 0.758876]
       - orientation : [0.707107 , 0.707107 , 1.70357e-11 , -8.96807e-12]
  RingCirclePositionError : 0
  position_error : 0.169557
  orientation_error : 1.5708
  found_in_gazebo : 1

 ErrorResults 
  stamp : 2025-11-28T21:55:09Z
  target_type : sphere
  model_name : sphere
  pose : 
       - position : [-0.295626 , 3.84267 , 0.758571]
       - orientation : [0.707107 , 0.707107 , 2.04338e-11 , -1.10545e-11]
  RingCirclePositionError : 0
  position_error : 0.169945
  orientation_error : 1.5708
  found_in_gazebo : 1

 ErrorResults 
  stamp : 2025-11-28T21:55:09Z
  target_type : sphere
  model_name : sphere
  pose : 
       - position : [-0.297173 , 3.84426 , 0.758264]
       - orientation : [0.707107 , 0.707107 , -8.80246e-08 , 5.90198e-08]
  RingCirclePositionError : 0
  position_error : 0.168479
  orientation_error : 1.5708
  found_in_gazebo : 1

 ErrorResults 
  stamp : 2025-11-28T21:55:09Z
  target_type : sphere
  model_name : sphere
  pose : 
       - position : [-0.29839 , 3.84442 , 0.757767]
       - orientation : [0.707107 , 0.707107 , 8.83852e-08 , -5.92786e-08]
  RingCirclePositionError : 0
  position_error : 0.168414
  orientation_error : 1.5708
  found_in_gazebo : 1

 ErrorResults 
  stamp : 2025-11-28T21:55:09Z
  target_type : sphere
  model_name : sphere
  pose : 
       - position : [-0.298969 , 3.84445 , 0.757546]
       - orientation : [0.707107 , 0.707107 , -4.3277e-08 , 2.88961e-08]
  RingCirclePositionError : 0
  position_error : 0.168372
  orientation_error : 1.5708
  found_in_gazebo : 1

 ErrorResults 
  stamp : 2025-11-28T21:55:09Z
  target_type : sphere
  model_name : sphere
  pose : 
       - position : [-0.298184 , 3.84642 , 0.758022]
       - orientation : [0.707107 , 0.707107 , 8.83932e-08 , -5.92884e-08]
  RingCirclePositionError : 0
  position_error : 0.166294
  orientation_error : 1.5708
  found_in_gazebo : 1

 ErrorResults 
  stamp : 2025-11-28T21:55:09Z
  target_type : sphere
  model_name : sphere
  pose : 
       - position : [-0.296389 , 3.84484 , 0.757813]
       - orientation : [0.707107 , 0.707107 , 1.53921e-11 , -1.00879e-11]
  RingCirclePositionError : 0
  position_error : 0.167767
  orientation_error : 1.5708
  found_in_gazebo : 1

 ErrorResults 
  stamp : 2025-11-28T21:55:09Z
  target_type : sphere
  model_name : sphere
  pose : 
       - position : [-0.296906 , 3.84493 , 0.757557]
       - orientation : [0.707107 , 0.707107 , -8.80535e-08 , 5.9066e-08]
  RingCirclePositionError : 0
  position_error : 0.167697
  orientation_error : 1.5708
  found_in_gazebo : 1

 ErrorResults 
  stamp : 2025-11-28T21:55:09Z
  target_type : sphere
  model_name : sphere
  pose : 
       - position : [-0.298313 , 3.84361 , 0.756654]
       - orientation : [0.707107 , 0.707107 , 4.28144e-11 , -4.10471e-11]
  RingCirclePositionError : 0
  position_error : 0.169165
  orientation_error : 1.5708
  found_in_gazebo : 1

 ErrorResults 
  stamp : 2025-11-28T21:55:09Z
  target_type : sphere
  model_name : sphere
  pose : 
       - position : [-0.297735 , 3.84255 , 0.756453]
       - orientation : [0.707107 , 0.707107 , -4.31618e-08 , 2.88405e-08]
  RingCirclePositionError : 0
  position_error : 0.170143
  orientation_error : 1.5708
  found_in_gazebo : 1

 ErrorResults 
  stamp : 2025-11-28T21:55:09Z
  target_type : sphere
  model_name : sphere
  pose : 
       - position : [-0.298435 , 3.84162 , 0.755619]
       - orientation : [0.707107 , 0.707107 , -8.84838e-08 , 5.93959e-08]
  RingCirclePositionError : 0
  position_error : 0.171227
  orientation_error : 1.5708
  found_in_gazebo : 1

 ErrorResults 
  stamp : 2025-11-28T21:55:09Z
  target_type : sphere
  model_name : sphere
  pose : 
       - position : [-0.298435 , 3.84162 , 0.755619]
       - orientation : [0.707107 , 0.707107 , -8.84838e-08 , 5.93959e-08]
  RingCirclePositionError : 0
  position_error : 0.171138
  orientation_error : 1.5708
  found_in_gazebo : 1

 ErrorResults 
  stamp : 2025-11-28T21:55:09Z
  target_type : sphere
  model_name : sphere
  pose : 
       - position : [-0.298479 , 3.84369 , 0.755779]
       - orientation : [0.707107 , 0.707107 , 2.19011e-11 , -2.23141e-11]
  RingCirclePositionError : 0
  position_error : 0.169093
  orientation_error : 1.5708
  found_in_gazebo : 1

 ErrorResults 
  stamp : 2025-11-28T21:55:09Z
  target_type : sphere
  model_name : sphere
  pose : 
       - position : [-0.298521 , 3.84615 , 0.755603]
       - orientation : [0.707107 , 0.707107 , 4.33678e-08 , -2.9e-08]
  RingCirclePositionError : 0
  position_error : 0.166803
  orientation_error : 1.5708
  found_in_gazebo : 1

 ErrorResults 
  stamp : 2025-11-28T21:55:09Z
  target_type : sphere
  model_name : sphere
  pose : 
       - position : [-0.298521 , 3.84615 , 0.755603]
       - orientation : [0.707107 , 0.707107 , 4.33678e-08 , -2.9e-08]
  RingCirclePositionError : 0
  position_error : 0.166712
  orientation_error : 1.5708
  found_in_gazebo : 1

 ErrorResults 
  stamp : 2025-11-28T21:55:09Z
  target_type : sphere
  model_name : sphere
  pose : 
       - position : [-0.297823 , 3.84446 , 0.755254]
       - orientation : [0.707107 , 0.707107 , 8.84854e-08 , -5.94268e-08]
  RingCirclePositionError : 0
  position_error : 0.168329
  orientation_error : 1.5708
  found_in_gazebo : 1

 ErrorResults 
  stamp : 2025-11-28T21:55:09Z
  target_type : sphere
  model_name : sphere
  pose : 
       - position : [-0.298397 , 3.84442 , 0.75502]
       - orientation : [0.707107 , 0.707107 , 4.3298e-08 , -2.89563e-08]
  RingCirclePositionError : 0
  position_error : 0.168356
  orientation_error : 1.5708
  found_in_gazebo : 1

 ErrorResults 
  stamp : 2025-11-28T21:55:09Z
  target_type : sphere
  model_name : sphere
  pose : 
       - position : [-0.299288 , 3.84336 , 0.754225]
       - orientation : [0.707107 , 0.707107 , 4.34214e-08 , -2.90334e-08]
  RingCirclePositionError : 0
  position_error : 0.169563
  orientation_error : 1.5708
  found_in_gazebo : 1

 ErrorResults 
  stamp : 2025-11-28T21:55:09Z
  target_type : sphere
  model_name : sphere
  pose : 
       - position : [-0.299533 , 3.84279 , 0.753811]
       - orientation : [0.707107 , 0.707107 , 6.53707e-11 , -5.67506e-11]
  RingCirclePositionError : 0
  position_error : 0.170134
  orientation_error : 1.5708
  found_in_gazebo : 1

 ErrorResults 
  stamp : 2025-11-28T21:55:09Z
  target_type : sphere
  model_name : sphere
  pose : 
       - position : [-0.299168 , 3.84276 , 0.753881]
       - orientation : [0.707107 , 0.707107 , 5.90677e-11 , -5.97054e-11]
  RingCirclePositionError : 0
  position_error : 0.170071
  orientation_error : 1.5708
  found_in_gazebo : 1

 ErrorResults 
  stamp : 2025-11-28T21:55:09Z
  target_type : sphere
  model_name : sphere
  pose : 
       - position : [-0.299152 , 3.84385 , 0.753971]
       - orientation : [0.707107 , 0.707107 , 8.89173e-08 , -5.97545e-08]
  RingCirclePositionError : 0
  position_error : 0.168942
  orientation_error : 1.5708
  found_in_gazebo : 1

 ErrorResults 
  stamp : 2025-11-28T21:55:09Z
  target_type : sphere
  model_name : sphere
  pose : 
       - position : [-0.299419 , 3.8448 , 0.753399]
       - orientation : [0.707107 , 0.707107 , -4.35469e-08 , 2.9156e-08]
  RingCirclePositionError : 0
  position_error : 0.168201
  orientation_error : 1.5708
  found_in_gazebo : 1

 ErrorResults 
  stamp : 2025-11-28T21:55:09Z
  target_type : sphere
  model_name : sphere
  pose : 
       - position : [-0.297065 , 3.84285 , 0.753671]
       - orientation : [0.707107 , 0.707107 , 4.32321e-08 , -2.89324e-08]
  RingCirclePositionError : 0
  position_error : 0.169842
  orientation_error : 1.5708
  found_in_gazebo : 1

 ErrorResults 
  stamp : 2025-11-28T21:55:09Z
  target_type : sphere
  model_name : sphere
  pose : 
       - position : [-0.297065 , 3.84285 , 0.753671]
       - orientation : [0.707107 , 0.707107 , 4.32321e-08 , -2.89324e-08]
  RingCirclePositionError : 0
  position_error : 0.169764
  orientation_error : 1.5708
  found_in_gazebo : 1

 ErrorResults 
  stamp : 2025-11-28T21:55:09Z
  target_type : sphere
  model_name : sphere
  pose : 
       - position : [-0.299372 , 3.84317 , 0.752466]
       - orientation : [0.707107 , 0.707107 , 4.35518e-08 , -2.91623e-08]
  RingCirclePositionError : 0
  position_error : 0.16982
  orientation_error : 1.5708
  found_in_gazebo : 1

 ErrorResults 
  stamp : 2025-11-28T21:55:09Z
  target_type : sphere
  model_name : sphere
  pose : 
       - position : [-0.297427 , 3.84489 , 0.753475]
       - orientation : [0.707107 , 0.707107 , -3.52994e-11 , 2.79613e-11]
  RingCirclePositionError : 0
  position_error : 0.167773
  orientation_error : 1.5708
  found_in_gazebo : 1

 ErrorResults 
  stamp : 2025-11-28T21:55:09Z
  target_type : sphere
  model_name : sphere
  pose : 
       - position : [-0.298287 , 3.84305 , 0.752655]
       - orientation : [0.707107 , 0.707107 , -7.87782e-11 , 7.5249e-11]
  RingCirclePositionError : 0
  position_error : 0.169684
  orientation_error : 1.5708
  found_in_gazebo : 1

 ErrorResults 
  stamp : 2025-11-28T21:55:09Z
  target_type : sphere
  model_name : sphere
  pose : 
       - position : [-0.29706 , 3.84181 , 0.752488]
       - orientation : [0.707107 , 0.707107 , -3.16246e-11 , 2.49821e-11]
  RingCirclePositionError : 0
  position_error : 0.170845
  orientation_error : 1.5708
  found_in_gazebo : 1

 ErrorResults 
  stamp : 2025-11-28T21:55:09Z
  target_type : sphere
  model_name : sphere
  pose : 
       - position : [-0.296053 , 3.84395 , 0.753095]
       - orientation : [0.707107 , 0.707107 , 8.82243e-08 , -5.93175e-08]
  RingCirclePositionError : 0
  position_error : 0.168566
  orientation_error : 1.5708
  found_in_gazebo : 1

 ErrorResults 
  stamp : 2025-11-28T21:55:09Z
  target_type : sphere
  model_name : sphere
  pose : 
       - position : [-0.296109 , 3.84525 , 0.753185]
       - orientation : [0.707107 , 0.707107 , -4.31057e-08 , 2.88457e-08]
  RingCirclePositionError : 0
  position_error : 0.167252
  orientation_error : 1.5708
  found_in_gazebo : 1

 ErrorResults 
  stamp : 2025-11-28T21:55:09Z
  target_type : sphere
  model_name : sphere
  pose : 
       - position : [-0.296109 , 3.84525 , 0.753185]
       - orientation : [0.707107 , 0.707107 , -4.31057e-08 , 2.88457e-08]
  RingCirclePositionError : 0
  position_error : 0.16716
  orientation_error : 1.5708
  found_in_gazebo : 1

 ErrorResults 
  stamp : 2025-11-28T21:55:09Z
  target_type : sphere
  model_name : sphere
  pose : 
       - position : [-0.299225 , 3.84413 , 0.751778]
       - orientation : [0.707107 , 0.707107 , -4.36137e-08 , 2.92302e-08]
  RingCirclePositionError : 0
  position_error : 0.168605
  orientation_error : 1.5708
  found_in_gazebo : 1

 ErrorResults 
  stamp : 2025-11-28T21:55:09Z
  target_type : sphere
  model_name : sphere
  pose : 
       - position : [-0.298294 , 3.84528 , 0.751997]
       - orientation : [0.707107 , 0.707107 , 4.34592e-08 , -2.91068e-08]
  RingCirclePositionError : 0
  position_error : 0.167383
  orientation_error : 1.5708
  found_in_gazebo : 1

 ErrorResults 
  stamp : 2025-11-28T21:55:09Z
  target_type : sphere
  model_name : sphere
  pose : 
       - position : [-0.297401 , 3.84603 , 0.751885]
       - orientation : [0.707107 , 0.707107 , -2.88242e-11 , 2.76475e-11]
  RingCirclePositionError : 0
  position_error : 0.166662
  orientation_error : 1.5708
  found_in_gazebo : 1

 ErrorResults 
  stamp : 2025-11-28T21:55:09Z
  target_type : sphere
  model_name : sphere
  pose : 
       - position : [-0.297173 , 3.84426 , 0.751325]
       - orientation : [0.707107 , 0.707107 , -8.86903e-08 , 5.96897e-08]
  RingCirclePositionError : 0
  position_error : 0.168435
  orientation_error : 1.5708
  found_in_gazebo : 1

 ErrorResults 
  stamp : 2025-11-28T21:55:09Z
  target_type : sphere
  model_name : sphere
  pose : 
       - position : [-0.298327 , 3.84496 , 0.751051]
       - orientation : [0.707107 , 0.707107 , 4.3569e-08 , -2.92178e-08]
  RingCirclePositionError : 0
  position_error : 0.167795
  orientation_error : 1.5708
  found_in_gazebo : 1

 ErrorResults 
  stamp : 2025-11-28T21:55:09Z
  target_type : sphere
  model_name : sphere
  pose : 
       - position : [-0.298184 , 3.84642 , 0.751079]
       - orientation : [0.707107 , 0.707107 , 8.90619e-08 , -5.99616e-08]
  RingCirclePositionError : 0
  position_error : 0.16633
  orientation_error : 1.5708
  found_in_gazebo : 1

 ErrorResults 
  stamp : 2025-11-28T21:55:09Z
  target_type : sphere
  model_name : sphere
  pose : 
       - position : [-0.298184 , 3.84642 , 0.751079]
       - orientation : [0.707107 , 0.707107 , 8.90619e-08 , -5.99616e-08]
  RingCirclePositionError : 0
  position_error : 0.166259
  orientation_error : 1.5708
  found_in_gazebo : 1

 ErrorResults 
  stamp : 2025-11-28T21:55:09Z
  target_type : sphere
  model_name : sphere
  pose : 
       - position : [-0.298236 , 3.84762 , 0.751162]
       - orientation : [0.707107 , 0.707107 , 5.12141e-11 , -5.00228e-11]
  RingCirclePositionError : 0
  position_error : 0.165041
  orientation_error : 1.5708
  found_in_gazebo : 1

 ErrorResults 
  stamp : 2025-11-28T21:55:09Z
  target_type : sphere
  model_name : sphere
  pose : 
       - position : [-0.296906 , 3.84493 , 0.750617]
       - orientation : [0.707107 , 0.707107 , -8.87197e-08 , 5.97367e-08]
  RingCirclePositionError : 0
  position_error : 0.167661
  orientation_error : 1.5708
  found_in_gazebo : 1

 ErrorResults 
  stamp : 2025-11-28T21:55:09Z
  target_type : sphere
  model_name : sphere
  pose : 
       - position : [-0.296906 , 3.84493 , 0.750617]
       - orientation : [0.707107 , 0.707107 , -8.87197e-08 , 5.97367e-08]
  RingCirclePositionError : 0
  position_error : 0.167587
  orientation_error : 1.5708
  found_in_gazebo : 1

 ErrorResults 
  stamp : 2025-11-28T21:55:10Z
  target_type : sphere
  model_name : sphere
  pose : 
       - position : [-0.298353 , 3.84446 , 0.749772]
       - orientation : [0.707107 , 0.707107 , -3.80467e-11 , 3.30305e-11]
  RingCirclePositionError : 0
  position_error : 0.168233
  orientation_error : 1.5708
  found_in_gazebo : 1

 ErrorResults 
  stamp : 2025-11-28T21:55:10Z
  target_type : sphere
  model_name : sphere
  pose : 
       - position : [-0.297474 , 3.8424 , 0.749394]
       - orientation : [0.707107 , 0.707107 , 4.55757e-11 , -4.81605e-11]
  RingCirclePositionError : 0
  position_error : 0.170201
  orientation_error : 1.5708
  found_in_gazebo : 1

 ErrorResults 
  stamp : 2025-11-28T21:55:10Z
  target_type : sphere
  model_name : sphere
  pose : 
       - position : [-0.298435 , 3.84162 , 0.748684]
       - orientation : [0.707107 , 0.707107 , -8.9152e-08 , 6.00696e-08]
  RingCirclePositionError : 0
  position_error : 0.171118
  orientation_error : 1.5708
  found_in_gazebo : 1

 ErrorResults 
  stamp : 2025-11-28T21:55:10Z
  target_type : sphere
  model_name : sphere
  pose : 
       - position : [-0.29856 , 3.84747 , 0.749129]
       - orientation : [0.707107 , 0.707107 , 4.36453e-08 , -2.92829e-08]
  RingCirclePositionError : 0
  position_error : 0.165447
  orientation_error : 1.5708
  found_in_gazebo : 1

 ErrorResults 
  stamp : 2025-11-28T21:55:10Z
  target_type : sphere
  model_name : sphere
  pose : 
       - position : [-0.29856 , 3.84747 , 0.749129]
       - orientation : [0.707107 , 0.707107 , 4.36453e-08 , -2.92829e-08]
  RingCirclePositionError : 0
  position_error : 0.165371
  orientation_error : 1.5708
  found_in_gazebo : 1

 ErrorResults 
  stamp : 2025-11-28T21:55:10Z
  target_type : sphere
  model_name : sphere
  pose : 
       - position : [-0.298521 , 3.84615 , 0.74866]
       - orientation : [0.707107 , 0.707107 , 4.36949e-08 , -2.93382e-08]
  RingCirclePositionError : 0
  position_error : 0.166699
  orientation_error : 1.5708
  found_in_gazebo : 1

 ErrorResults 
  stamp : 2025-11-28T21:55:10Z
  target_type : sphere
  model_name : sphere
  pose : 
       - position : [-0.298521 , 3.84615 , 0.74866]
       - orientation : [0.707107 , 0.707107 , 4.36949e-08 , -2.93382e-08]
  RingCirclePositionError : 0
  position_error : 0.166612
  orientation_error : 1.5708
  found_in_gazebo : 1

 ErrorResults 
  stamp : 2025-11-28T21:55:10Z
  target_type : sphere
  model_name : sphere
  pose : 
       - position : [-0.298001 , 3.84519 , 0.748307]
       - orientation : [0.707107 , 0.707107 , -6.42235e-11 , 6.51479e-11]
  RingCirclePositionError : 0
  position_error : 0.167546
  orientation_error : 1.5708
  found_in_gazebo : 1

 ErrorResults 
  stamp : 2025-11-28T21:55:10Z
  target_type : sphere
  model_name : sphere
  pose : 
       - position : [-0.298425 , 3.84501 , 0.74812]
       - orientation : [0.707107 , 0.707107 , 3.87059e-12 , -4.3914e-12]
  RingCirclePositionError : 0
  position_error : 0.167691
  orientation_error : 1.5708
  found_in_gazebo : 1

 ErrorResults 
  stamp : 2025-11-28T21:55:10Z
  target_type : sphere
  model_name : sphere
  pose : 
       - position : [-0.29929 , 3.84395 , 0.74733]
       - orientation : [0.707107 , 0.707107 , 3.87047e-11 , -3.50157e-11]
  RingCirclePositionError : 0
  position_error : 0.168875
  orientation_error : 1.5708
  found_in_gazebo : 1

 ErrorResults 
  stamp : 2025-11-28T21:55:10Z
  target_type : sphere
  model_name : sphere
  pose : 
       - position : [-0.299532 , 3.84403 , 0.746971]
       - orientation : [0.707107 , 0.707107 , -4.38027e-08 , 2.94153e-08]
  RingCirclePositionError : 0
  position_error : 0.168864
  orientation_error : 1.5708
  found_in_gazebo : 1

 ErrorResults 
  stamp : 2025-11-28T21:55:10Z
  target_type : sphere
  model_name : sphere
  pose : 
       - position : [-0.299152 , 3.84385 , 0.747033]
       - orientation : [0.707107 , 0.707107 , 8.95887e-08 , -6.0432e-08]
  RingCirclePositionError : 0
  position_error : 0.168905
  orientation_error : 1.5708
  found_in_gazebo : 1

 ErrorResults 
  stamp : 2025-11-28T21:55:10Z
  target_type : sphere
  model_name : sphere
  pose : 
       - position : [-0.299112 , 3.8466 , 0.747253]
       - orientation : [0.707107 , 0.707107 , -4.26795e-11 , 3.64802e-11]
  RingCirclePositionError : 0
  position_error : 0.166176
  orientation_error : 1.5708
  found_in_gazebo : 1

 ErrorResults 
  stamp : 2025-11-28T21:55:10Z
  target_type : sphere
  model_name : sphere
  pose : 
       - position : [-0.297065 , 3.84285 , 0.746734]
       - orientation : [0.707107 , 0.707107 , 4.35579e-08 , -2.92694e-08]
  RingCirclePositionError : 0
  position_error : 0.16976
  orientation_error : 1.5708
  found_in_gazebo : 1

 ErrorResults 
  stamp : 2025-11-28T21:55:10Z
  target_type : sphere
  model_name : sphere
  pose : 
       - position : [-0.299372 , 3.84317 , 0.745529]
       - orientation : [0.707107 , 0.707107 , 4.38834e-08 , -2.94925e-08]
  RingCirclePositionError : 0
  position_error : 0.169805
  orientation_error : 1.5708
  found_in_gazebo : 1

 ErrorResults 
  stamp : 2025-11-28T21:55:10Z
  target_type : sphere
  model_name : sphere
  pose : 
       - position : [-0.297118 , 3.84562 , 0.74695]
       - orientation : [0.707107 , 0.707107 , -4.52323e-11 , 3.78635e-11]
  RingCirclePositionError : 0
  position_error : 0.166944
  orientation_error : 1.5708
  found_in_gazebo : 1

 ErrorResults 
  stamp : 2025-11-28T21:55:10Z
  target_type : sphere
  model_name : sphere
  pose : 
       - position : [-0.297118 , 3.84562 , 0.74695]
       - orientation : [0.707107 , 0.707107 , -4.52323e-11 , 3.78635e-11]
  RingCirclePositionError : 0
  position_error : 0.16684
  orientation_error : 1.5708
  found_in_gazebo : 1

 ErrorResults 
  stamp : 2025-11-28T21:55:10Z
  target_type : sphere
  model_name : sphere
  pose : 
       - position : [-0.298287 , 3.84305 , 0.745718]
       - orientation : [0.707107 , 0.707107 , -2.7129e-11 , 1.93519e-11]
  RingCirclePositionError : 0
  position_error : 0.169601
  orientation_error : 1.5708
  found_in_gazebo : 1

 ErrorResults 
  stamp : 2025-11-28T21:55:10Z
  target_type : sphere
  model_name : sphere
  pose : 
       - position : [-0.296109 , 3.84525 , 0.746244]
       - orientation : [0.707107 , 0.707107 , -4.34483e-08 , 2.91969e-08]
  RingCirclePositionError : 0
  position_error : 0.167298
  orientation_error : 1.5708
  found_in_gazebo : 1

 ErrorResults 
  stamp : 2025-11-28T21:55:10Z
  target_type : sphere
  model_name : sphere
  pose : 
       - position : [-0.296109 , 3.84525 , 0.746244]
       - orientation : [0.707107 , 0.707107 , -4.34483e-08 , 2.91969e-08]
  RingCirclePositionError : 0
  position_error : 0.167223
  orientation_error : 1.5708
  found_in_gazebo : 1

 ErrorResults 
  stamp : 2025-11-28T21:55:10Z
  target_type : sphere
  model_name : sphere
  pose : 
       - position : [-0.296109 , 3.84525 , 0.746244]
       - orientation : [0.707107 , 0.707107 , -4.34483e-08 , 2.91969e-08]
  RingCirclePositionError : 0
  position_error : 0.167131
  orientation_error : 1.5708
  found_in_gazebo : 1

 ErrorResults 
  stamp : 2025-11-28T21:55:10Z
  target_type : sphere
  model_name : sphere
  pose : 
       - position : [-0.296109 , 3.84525 , 0.746244]
       - orientation : [0.707107 , 0.707107 , -4.34483e-08 , 2.91969e-08]
  RingCirclePositionError : 0
  position_error : 0.167046
  orientation_error : 1.5708
  found_in_gazebo : 1

 ErrorResults 
  stamp : 2025-11-28T21:55:10Z
  target_type : sphere
  model_name : sphere
  pose : 
       - position : [-0.299284 , 3.84549 , 0.744932]
       - orientation : [0.707107 , 0.707107 , 3.89652e-11 , -4.10825e-11]
  RingCirclePositionError : 0
  position_error : 0.16719
  orientation_error : 1.5708
  found_in_gazebo : 1

 ErrorResults 
  stamp : 2025-11-28T21:55:10Z
  target_type : sphere
  model_name : sphere
  pose : 
       - position : [-0.298313 , 3.84749 , 0.745215]
       - orientation : [0.707107 , 0.707107 , 4.45464e-11 , -4.38898e-11]
  RingCirclePositionError : 0
  position_error : 0.16518
  orientation_error : 1.5708
  found_in_gazebo : 1

 ErrorResults 
  stamp : 2025-11-28T21:55:10Z
  target_type : sphere
  model_name : sphere
  pose : 
       - position : [-0.298262 , 3.84648 , 0.744691]
       - orientation : [0.707107 , 0.707107 , 8.97034e-08 , -6.06027e-08]
  RingCirclePositionError : 0
  position_error : 0.166225
  orientation_error : 1.5708
  found_in_gazebo : 1

 ErrorResults 
  stamp : 2025-11-28T21:55:10Z
  target_type : sphere
  model_name : sphere
  pose : 
       - position : [-0.298906 , 3.84519 , 0.743962]
       - orientation : [0.707107 , 0.707107 , -4.29512e-11 , 3.04972e-11]
  RingCirclePositionError : 0
  position_error : 0.1676
  orientation_error : 1.5708
  found_in_gazebo : 1

 ErrorResults 
  stamp : 2025-11-28T21:55:10Z
  target_type : sphere
  model_name : sphere
  pose : 
       - position : [-0.297877 , 3.84706 , 0.744409]
       - orientation : [0.707107 , 0.707107 , 5.3263e-11 , -4.62694e-11]
  RingCirclePositionError : 0
  position_error : 0.165602
  orientation_error : 1.5708
  found_in_gazebo : 1

 ErrorResults 
  stamp : 2025-11-28T21:55:10Z
  target_type : sphere
  model_name : sphere
  pose : 
       - position : [-0.298184 , 3.84642 , 0.744136]
       - orientation : [0.707107 , 0.707107 , 8.97353e-08 , -6.06421e-08]
  RingCirclePositionError : 0
  position_error : 0.166212
  orientation_error : 1.5708
  found_in_gazebo : 1

 ErrorResults 
  stamp : 2025-11-28T21:55:10Z
  target_type : sphere
  model_name : sphere
  pose : 
       - position : [-0.298236 , 3.84762 , 0.744217]
       - orientation : [0.707107 , 0.707107 , 2.3841e-11 , -1.86903e-11]
  RingCirclePositionError : 0
  position_error : 0.165003
  orientation_error : 1.5708
  found_in_gazebo : 1

 ErrorResults 
  stamp : 2025-11-28T21:55:10Z
  target_type : sphere
  model_name : sphere
  pose : 
       - position : [-0.298236 , 3.84762 , 0.744217]
       - orientation : [0.707107 , 0.707107 , 2.3841e-11 , -1.86903e-11]
  RingCirclePositionError : 0
  position_error : 0.164916
  orientation_error : 1.5708
  found_in_gazebo : 1

 ErrorResults 
  stamp : 2025-11-28T21:55:10Z
  target_type : sphere
  model_name : sphere
  pose : 
       - position : [-0.296906 , 3.84493 , 0.743677]
       - orientation : [0.707107 , 0.707107 , -8.93906e-08 , 6.04147e-08]
  RingCirclePositionError : 0
  position_error : 0.167554
  orientation_error : 1.5708
  found_in_gazebo : 1

 ErrorResults 
  stamp : 2025-11-28T21:55:10Z
  target_type : sphere
  model_name : sphere
  pose : 
       - position : [-0.298482 , 3.84464 , 0.742842]
       - orientation : [0.707107 , 0.707107 , 4.39534e-08 , -2.96003e-08]
  RingCirclePositionError : 0
  position_error : 0.16804
  orientation_error : 1.5708
  found_in_gazebo : 1

 ErrorResults 
  stamp : 2025-11-28T21:55:10Z
  target_type : sphere
  model_name : sphere
  pose : 
       - position : [-0.297512 , 3.84328 , 0.742768]
       - orientation : [0.707107 , 0.707107 , 8.95628e-08 , -6.05504e-08]
  RingCirclePositionError : 0
  position_error : 0.169238
  orientation_error : 1.5708
  found_in_gazebo : 1

 ErrorResults 
  stamp : 2025-11-28T21:55:10Z
  target_type : sphere
  model_name : sphere
  pose : 
       - position : [-0.297487 , 3.84787 , 0.742934]
       - orientation : [0.707107 , 0.707107 , -4.38538e-08 , 2.9533e-08]
  RingCirclePositionError : 0
  position_error : 0.164845
  orientation_error : 1.5708
  found_in_gazebo : 1

 ErrorResults 
  stamp : 2025-11-28T21:55:10Z
  target_type : sphere
  model_name : sphere
  pose : 
       - position : [-0.29856 , 3.84747 , 0.742184]
       - orientation : [0.707107 , 0.707107 , 4.39783e-08 , -2.96151e-08]
  RingCirclePositionError : 0
  position_error : 0.165411
  orientation_error : 1.5708
  found_in_gazebo : 1

 ErrorResults 
  stamp : 2025-11-28T21:55:10Z
  target_type : sphere
  model_name : sphere
  pose : 
       - position : [-0.29856 , 3.84747 , 0.742184]
       - orientation : [0.707107 , 0.707107 , 4.39783e-08 , -2.96151e-08]
  RingCirclePositionError : 0
  position_error : 0.165328
  orientation_error : 1.5708
  found_in_gazebo : 1

 ErrorResults 
  stamp : 2025-11-28T21:55:10Z
  target_type : sphere
  model_name : sphere
  pose : 
       - position : [-0.298914 , 3.84642 , 0.741666]
       - orientation : [0.707107 , 0.707107 , -9.01611e-08 , 6.10111e-08]
  RingCirclePositionError : 0
  position_error : 0.166412
  orientation_error : 1.5708
  found_in_gazebo : 1

 ErrorResults 
  stamp : 2025-11-28T21:55:10Z
  target_type : sphere
  model_name : sphere
  pose : 
       - position : [-0.298521 , 3.84615 , 0.741718]
       - orientation : [0.707107 , 0.707107 , 4.39862e-08 , -2.96312e-08]
  RingCirclePositionError : 0
  position_error : 0.166565
  orientation_error : 1.5708
  found_in_gazebo : 1

 ErrorResults 
  stamp : 2025-11-28T21:55:10Z
  target_type : sphere
  model_name : sphere
  pose : 
       - position : [-0.298001 , 3.84519 , 0.741366]
       - orientation : [0.707107 , 0.707107 , -1.27587e-11 , 9.42946e-12]
  RingCirclePositionError : 0
  position_error : 0.167502
  orientation_error : 1.5708
  found_in_gazebo : 1

 ErrorResults 
  stamp : 2025-11-28T21:55:10Z
  target_type : sphere
  model_name : sphere
  pose : 
       - position : [-0.296926 , 3.84688 , 0.741939]
       - orientation : [0.707107 , 0.707107 , 8.96481e-08 , -6.0658e-08]
  RingCirclePositionError : 0
  position_error : 0.165651
  orientation_error : 1.5708
  found_in_gazebo : 1

 ErrorResults 
  stamp : 2025-11-28T21:55:10Z
  target_type : sphere
  model_name : sphere
  pose : 
       - position : [-0.298465 , 3.84586 , 0.741234]
       - orientation : [0.707107 , 0.707107 , -7.47104e-12 , 7.02207e-12]
  RingCirclePositionError : 0
  position_error : 0.166766
  orientation_error : 1.5708
  found_in_gazebo : 1

 ErrorResults 
  stamp : 2025-11-28T21:55:10Z
  target_type : sphere
  model_name : sphere
  pose : 
       - position : [-0.299532 , 3.84403 , 0.740032]
       - orientation : [0.707107 , 0.707107 , -4.4112e-08 , 2.97239e-08]
  RingCirclePositionError : 0
  position_error : 0.16883
  orientation_error : 1.5708
  found_in_gazebo : 1

 ErrorResults 
  stamp : 2025-11-28T21:55:10Z
  target_type : sphere
  model_name : sphere
  pose : 
       - position : [-0.299529 , 3.84692 , 0.74025]
       - orientation : [0.707107 , 0.707107 , 4.42011e-08 , -2.98053e-08]
  RingCirclePositionError : 0
  position_error : 0.165994
  orientation_error : 1.5708
  found_in_gazebo : 1

 ErrorResults 
  stamp : 2025-11-28T21:55:11Z
  target_type : sphere
  model_name : sphere
  pose : 
       - position : [-0.299112 , 3.8466 , 0.74031]
       - orientation : [0.707107 , 0.707107 , -6.98802e-11 , 6.76997e-11]
  RingCirclePositionError : 0
  position_error : 0.166181
  orientation_error : 1.5708
  found_in_gazebo : 1

 ErrorResults 
  stamp : 2025-11-28T21:55:11Z
  target_type : sphere
  model_name : sphere
  pose : 
       - position : [-0.299112 , 3.8466 , 0.74031]
       - orientation : [0.707107 , 0.707107 , -6.98802e-11 , 6.76997e-11]
  RingCirclePositionError : 0
  position_error : 0.16608
  orientation_error : 1.5708
  found_in_gazebo : 1

 ErrorResults 
  stamp : 2025-11-28T21:55:11Z
  target_type : sphere
  model_name : sphere
  pose : 
       - position : [-0.2994 , 3.84584 , 0.73961]
       - orientation : [0.707107 , 0.707107 , 1.73446e-12 , 2.10997e-12]
  RingCirclePositionError : 0
  position_error : 0.166989
  orientation_error : 1.5708
  found_in_gazebo : 1

 ErrorResults 
  stamp : 2025-11-28T21:55:11Z
  target_type : sphere
  model_name : sphere
  pose : 
       - position : [-0.297118 , 3.84562 , 0.740009]
       - orientation : [0.707107 , 0.707107 , -5.16628e-11 , 4.9496e-11]
  RingCirclePositionError : 0
  position_error : 0.166975
  orientation_error : 1.5708
  found_in_gazebo : 1

 ErrorResults 
  stamp : 2025-11-28T21:55:11Z
  target_type : sphere
  model_name : sphere
  pose : 
       - position : [-0.297118 , 3.84562 , 0.740009]
       - orientation : [0.707107 , 0.707107 , -5.16628e-11 , 4.9496e-11]
  RingCirclePositionError : 0
  position_error : 0.166893
  orientation_error : 1.5708
  found_in_gazebo : 1

 ErrorResults 
  stamp : 2025-11-28T21:55:11Z
  target_type : sphere
  model_name : sphere
  pose : 
       - position : [-0.297118 , 3.84562 , 0.740009]
       - orientation : [0.707107 , 0.707107 , -5.16628e-11 , 4.9496e-11]
  RingCirclePositionError : 0
  position_error : 0.166827
  orientation_error : 1.5708
  found_in_gazebo : 1

 ErrorResults 
  stamp : 2025-11-28T21:55:11Z
  target_type : sphere
  model_name : sphere
  pose : 
       - position : [-0.298431 , 3.8449 , 0.739137]
       - orientation : [0.707107 , 0.707107 , -1.23744e-11 , 5.05864e-12]
  RingCirclePositionError : 0
  position_error : 0.167734
  orientation_error : 1.5708
  found_in_gazebo : 1

 ErrorResults 
  stamp : 2025-11-28T21:55:11Z
  target_type : sphere
  model_name : sphere
  pose : 
       - position : [-0.298465 , 3.84658 , 0.739011]
       - orientation : [0.707107 , 0.707107 , 9.03135e-08 , -6.1203e-08]
  RingCirclePositionError : 0
  position_error : 0.166149
  orientation_error : 1.5708
  found_in_gazebo : 1

 ErrorResults 
  stamp : 2025-11-28T21:55:11Z
  target_type : sphere
  model_name : sphere
  pose : 
       - position : [-0.296109 , 3.84525 , 0.739303]
       - orientation : [0.707107 , 0.707107 , -4.37354e-08 , 2.94844e-08]
  RingCirclePositionError : 0
  position_error : 0.167224
  orientation_error : 1.5708
  found_in_gazebo : 1

 ErrorResults 
  stamp : 2025-11-28T21:55:11Z
  target_type : sphere
  model_name : sphere
  pose : 
       - position : [-0.296109 , 3.84525 , 0.739303]
       - orientation : [0.707107 , 0.707107 , -4.37354e-08 , 2.94844e-08]
  RingCirclePositionError : 0
  position_error : 0.167136
  orientation_error : 1.5708
  found_in_gazebo : 1

 ErrorResults 
  stamp : 2025-11-28T21:55:11Z
  target_type : sphere
  model_name : sphere
  pose : 
       - position : [-0.296299 , 3.84805 , 0.739458]
       - orientation : [0.707107 , 0.707107 , -4.38578e-08 , 2.95916e-08]
  RingCirclePositionError : 0
  position_error : 0.164389
  orientation_error : 1.5708
  found_in_gazebo : 1

 ErrorResults 
  stamp : 2025-11-28T21:55:11Z
  target_type : sphere
  model_name : sphere
  pose : 
       - position : [-0.297776 , 3.84895 , 0.738916]
       - orientation : [0.707107 , 0.707107 , -9.02486e-08 , 6.11771e-08]
  RingCirclePositionError : 0
  position_error : 0.163663
  orientation_error : 1.5708
  found_in_gazebo : 1

 ErrorResults 
  stamp : 2025-11-28T21:55:11Z
  target_type : sphere
  model_name : sphere
  pose : 
       - position : [-0.299389 , 3.84795 , 0.738151]
       - orientation : [0.707107 , 0.707107 , 2.26189e-11 , -1.37838e-11]
  RingCirclePositionError : 0
  position_error : 0.164786
  orientation_error : 1.5708
  found_in_gazebo : 1

 ErrorResults 
  stamp : 2025-11-28T21:55:11Z
  target_type : sphere
  model_name : sphere
  pose : 
       - position : [-0.298318 , 3.84809 , 0.738312]
       - orientation : [0.707107 , 0.707107 , -4.41622e-08 , 2.98056e-08]
  RingCirclePositionError : 0
  position_error : 0.16452
  orientation_error : 1.5708
  found_in_gazebo : 1

 ErrorResults 
  stamp : 2025-11-28T21:55:11Z
  target_type : sphere
  model_name : sphere
  pose : 
       - position : [-0.298088 , 3.84872 , 0.737987]
       - orientation : [0.707107 , 0.707107 , -1.90149e-11 , 1.59035e-11]
  RingCirclePositionError : 0
  position_error : 0.163975
  orientation_error : 1.5708
  found_in_gazebo : 1

 ErrorResults 
  stamp : 2025-11-28T21:55:11Z
  target_type : sphere
  model_name : sphere
  pose : 
       - position : [-0.297877 , 3.84706 , 0.737465]
       - orientation : [0.707107 , 0.707107 , 6.30462e-11 , -6.28236e-11]
  RingCirclePositionError : 0
  position_error : 0.165619
  orientation_error : 1.5708
  found_in_gazebo : 1

 ErrorResults 
  stamp : 2025-11-28T21:55:11Z
  target_type : sphere
  model_name : sphere
  pose : 
       - position : [-0.298735 , 3.84772 , 0.737157]
       - orientation : [0.707107 , 0.707107 , 9.06138e-08 , -6.14753e-08]
  RingCirclePositionError : 0
  position_error : 0.165036
  orientation_error : 1.5708
  found_in_gazebo : 1

 ErrorResults 
  stamp : 2025-11-28T21:55:11Z
  target_type : sphere
  model_name : sphere
  pose : 
       - position : [-0.298236 , 3.84762 , 0.737271]
       - orientation : [0.707107 , 0.707107 , 5.43245e-11 , -5.47335e-11]
  RingCirclePositionError : 0
  position_error : 0.165001
  orientation_error : 1.5708
  found_in_gazebo : 1

 ErrorResults 
  stamp : 2025-11-28T21:55:11Z
  target_type : sphere
  model_name : sphere
  pose : 
       - position : [-0.298236 , 3.84762 , 0.737271]
       - orientation : [0.707107 , 0.707107 , 5.43245e-11 , -5.47335e-11]
  RingCirclePositionError : 0
  position_error : 0.16493
  orientation_error : 1.5708
  found_in_gazebo : 1

 ErrorResults 
  stamp : 2025-11-28T21:55:11Z
  target_type : sphere
  model_name : sphere
  pose : 
       - position : [-0.299044 , 3.84834 , 0.737018]
       - orientation : [0.707107 , 0.707107 , -9.07329e-08 , 6.15645e-08]
  RingCirclePositionError : 0
  position_error : 0.164262
  orientation_error : 1.5708
  found_in_gazebo : 1

 ErrorResults 
  stamp : 2025-11-28T21:55:11Z
  target_type : sphere
  model_name : sphere
  pose : 
       - position : [-0.297165 , 3.84497 , 0.736608]
       - orientation : [0.707107 , 0.707107 , 4.11614e-11 , -3.52731e-11]
  RingCirclePositionError : 0
  position_error : 0.167471
  orientation_error : 1.5708
  found_in_gazebo : 1

 ErrorResults 
  stamp : 2025-11-28T21:55:11Z
  target_type : sphere
  model_name : sphere
  pose : 
       - position : [-0.297165 , 3.84497 , 0.736608]
       - orientation : [0.707107 , 0.707107 , 4.11614e-11 , -3.52731e-11]
  RingCirclePositionError : 0
  position_error : 0.167397
  orientation_error : 1.5708
  found_in_gazebo : 1

 ErrorResults 
  stamp : 2025-11-28T21:55:11Z
  target_type : sphere
  model_name : sphere
  pose : 
       - position : [-0.298634 , 3.85038 , 0.736259]
       - orientation : [0.707107 , 0.707107 , -4.43119e-08 , 2.99467e-08]
  RingCirclePositionError : 0
  position_error : 0.162424
  orientation_error : 1.5708
  found_in_gazebo : 1

 ErrorResults 
  stamp : 2025-11-28T21:55:11Z
  target_type : sphere
  model_name : sphere
  pose : 
       - position : [-0.298428 , 3.8489 , 0.735805]
       - orientation : [0.707107 , 0.707107 , 4.42686e-08 , -2.99197e-08]
  RingCirclePositionError : 0
  position_error : 0.163882
  orientation_error : 1.5708
  found_in_gazebo : 1

 ErrorResults 
  stamp : 2025-11-28T21:55:11Z
  target_type : sphere
  model_name : sphere
  pose : 
       - position : [-0.29856 , 3.84747 , 0.735239]
       - orientation : [0.707107 , 0.707107 , 4.4309e-08 , -2.99595e-08]
  RingCirclePositionError : 0
  position_error : 0.165331
  orientation_error : 1.5708
  found_in_gazebo : 1

 ErrorResults 
  stamp : 2025-11-28T21:55:11Z
  target_type : sphere
  model_name : sphere
  pose : 
       - position : [-0.29856 , 3.84747 , 0.735239]
       - orientation : [0.707107 , 0.707107 , 4.4309e-08 , -2.99595e-08]
  RingCirclePositionError : 0
  position_error : 0.165248
  orientation_error : 1.5708
  found_in_gazebo : 1

 ErrorResults 
  stamp : 2025-11-28T21:55:11Z
  target_type : sphere
  model_name : sphere
  pose : 
       - position : [-0.298398 , 3.84815 , 0.735342]
       - orientation : [0.707107 , 0.707107 , 4.43237e-08 , -2.99748e-08]
  RingCirclePositionError : 0
  position_error : 0.164497
  orientation_error : 1.5708
  found_in_gazebo : 1

 ErrorResults 
  stamp : 2025-11-28T21:55:11Z
  target_type : sphere
  model_name : sphere
  pose : 
       - position : [-0.298521 , 3.84676 , 0.73482]
       - orientation : [0.707107 , 0.707107 , -5.09772e-11 , 4.45157e-11]
  RingCirclePositionError : 0
  position_error : 0.165911
  orientation_error : 1.5708
  found_in_gazebo : 1

 ErrorResults 
  stamp : 2025-11-28T21:55:11Z
  target_type : sphere
  model_name : sphere
  pose : 
       - position : [-0.298521 , 3.84763 , 0.734883]
       - orientation : [0.707107 , 0.707107 , -9.07774e-08 , 6.16611e-08]
  RingCirclePositionError : 0
  position_error : 0.164982
  orientation_error : 1.5708
  found_in_gazebo : 1

 ErrorResults 
  stamp : 2025-11-28T21:55:11Z
  target_type : sphere
  model_name : sphere
  pose : 
       - position : [-0.296928 , 3.84693 , 0.734998]
       - orientation : [0.707107 , 0.707107 , -9.03278e-08 , 6.13475e-08]
  RingCirclePositionError : 0
  position_error : 0.165521
  orientation_error : 1.5708
  found_in_gazebo : 1

 ErrorResults 
  stamp : 2025-11-28T21:55:11Z
  target_type : sphere
  model_name : sphere
  pose : 
       - position : [-0.298593 , 3.84856 , 0.734463]
       - orientation : [0.707107 , 0.707107 , 4.43221e-08 , -2.99663e-08]
  RingCirclePositionError : 0
  position_error : 0.164099
  orientation_error : 1.5708
  found_in_gazebo : 1

 ErrorResults 
  stamp : 2025-11-28T21:55:11Z
  target_type : sphere
  model_name : sphere
  pose : 
       - position : [-0.299529 , 3.84692 , 0.733306]
       - orientation : [0.707107 , 0.707107 , 4.44963e-08 , -3.01038e-08]
  RingCirclePositionError : 0
  position_error : 0.165977
  orientation_error : 1.5708
  found_in_gazebo : 1

 ErrorResults 
  stamp : 2025-11-28T21:55:11Z
  target_type : sphere
  model_name : sphere
  pose : 
       - position : [-0.299529 , 3.84692 , 0.733306]
       - orientation : [0.707107 , 0.707107 , 4.44963e-08 , -3.01038e-08]
  RingCirclePositionError : 0
  position_error : 0.165875
  orientation_error : 1.5708
  found_in_gazebo : 1

 ErrorResults 
  stamp : 2025-11-28T21:55:11Z
  target_type : sphere
  model_name : sphere
  pose : 
       - position : [-0.299112 , 3.8466 , 0.733366]
       - orientation : [0.707107 , 0.707107 , -3.94904e-11 , 3.17446e-11]
  RingCirclePositionError : 0
  position_error : 0.16607
  orientation_error : 1.5708
  found_in_gazebo : 1

 ErrorResults 
  stamp : 2025-11-28T21:55:11Z
  target_type : sphere
  model_name : sphere
  pose : 
       - position : [-0.299086 , 3.84844 , 0.733507]
       - orientation : [0.707107 , 0.707107 , 3.72672e-11 , -3.14274e-11]
  RingCirclePositionError : 0
  position_error : 0.164228
  orientation_error : 1.5708
  found_in_gazebo : 1

 ErrorResults 
  stamp : 2025-11-28T21:55:11Z
  target_type : sphere
  model_name : sphere
  pose : 
       - position : [-0.298173 , 3.8464 , 0.733007]
       - orientation : [0.707107 , 0.707107 , -7.53267e-12 , -8.30201e-13]
  RingCirclePositionError : 0
  position_error : 0.166236
  orientation_error : 1.5708
  found_in_gazebo : 1

 ErrorResults 
  stamp : 2025-11-28T21:55:11Z
  target_type : sphere
  model_name : sphere
  pose : 
       - position : [-0.297118 , 3.84562 , 0.733067]
       - orientation : [0.707107 , 0.707107 , -2.16879e-11 , 1.39741e-11]
  RingCirclePositionError : 0
  position_error : 0.166857
  orientation_error : 1.5708
  found_in_gazebo : 1

 ErrorResults 
  stamp : 2025-11-28T21:55:11Z
  target_type : sphere
  model_name : sphere
  pose : 
       - position : [-0.297112 , 3.84562 , 0.733071]
       - orientation : [0.707107 , 0.707107 , 3.31929e-12 , -9.82138e-12]
  RingCirclePositionError : 0
  position_error : 0.166772
  orientation_error : 1.5708
  found_in_gazebo : 1

 ErrorResults 
  stamp : 2025-11-28T21:55:11Z
  target_type : sphere
  model_name : sphere
  pose : 
       - position : [-0.297237 , 3.8489 , 0.733281]
       - orientation : [0.707107 , 0.707107 , -1.62434e-11 , 8.17053e-12]
  RingCirclePositionError : 0
  position_error : 0.163588
  orientation_error : 1.5708
  found_in_gazebo : 1

 ErrorResults 
  stamp : 2025-11-28T21:55:11Z
  target_type : sphere
  model_name : sphere
  pose : 
       - position : [-0.298465 , 3.84658 , 0.732067]
       - orientation : [0.707107 , 0.707107 , 9.09954e-08 , -6.18965e-08]
  RingCirclePositionError : 0
  position_error : 0.166079
  orientation_error : 1.5708
  found_in_gazebo : 1

 ErrorResults 
  stamp : 2025-11-28T21:55:11Z
  target_type : sphere
  model_name : sphere
  pose : 
       - position : [-0.299436 , 3.84695 , 0.731887]
       - orientation : [0.707107 , 0.707107 , -4.46174e-08 , 3.02365e-08]
  RingCirclePositionError : 0
  position_error : 0.165728
  orientation_error : 1.5708
  found_in_gazebo : 1

 ErrorResults 
  stamp : 2025-11-28T21:55:11Z
  target_type : sphere
  model_name : sphere
  pose : 
       - position : [-0.296299 , 3.84805 , 0.732512]
       - orientation : [0.707107 , 0.707107 , -4.41686e-08 , 2.99028e-08]
  RingCirclePositionError : 0
  position_error : 0.164396
  orientation_error : 1.5708
  found_in_gazebo : 1

 ErrorResults 
  stamp : 2025-11-28T21:55:11Z
  target_type : sphere
  model_name : sphere
  pose : 
       - position : [-0.297776 , 3.84895 , 0.731968]
       - orientation : [0.707107 , 0.707107 , -9.09309e-08 , 6.1871e-08]
  RingCirclePositionError : 0
  position_error : 0.163685
  orientation_error : 1.5708
  found_in_gazebo : 1

 ErrorResults 
  stamp : 2025-11-28T21:55:11Z
  target_type : sphere
  model_name : sphere
  pose : 
       - position : [-0.297776 , 3.84895 , 0.731968]
       - orientation : [0.707107 , 0.707107 , -9.09309e-08 , 6.1871e-08]
  RingCirclePositionError : 0
  position_error : 0.163583
  orientation_error : 1.5708
  found_in_gazebo : 1

 ErrorResults 
  stamp : 2025-11-28T21:55:12Z
  target_type : sphere
  model_name : sphere
  pose : 
       - position : [-0.299438 , 3.8491 , 0.731279]
       - orientation : [0.707107 , 0.707107 , -9.53123e-12 , 1.35447e-12]
  RingCirclePositionError : 0
  position_error : 0.1636
  orientation_error : 1.5708
  found_in_gazebo : 1

 ErrorResults 
  stamp : 2025-11-28T21:55:12Z
  target_type : sphere
  model_name : sphere
  pose : 
       - position : [-0.298338 , 3.85027 , 0.731515]
       - orientation : [0.707107 , 0.707107 , 4.4469e-08 , -3.01221e-08]
  RingCirclePositionError : 0
  position_error : 0.162352
  orientation_error : 1.5708
  found_in_gazebo : 1

 ErrorResults 
  stamp : 2025-11-28T21:55:12Z
  target_type : sphere
  model_name : sphere
  pose : 
       - position : [-0.297635 , 3.8492 , 0.731538]
       - orientation : [0.707107 , 0.707107 , -9.09481e-08 , 6.18986e-08]
  RingCirclePositionError : 0
  position_error : 0.163257
  orientation_error : 1.5708
  found_in_gazebo : 1

 ErrorResults 
  stamp : 2025-11-28T21:55:12Z
  target_type : sphere
  model_name : sphere
  pose : 
       - position : [-0.298969 , 3.84815 , 0.73029]
       - orientation : [0.707107 , 0.707107 , 4.4587e-08 , -3.02155e-08]
  RingCirclePositionError : 0
  position_error : 0.164615
  orientation_error : 1.5708
  found_in_gazebo : 1

 ErrorResults 
  stamp : 2025-11-28T21:55:12Z
  target_type : sphere
  model_name : sphere
  pose : 
       - position : [-0.298404 , 3.84812 , 0.730451]
       - orientation : [0.707107 , 0.707107 , -9.1206e-08 , 6.21036e-08]
  RingCirclePositionError : 0
  position_error : 0.16449
  orientation_error : 1.5708
  found_in_gazebo : 1

 ErrorResults 
  stamp : 2025-11-28T21:55:12Z
  target_type : sphere
  model_name : sphere
  pose : 
       - position : [-0.298236 , 3.84762 , 0.730326]
       - orientation : [0.707107 , 0.707107 , 4.80703e-11 , -4.3215e-11]
  RingCirclePositionError : 0
  position_error : 0.164918
  orientation_error : 1.5708
  found_in_gazebo : 1

 ErrorResults 
  stamp : 2025-11-28T21:55:12Z
  target_type : sphere
  model_name : sphere
  pose : 
       - position : [-0.299044 , 3.84834 , 0.730072]
       - orientation : [0.707107 , 0.707107 , -9.14179e-08 , 6.22621e-08]
  RingCirclePositionError : 0
  position_error : 0.164254
  orientation_error : 1.5708
  found_in_gazebo : 1

 ErrorResults 
  stamp : 2025-11-28T21:55:12Z
  target_type : sphere
  model_name : sphere
  pose : 
       - position : [-0.299044 , 3.84834 , 0.730072]
       - orientation : [0.707107 , 0.707107 , -9.14179e-08 , 6.22621e-08]
  RingCirclePositionError : 0
  position_error : 0.164167
  orientation_error : 1.5708
  found_in_gazebo : 1

 ErrorResults 
  stamp : 2025-11-28T21:55:12Z
  target_type : sphere
  model_name : sphere
  pose : 
       - position : [-0.295406 , 3.84537 , 0.730596]
       - orientation : [0.707107 , 0.707107 , 2.34718e-11 , -1.66965e-11]
  RingCirclePositionError : 0
  position_error : 0.166689
  orientation_error : 1.5708
  found_in_gazebo : 1

 ErrorResults 
  stamp : 2025-11-28T21:55:12Z
  target_type : sphere
  model_name : sphere
  pose : 
       - position : [-0.298654 , 3.85057 , 0.729368]
       - orientation : [0.707107 , 0.707107 , 9.14849e-08 , -6.23456e-08]
  RingCirclePositionError : 0
  position_error : 0.162206
  orientation_error : 1.5708
  found_in_gazebo : 1

 ErrorResults 
  stamp : 2025-11-28T21:55:12Z
  target_type : sphere
  model_name : sphere
  pose : 
       - position : [-0.298634 , 3.85038 , 0.729309]
       - orientation : [0.707107 , 0.707107 , -4.46259e-08 , 3.02619e-08]
  RingCirclePositionError : 0
  position_error : 0.162311
  orientation_error : 1.5708
  found_in_gazebo : 1

 ErrorResults 
  stamp : 2025-11-28T21:55:12Z
  target_type : sphere
  model_name : sphere
  pose : 
       - position : [-0.298428 , 3.8489 , 0.728857]
       - orientation : [0.707107 , 0.707107 , 4.45856e-08 , -3.02395e-08]
  RingCirclePositionError : 0
  position_error : 0.163775
  orientation_error : 1.5708
  found_in_gazebo : 1

 ErrorResults 
  stamp : 2025-11-28T21:55:12Z
  target_type : sphere
  model_name : sphere
  pose : 
       - position : [-0.29856 , 3.84747 , 0.728294]
       - orientation : [0.707107 , 0.707107 , 4.46053e-08 , -3.026e-08]
  RingCirclePositionError : 0
  position_error : 0.165231
  orientation_error : 1.5708
  found_in_gazebo : 1

 ErrorResults 
  stamp : 2025-11-28T21:55:12Z
  target_type : sphere
  model_name : sphere
  pose : 
       - position : [-0.298398 , 3.84815 , 0.728396]
       - orientation : [0.707107 , 0.707107 , 4.46201e-08 , -3.02754e-08]
  RingCirclePositionError : 0
  position_error : 0.164477
  orientation_error : 1.5708
  found_in_gazebo : 1

 ErrorResults 
  stamp : 2025-11-28T21:55:12Z
  target_type : sphere
  model_name : sphere
  pose : 
       - position : [-0.297096 , 3.84946 , 0.728891]
       - orientation : [0.707107 , 0.707107 , -2.60234e-11 , 2.73161e-11]
  RingCirclePositionError : 0
  position_error : 0.163013
  orientation_error : 1.5708
  found_in_gazebo : 1

 ErrorResults 
  stamp : 2025-11-28T21:55:12Z
  target_type : sphere
  model_name : sphere
  pose : 
       - position : [-0.298521 , 3.84763 , 0.727938]
       - orientation : [0.707107 , 0.707107 , -9.14627e-08 , 6.23597e-08]
  RingCirclePositionError : 0
  position_error : 0.164973
  orientation_error : 1.5708
  found_in_gazebo : 1

 ErrorResults 
  stamp : 2025-11-28T21:55:12Z
  target_type : sphere
  model_name : sphere
  pose : 
       - position : [-0.29852 , 3.84826 , 0.727983]
       - orientation : [0.707107 , 0.707107 , -4.47012e-08 , 3.03482e-08]
  RingCirclePositionError : 0
  position_error : 0.164287
  orientation_error : 1.5708
  found_in_gazebo : 1

 ErrorResults 
  stamp : 2025-11-28T21:55:12Z
  target_type : sphere
  model_name : sphere
  pose : 
       - position : [-0.298932 , 3.84916 , 0.727426]
       - orientation : [0.707107 , 0.707107 , -4.83249e-11 , 4.10055e-11]
  RingCirclePositionError : 0
  position_error : 0.163583
  orientation_error : 1.5708
  found_in_gazebo : 1

 ErrorResults 
  stamp : 2025-11-28T21:55:12Z
  target_type : sphere
  model_name : sphere
  pose : 
       - position : [-0.298932 , 3.84916 , 0.727426]
       - orientation : [0.707107 , 0.707107 , -4.83249e-11 , 4.10055e-11]
  RingCirclePositionError : 0
  position_error : 0.163496
  orientation_error : 1.5708
  found_in_gazebo : 1

 ErrorResults 
  stamp : 2025-11-28T21:55:12Z
  target_type : sphere
  model_name : sphere
  pose : 
       - position : [-0.299303 , 3.84777 , 0.726765]
       - orientation : [0.707107 , 0.707107 , 2.10408e-11 , -1.46928e-11]
  RingCirclePositionError : 0
  position_error : 0.164946
  orientation_error : 1.5708
  found_in_gazebo : 1

 ErrorResults 
  stamp : 2025-11-28T21:55:12Z
  target_type : sphere
  model_name : sphere
  pose : 
       - position : [-0.299529 , 3.84692 , 0.726363]
       - orientation : [0.707107 , 0.707107 , 4.48503e-08 , -3.04722e-08]
  RingCirclePositionError : 0
  position_error : 0.165806
  orientation_error : 1.5708
  found_in_gazebo : 1

 ErrorResults 
  stamp : 2025-11-28T21:55:12Z
  target_type : sphere
  model_name : sphere
  pose : 
       - position : [-0.299086 , 3.84844 , 0.72656]
       - orientation : [0.707107 , 0.707107 , 6.70786e-11 , -6.68713e-11]
  RingCirclePositionError : 0
  position_error : 0.164235
  orientation_error : 1.5708
  found_in_gazebo : 1

 ErrorResults 
  stamp : 2025-11-28T21:55:12Z
  target_type : sphere
  model_name : sphere
  pose : 
       - position : [-0.299086 , 3.84844 , 0.72656]
       - orientation : [0.707107 , 0.707107 , 6.70786e-11 , -6.68713e-11]
  RingCirclePositionError : 0
  position_error : 0.16416
  orientation_error : 1.5708
  found_in_gazebo : 1

 ErrorResults 
  stamp : 2025-11-28T21:55:12Z
  target_type : sphere
  model_name : sphere
  pose : 
       - position : [-0.299315 , 3.84682 , 0.725964]
       - orientation : [0.707107 , 0.707107 , -9.18278e-08 , 6.26702e-08]
  RingCirclePositionError : 0
  position_error : 0.165802
  orientation_error : 1.5708
  found_in_gazebo : 1

 ErrorResults 
  stamp : 2025-11-28T21:55:12Z
  target_type : sphere
  model_name : sphere
  pose : 
       - position : [-0.297112 , 3.84562 , 0.726129]
       - orientation : [0.707107 , 0.707107 , -2.3134e-11 , 2.06701e-11]
  RingCirclePositionError : 0
  position_error : 0.166773
  orientation_error : 1.5708
  found_in_gazebo : 1

 ErrorResults 
  stamp : 2025-11-28T21:55:12Z
  target_type : sphere
  model_name : sphere
  pose : 
       - position : [-0.297237 , 3.8489 , 0.726333]
       - orientation : [0.707107 , 0.707107 , -4.27e-11 , 3.86548e-11]
  RingCirclePositionError : 0
  position_error : 0.16358
  orientation_error : 1.5708
  found_in_gazebo : 1

 ErrorResults 
  stamp : 2025-11-28T21:55:12Z
  target_type : sphere
  model_name : sphere
  pose : 
       - position : [-0.297237 , 3.8489 , 0.726333]
       - orientation : [0.707107 , 0.707107 , -4.27e-11 , 3.86548e-11]
  RingCirclePositionError : 0
  position_error : 0.163501
  orientation_error : 1.5708
  found_in_gazebo : 1

 ErrorResults 
  stamp : 2025-11-28T21:55:12Z
  target_type : sphere
  model_name : sphere
  pose : 
       - position : [-0.296616 , 3.84842 , 0.726369]
       - orientation : [0.707107 , 0.707107 , -2.96514e-11 , 3.03333e-11]
  RingCirclePositionError : 0
  position_error : 0.163856
  orientation_error : 1.5708
  found_in_gazebo : 1

 ErrorResults 
  stamp : 2025-11-28T21:55:12Z
  target_type : sphere
  model_name : sphere
  pose : 
       - position : [-0.297474 , 3.84848 , 0.72547]
       - orientation : [0.707107 , 0.707107 , 9.14746e-08 , -6.24563e-08]
  RingCirclePositionError : 0
  position_error : 0.164061
  orientation_error : 1.5708
  found_in_gazebo : 1

 ErrorResults 
  stamp : 2025-11-28T21:55:12Z
  target_type : sphere
  model_name : sphere
  pose : 
       - position : [-0.297776 , 3.84895 , 0.72502]
       - orientation : [0.707107 , 0.707107 , -9.16175e-08 , 6.2572e-08]
  RingCirclePositionError : 0
  position_error : 0.163696
  orientation_error : 1.5708
  found_in_gazebo : 1

 ErrorResults 
  stamp : 2025-11-28T21:55:12Z
  target_type : sphere
  model_name : sphere
  pose : 
       - position : [-0.298168 , 3.84918 , 0.724874]
       - orientation : [0.707107 , 0.707107 , 9.17443e-08 , -6.26651e-08]
  RingCirclePositionError : 0
  position_error : 0.163442
  orientation_error : 1.5708
  found_in_gazebo : 1

 ErrorResults 
  stamp : 2025-11-28T21:55:12Z
  target_type : sphere
  model_name : sphere
  pose : 
       - position : [-0.298168 , 3.84918 , 0.724874]
       - orientation : [0.707107 , 0.707107 , 9.17443e-08 , -6.26651e-08]
  RingCirclePositionError : 0
  position_error : 0.163359
  orientation_error : 1.5708
  found_in_gazebo : 1

 ErrorResults 
  stamp : 2025-11-28T21:55:12Z
  target_type : sphere
  model_name : sphere
  pose : 
       - position : [-0.298437 , 3.85145 , 0.724942]
       - orientation : [0.707107 , 0.707107 , -4.48275e-08 , 3.04749e-08]
  RingCirclePositionError : 0
  position_error : 0.161158
  orientation_error : 1.5708
  found_in_gazebo : 1

 ErrorResults 
  stamp : 2025-11-28T21:55:12Z
  target_type : sphere
  model_name : sphere
  pose : 
       - position : [-0.299495 , 3.85045 , 0.724415]
       - orientation : [0.707107 , 0.707107 , -9.21886e-08 , 6.29922e-08]
  RingCirclePositionError : 0
  position_error : 0.162189
  orientation_error : 1.5708
  found_in_gazebo : 1

 ErrorResults 
  stamp : 2025-11-28T21:55:12Z
  target_type : sphere
  model_name : sphere
  pose : 
       - position : [-0.298338 , 3.85034 , 0.72457]
       - orientation : [0.707107 , 0.707107 , -9.18692e-08 , 6.2768e-08]
  RingCirclePositionError : 0
  position_error : 0.162154
  orientation_error : 1.5708
  found_in_gazebo : 1

 ErrorResults 
  stamp : 2025-11-28T21:55:12Z
  target_type : sphere
  model_name : sphere
  pose : 
       - position : [-0.297536 , 3.84982 , 0.724363]
       - orientation : [0.707107 , 0.707107 , 5.23759e-11 , -5.18368e-11]
  RingCirclePositionError : 0
  position_error : 0.162639
  orientation_error : 1.5708
  found_in_gazebo : 1

 ErrorResults 
  stamp : 2025-11-28T21:55:12Z
  target_type : sphere
  model_name : sphere
  pose : 
       - position : [-0.298969 , 3.84815 , 0.723344]
       - orientation : [0.707107 , 0.707107 , 4.49416e-08 , -3.0585e-08]
  RingCirclePositionError : 0
  position_error : 0.164474
  orientation_error : 1.5708
  found_in_gazebo : 1

 ErrorResults 
  stamp : 2025-11-28T21:55:12Z
  target_type : sphere
  model_name : sphere
  pose : 
       - position : [-0.298419 , 3.84875 , 0.723548]
       - orientation : [0.707107 , 0.707107 , 2.80347e-11 , -2.84809e-11]
  RingCirclePositionError : 0
  position_error : 0.163767
  orientation_error : 1.5708
  found_in_gazebo : 1

 ErrorResults 
  stamp : 2025-11-28T21:55:12Z
  target_type : sphere
  model_name : sphere
  pose : 
       - position : [-0.299044 , 3.84834 , 0.723125]
       - orientation : [0.707107 , 0.707107 , -9.21074e-08 , 6.29669e-08]
  RingCirclePositionError : 0
  position_error : 0.164223
  orientation_error : 1.5708
  found_in_gazebo : 1

 ErrorResults 
  stamp : 2025-11-28T21:55:12Z
  target_type : sphere
  model_name : sphere
  pose : 
       - position : [-0.299044 , 3.84834 , 0.723125]
       - orientation : [0.707107 , 0.707107 , -9.21074e-08 , 6.29669e-08]
  RingCirclePositionError : 0
  position_error : 0.164133
  orientation_error : 1.5708
  found_in_gazebo : 1

 ErrorResults 
  stamp : 2025-11-28T21:55:12Z
  target_type : sphere
  model_name : sphere
  pose : 
       - position : [-0.299159 , 3.85429 , 0.723548]
       - orientation : [0.707107 , 0.707107 , 3.40822e-11 , -2.32107e-11]
  RingCirclePositionError : 0
  position_error : 0.158396
  orientation_error : 1.5708
  found_in_gazebo : 1

 ErrorResults 
  stamp : 2025-11-28T21:55:12Z
  target_type : sphere
  model_name : sphere
  pose : 
       - position : [-0.298654 , 3.85057 , 0.722418]
       - orientation : [0.707107 , 0.707107 , 9.21755e-08 , -6.30518e-08]
  RingCirclePositionError : 0
  position_error : 0.162184
  orientation_error : 1.5708
  found_in_gazebo : 1

 ErrorResults 
  stamp : 2025-11-28T21:55:12Z
  target_type : sphere
  model_name : sphere
  pose : 
       - position : [-0.298748 , 3.85053 , 0.722366]
       - orientation : [0.707107 , 0.707107 , 1.95053e-11 , -2.18822e-11]
  RingCirclePositionError : 0
  position_error : 0.162138
  orientation_error : 1.5708
  found_in_gazebo : 1

 ErrorResults 
  stamp : 2025-11-28T21:55:12Z
  target_type : sphere
  model_name : sphere
  pose : 
       - position : [-0.298634 , 3.85038 , 0.722359]
       - orientation : [0.707107 , 0.707107 , -4.49573e-08 , 3.06081e-08]
  RingCirclePositionError : 0
  position_error : 0.162209
  orientation_error : 1.5708
  found_in_gazebo : 1

 ErrorResults 
  stamp : 2025-11-28T21:55:12Z
  target_type : sphere
  model_name : sphere
  pose : 
       - position : [-0.298425 , 3.84836 , 0.721513]
       - orientation : [0.707107 , 0.707107 , -3.54237e-11 , 3.26351e-11]
  RingCirclePositionError : 0
  position_error : 0.164316
  orientation_error : 1.5708
  found_in_gazebo : 1

 ErrorResults 
  stamp : 2025-11-28T21:55:13Z
  target_type : sphere
  model_name : sphere
  pose : 
       - position : [-0.298968 , 3.8484 , 0.721153]
       - orientation : [0.707107 , 0.707107 , -4.50438e-08 , 3.06893e-08]
  RingCirclePositionError : 0
  position_error : 0.164324
  orientation_error : 1.5708
  found_in_gazebo : 1

 ErrorResults 
  stamp : 2025-11-28T21:55:13Z
  target_type : sphere
  model_name : sphere
  pose : 
       - position : [-0.297096 , 3.84946 , 0.721943]
       - orientation : [0.707107 , 0.707107 , 3.35035e-12 , -7.69589e-12]
  RingCirclePositionError : 0
  position_error : 0.162972
  orientation_error : 1.5708
  found_in_gazebo : 1

 ErrorResults 
  stamp : 2025-11-28T21:55:13Z
  target_type : sphere
  model_name : sphere
  pose : 
       - position : [-0.299261 , 3.84866 , 0.720929]
       - orientation : [0.707107 , 0.707107 , 9.23969e-08 , -6.32418e-08]
  RingCirclePositionError : 0
  position_error : 0.163993
  orientation_error : 1.5708
  found_in_gazebo : 1

 ErrorResults 
  stamp : 2025-11-28T21:55:13Z
  target_type : sphere
  model_name : sphere
  pose : 
       - position : [-0.298228 , 3.85045 , 0.721243]
       - orientation : [0.707107 , 0.707107 , -9.21765e-08 , 6.30915e-08]
  RingCirclePositionError : 0
  position_error : 0.162148
  orientation_error : 1.5708
  found_in_gazebo : 1

 ErrorResults 
  stamp : 2025-11-28T21:55:13Z
  target_type : sphere
  model_name : sphere
  pose : 
       - position : [-0.298932 , 3.84916 , 0.720479]
       - orientation : [0.707107 , 0.707107 , -5.40907e-11 , 5.21557e-11]
  RingCirclePositionError : 0
  position_error : 0.163538
  orientation_error : 1.5708
  found_in_gazebo : 1

 ErrorResults 
  stamp : 2025-11-28T21:55:13Z
  target_type : sphere
  model_name : sphere
  pose : 
       - position : [-0.298932 , 3.84916 , 0.720479]
       - orientation : [0.707107 , 0.707107 , -5.40907e-11 , 5.21557e-11]
  RingCirclePositionError : 0
  position_error : 0.163458
  orientation_error : 1.5708
  found_in_gazebo : 1

 ErrorResults 
  stamp : 2025-11-28T21:55:13Z
  target_type : sphere
  model_name : sphere
  pose : 
       - position : [-0.298932 , 3.84916 , 0.720479]
       - orientation : [0.707107 , 0.707107 , -5.40907e-11 , 5.21557e-11]
  RingCirclePositionError : 0
  position_error : 0.163368
  orientation_error : 1.5708
  found_in_gazebo : 1

 ErrorResults 
  stamp : 2025-11-28T21:55:13Z
  target_type : sphere
  model_name : sphere
  pose : 
       - position : [-0.299528 , 3.84787 , 0.719486]
       - orientation : [0.707107 , 0.707107 , -4.51464e-08 , 3.07781e-08]
  RingCirclePositionError : 0
  position_error : 0.164848
  orientation_error : 1.5708
  found_in_gazebo : 1

 ErrorResults 
  stamp : 2025-11-28T21:55:13Z
  target_type : sphere
  model_name : sphere
  pose : 
       - position : [-0.299528 , 3.84846 , 0.719527]
       - orientation : [0.707107 , 0.707107 , 4.52269e-08 , -3.08506e-08]
  RingCirclePositionError : 0
  position_error : 0.164213
  orientation_error : 1.5708
  found_in_gazebo : 1

 ErrorResults 
  stamp : 2025-11-28T21:55:13Z
  target_type : sphere
  model_name : sphere
  pose : 
       - position : [-0.299086 , 3.84844 , 0.719614]
       - orientation : [0.707107 , 0.707107 , 4.0732e-11 , -3.64346e-11]
  RingCirclePositionError : 0
  position_error : 0.164092
  orientation_error : 1.5708
  found_in_gazebo : 1

 ErrorResults 
  stamp : 2025-11-28T21:55:13Z
  target_type : sphere
  model_name : sphere
  pose : 
       - position : [-0.299071 , 3.84946 , 0.719688]
       - orientation : [0.707107 , 0.707107 , 2.92428e-11 , -1.84262e-11]
  RingCirclePositionError : 0
  position_error : 0.16306
  orientation_error : 1.5708
  found_in_gazebo : 1

 ErrorResults 
  stamp : 2025-11-28T21:55:13Z
  target_type : sphere
  model_name : sphere
  pose : 
       - position : [-0.298282 , 3.84969 , 0.719322]
       - orientation : [0.707107 , 0.707107 , 9.23487e-08 , -6.327e-08]
  RingCirclePositionError : 0
  position_error : 0.162909
  orientation_error : 1.5708
  found_in_gazebo : 1

 ErrorResults 
  stamp : 2025-11-28T21:55:13Z
  target_type : sphere
  model_name : sphere
  pose : 
       - position : [-0.297237 , 3.8489 , 0.719386]
       - orientation : [0.707107 , 0.707107 , -4.81417e-11 , 4.94614e-11]
  RingCirclePositionError : 0
  position_error : 0.163546
  orientation_error : 1.5708
  found_in_gazebo : 1

 ErrorResults 
  stamp : 2025-11-28T21:55:13Z
  target_type : sphere
  model_name : sphere
  pose : 
       - position : [-0.297237 , 3.8489 , 0.719386]
       - orientation : [0.707107 , 0.707107 , -4.81417e-11 , 4.94614e-11]
  RingCirclePositionError : 0
  position_error : 0.16346
  orientation_error : 1.5708
  found_in_gazebo : 1

 ErrorResults 
  stamp : 2025-11-28T21:55:13Z
  target_type : sphere
  model_name : sphere
  pose : 
       - position : [-0.297237 , 3.8489 , 0.719386]
       - orientation : [0.707107 , 0.707107 , -4.81417e-11 , 4.94614e-11]
  RingCirclePositionError : 0
  position_error : 0.163408
  orientation_error : 1.5708
  found_in_gazebo : 1

 ErrorResults 
  stamp : 2025-11-28T21:55:13Z
  target_type : sphere
  model_name : sphere
  pose : 
       - position : [-0.296735 , 3.85121 , 0.719589]
       - orientation : [0.707107 , 0.707107 , -6.84464e-11 , 6.67279e-11]
  RingCirclePositionError : 0
  position_error : 0.161112
  orientation_error : 1.5708
  found_in_gazebo : 1

 ErrorResults 
  stamp : 2025-11-28T21:55:13Z
  target_type : sphere
  model_name : sphere
  pose : 
       - position : [-0.29946 , 3.8508 , 0.718265]
       - orientation : [0.707107 , 0.707107 , 6.24825e-11 , -5.9456e-11]
  RingCirclePositionError : 0
  position_error : 0.161923
  orientation_error : 1.5708
  found_in_gazebo : 1

 ErrorResults 
  stamp : 2025-11-28T21:55:13Z
  target_type : sphere
  model_name : sphere
  pose : 
       - position : [-0.298168 , 3.84918 , 0.717926]
       - orientation : [0.707107 , 0.707107 , 9.24364e-08 , -6.33745e-08]
  RingCirclePositionError : 0
  position_error : 0.163461
  orientation_error : 1.5708
  found_in_gazebo : 1

 ErrorResults 
  stamp : 2025-11-28T21:55:13Z
  target_type : sphere
  model_name : sphere
  pose : 
       - position : [-0.298168 , 3.84918 , 0.717926]
       - orientation : [0.707107 , 0.707107 , 9.24364e-08 , -6.33745e-08]
  RingCirclePositionError : 0
  position_error : 0.163378
  orientation_error : 1.5708
  found_in_gazebo : 1

 ErrorResults 
  stamp : 2025-11-28T21:55:13Z
  target_type : sphere
  model_name : sphere
  pose : 
       - position : [-0.298437 , 3.85145 , 0.71799]
       - orientation : [0.707107 , 0.707107 , -4.51804e-08 , 3.08422e-08]
  RingCirclePositionError : 0
  position_error : 0.161171
  orientation_error : 1.5708
  found_in_gazebo : 1

 ErrorResults 
  stamp : 2025-11-28T21:55:13Z
  target_type : sphere
  model_name : sphere
  pose : 
       - position : [-0.298437 , 3.85145 , 0.71799]
       - orientation : [0.707107 , 0.707107 , -4.51804e-08 , 3.08422e-08]
  RingCirclePositionError : 0
  position_error : 0.161099
  orientation_error : 1.5708
  found_in_gazebo : 1

 ErrorResults 
  stamp : 2025-11-28T21:55:13Z
  target_type : sphere
  model_name : sphere
  pose : 
       - position : [-0.299563 , 3.85204 , 0.71756]
       - orientation : [0.707107 , 0.707107 , -1.15378e-11 , 5.46556e-12]
  RingCirclePositionError : 0
  position_error : 0.160624
  orientation_error : 1.5708
  found_in_gazebo : 1

 ErrorResults 
  stamp : 2025-11-28T21:55:13Z
  target_type : sphere
  model_name : sphere
  pose : 
       - position : [-0.299563 , 3.85204 , 0.71756]
       - orientation : [0.707107 , 0.707107 , -1.15378e-11 , 5.46556e-12]
  RingCirclePositionError : 0
  position_error : 0.160536
  orientation_error : 1.5708
  found_in_gazebo : 1

 ErrorResults 
  stamp : 2025-11-28T21:55:13Z
  target_type : sphere
  model_name : sphere
  pose : 
       - position : [-0.297677 , 3.85092 , 0.71775]
       - orientation : [0.707107 , 0.707107 , 9.2403e-08 , -6.33687e-08]
  RingCirclePositionError : 0
  position_error : 0.161438
  orientation_error : 1.5708
  found_in_gazebo : 1

 ErrorResults 
  stamp : 2025-11-28T21:55:13Z
  target_type : sphere
  model_name : sphere
  pose : 
       - position : [-0.298988 , 3.84905 , 0.716458]
       - orientation : [0.707107 , 0.707107 , 9.27904e-08 , -6.36666e-08]
  RingCirclePositionError : 0
  position_error : 0.163558
  orientation_error : 1.5708
  found_in_gazebo : 1

 ErrorResults 
  stamp : 2025-11-28T21:55:13Z
  target_type : sphere
  model_name : sphere
  pose : 
       - position : [-0.298419 , 3.84875 , 0.716601]
       - orientation : [0.707107 , 0.707107 , 2.14276e-12 , 1.51466e-12]
  RingCirclePositionError : 0
  position_error : 0.163711
  orientation_error : 1.5708
  found_in_gazebo : 1

 ErrorResults 
  stamp : 2025-11-28T21:55:13Z
  target_type : sphere
  model_name : sphere
  pose : 
       - position : [-0.299044 , 3.84834 , 0.716179]
       - orientation : [0.707107 , 0.707107 , -9.28014e-08 , 6.36792e-08]
  RingCirclePositionError : 0
  position_error : 0.164147
  orientation_error : 1.5708
  found_in_gazebo : 1

 ErrorResults 
  stamp : 2025-11-28T21:55:13Z
  target_type : sphere
  model_name : sphere
  pose : 
       - position : [-0.299159 , 3.85429 , 0.716591]
       - orientation : [0.707107 , 0.707107 , 4.32255e-11 , -3.9329e-11]
  RingCirclePositionError : 0
  position_error : 0.158426
  orientation_error : 1.5708
  found_in_gazebo : 1

 ErrorResults 
  stamp : 2025-11-28T21:55:13Z
  target_type : sphere
  model_name : sphere
  pose : 
       - position : [-0.299159 , 3.85429 , 0.716591]
       - orientation : [0.707107 , 0.707107 , 4.32255e-11 , -3.9329e-11]
  RingCirclePositionError : 0
  position_error : 0.15833
  orientation_error : 1.5708
  found_in_gazebo : 1

 ErrorResults 
  stamp : 2025-11-28T21:55:13Z
  target_type : sphere
  model_name : sphere
  pose : 
       - position : [-0.298654 , 3.85057 , 0.715467]
       - orientation : [0.707107 , 0.707107 , 9.28708e-08 , -6.37655e-08]
  RingCirclePositionError : 0
  position_error : 0.162101
  orientation_error : 1.5708
  found_in_gazebo : 1

 ErrorResults 
  stamp : 2025-11-28T21:55:13Z
  target_type : sphere
  model_name : sphere
  pose : 
       - position : [-0.298654 , 3.85057 , 0.715467]
       - orientation : [0.707107 , 0.707107 , 9.28708e-08 , -6.37655e-08]
  RingCirclePositionError : 0
  position_error : 0.162029
  orientation_error : 1.5708
  found_in_gazebo : 1

 ErrorResults 
  stamp : 2025-11-28T21:55:13Z
  target_type : sphere
  model_name : sphere
  pose : 
       - position : [-0.298787 , 3.85106 , 0.715389]
       - orientation : [0.707107 , 0.707107 , -5.50404e-11 , 4.92236e-11]
  RingCirclePositionError : 0
  position_error : 0.161522
  orientation_error : 1.5708
  found_in_gazebo : 1

 ErrorResults 
  stamp : 2025-11-28T21:55:13Z
  target_type : sphere
  model_name : sphere
  pose : 
       - position : [-0.29915 , 3.84978 , 0.714631]
       - orientation : [0.707107 , 0.707107 , 4.54288e-08 , -3.10659e-08]
  RingCirclePositionError : 0
  position_error : 0.162901
  orientation_error : 1.5708
  found_in_gazebo : 1

 ErrorResults 
  stamp : 2025-11-28T21:55:13Z
  target_type : sphere
  model_name : sphere
  pose : 
       - position : [-0.297589 , 3.85076 , 0.715316]
       - orientation : [0.707107 , 0.707107 , -4.51505e-08 , 3.08543e-08]
  RingCirclePositionError : 0
  position_error : 0.161673
  orientation_error : 1.5708
  found_in_gazebo : 1

 ErrorResults 
  stamp : 2025-11-28T21:55:13Z
  target_type : sphere
  model_name : sphere
  pose : 
       - position : [-0.298607 , 3.84966 , 0.714551]
       - orientation : [0.707107 , 0.707107 , 9.29099e-08 , -6.3818e-08]
  RingCirclePositionError : 0
  position_error : 0.162881
  orientation_error : 1.5708
  found_in_gazebo : 1

 ErrorResults 
  stamp : 2025-11-28T21:55:13Z
  target_type : sphere
  model_name : sphere
  pose : 
       - position : [-0.29866 , 3.85214 , 0.714717]
       - orientation : [0.707107 , 0.707107 , 2.74253e-11 , -2.50509e-11]
  RingCirclePositionError : 0
  position_error : 0.160448
  orientation_error : 1.5708
  found_in_gazebo : 1

 ErrorResults 
  stamp : 2025-11-28T21:55:13Z
  target_type : sphere
  model_name : sphere
  pose : 
       - position : [-0.29852 , 3.8507 , 0.714256]
       - orientation : [0.707107 , 0.707107 , 9.29629e-08 , -6.38711e-08]
  RingCirclePositionError : 0
  position_error : 0.161881
  orientation_error : 1.5708
  found_in_gazebo : 1

 ErrorResults 
  stamp : 2025-11-28T21:55:13Z
  target_type : sphere
  model_name : sphere
  pose : 
       - position : [-0.29852 , 3.8507 , 0.714256]
       - orientation : [0.707107 , 0.707107 , 9.29629e-08 , -6.38711e-08]
  RingCirclePositionError : 0
  position_error : 0.161786
  orientation_error : 1.5708
  found_in_gazebo : 1

 ErrorResults 
  stamp : 2025-11-28T21:55:13Z
  target_type : sphere
  model_name : sphere
  pose : 
       - position : [-0.298932 , 3.84916 , 0.713531]
       - orientation : [0.707107 , 0.707107 , -4.5448e-11 , 3.65324e-11]
  RingCirclePositionError : 0
  position_error : 0.163398
  orientation_error : 1.5708
  found_in_gazebo : 1

 ErrorResults 
  stamp : 2025-11-28T21:55:13Z
  target_type : sphere
  model_name : sphere
  pose : 
       - position : [-0.298928 , 3.84968 , 0.713572]
       - orientation : [0.707107 , 0.707107 , -4.54563e-08 , 3.11115e-08]
  RingCirclePositionError : 0
  position_error : 0.162824
  orientation_error : 1.5708
  found_in_gazebo : 1

 ErrorResults 
  stamp : 2025-11-28T21:55:13Z
  target_type : sphere
  model_name : sphere
  pose : 
       - position : [-0.298735 , 3.85159 , 0.713797]
       - orientation : [0.707107 , 0.707107 , 2.92421e-11 , -2.23696e-11]
  RingCirclePositionError : 0
  position_error : 0.160876
  orientation_error : 1.5708
  found_in_gazebo : 1

 ErrorResults 
  stamp : 2025-11-28T21:55:13Z
  target_type : sphere
  model_name : sphere
  pose : 
       - position : [-0.299528 , 3.84846 , 0.71258]
       - orientation : [0.707107 , 0.707107 , 4.55293e-08 , -3.11604e-08]
  RingCirclePositionError : 0
  position_error : 0.164126
  orientation_error : 1.5708
  found_in_gazebo : 1

 ErrorResults 
  stamp : 2025-11-28T21:55:13Z
  target_type : sphere
  model_name : sphere
  pose : 
       - position : [-0.299071 , 3.84946 , 0.712739]
       - orientation : [0.707107 , 0.707107 , 5.84804e-11 , -5.33737e-11]
  RingCirclePositionError : 0
  position_error : 0.163061
  orientation_error : 1.5708
  found_in_gazebo : 1

 ErrorResults 
  stamp : 2025-11-28T21:55:13Z
  target_type : sphere
  model_name : sphere
  pose : 
       - position : [-0.299029 , 3.85195 , 0.712918]
       - orientation : [0.707107 , 0.707107 , 9.32865e-08 , -6.41476e-08]
  RingCirclePositionError : 0
  position_error : 0.160593
  orientation_error : 1.5708
  found_in_gazebo : 1

 ErrorResults 
  stamp : 2025-11-28T21:55:13Z
  target_type : sphere
  model_name : sphere
  pose : 
       - position : [-0.298834 , 3.8501 , 0.712337]
       - orientation : [0.707107 , 0.707107 , -5.43777e-11 , 5.30839e-11]
  RingCirclePositionError : 0
  position_error : 0.162464
  orientation_error : 1.5708
  found_in_gazebo : 1

 ErrorResults 
  stamp : 2025-11-28T21:55:14Z
  target_type : sphere
  model_name : sphere
  pose : 
       - position : [-0.297237 , 3.8489 , 0.712438]
       - orientation : [0.707107 , 0.707107 , -3.94919e-11 , 3.38545e-11]
  RingCirclePositionError : 0
  position_error : 0.163471
  orientation_error : 1.5708
  found_in_gazebo : 1

 ErrorResults 
  stamp : 2025-11-28T21:55:14Z
  target_type : sphere
  model_name : sphere
  pose : 
       - position : [-0.297558 , 3.85113 , 0.712444]
       - orientation : [0.707107 , 0.707107 , 9.29126e-08 , -6.39016e-08]
  RingCirclePositionError : 0
  position_error : 0.16131
  orientation_error : 1.5708
  found_in_gazebo : 1

 ErrorResults 
  stamp : 2025-11-28T21:55:14Z
  target_type : sphere
  model_name : sphere
  pose : 
       - position : [-0.298224 , 3.85244 , 0.712193]
       - orientation : [0.707107 , 0.707107 , 1.52563e-11 , -1.61718e-11]
  RingCirclePositionError : 0
  position_error : 0.160103
  orientation_error : 1.5708
  found_in_gazebo : 1

 ErrorResults 
  stamp : 2025-11-28T21:55:14Z
  target_type : sphere
  model_name : sphere
  pose : 
       - position : [-0.298572 , 3.85216 , 0.711874]
       - orientation : [0.707107 , 0.707107 , -7.83926e-12 , 1.43776e-11]
  RingCirclePositionError : 0
  position_error : 0.160402
  orientation_error : 1.5708
  found_in_gazebo : 1

 ErrorResults 
  stamp : 2025-11-28T21:55:14Z
  target_type : sphere
  model_name : sphere
  pose : 
       - position : [-0.299454 , 3.85178 , 0.711383]
       - orientation : [0.707107 , 0.707107 , 2.29479e-11 , -1.88572e-11]
  RingCirclePositionError : 0
  position_error : 0.160851
  orientation_error : 1.5708
  found_in_gazebo : 1

 ErrorResults 
  stamp : 2025-11-28T21:55:14Z
  target_type : sphere
  model_name : sphere
  pose : 
       - position : [-0.299827 , 3.85014 , 0.71035]
       - orientation : [0.707107 , 0.707107 , 4.56947e-08 , -3.13193e-08]
  RingCirclePositionError : 0
  position_error : 0.162682
  orientation_error : 1.5708
  found_in_gazebo : 1

 ErrorResults 
  stamp : 2025-11-28T21:55:14Z
  target_type : sphere
  model_name : sphere
  pose : 
       - position : [-0.298437 , 3.85145 , 0.711038]
       - orientation : [0.707107 , 0.707107 , -4.55141e-08 , 3.11931e-08]
  RingCirclePositionError : 0
  position_error : 0.16113
  orientation_error : 1.5708
  found_in_gazebo : 1

 ErrorResults 
  stamp : 2025-11-28T21:55:14Z
  target_type : sphere
  model_name : sphere
  pose : 
       - position : [-0.299326 , 3.85214 , 0.710715]
       - orientation : [0.707107 , 0.707107 , -3.79946e-11 , 3.47148e-11]
  RingCirclePositionError : 0
  position_error : 0.16053
  orientation_error : 1.5708
  found_in_gazebo : 1

 ErrorResults 
  stamp : 2025-11-28T21:55:14Z
  target_type : sphere
  model_name : sphere
  pose : 
       - position : [-0.297913 , 3.85275 , 0.711358]
       - orientation : [0.707107 , 0.707107 , -9.31868e-08 , 6.41378e-08]
  RingCirclePositionError : 0
  position_error : 0.159639
  orientation_error : 1.5708
  found_in_gazebo : 1

 ErrorResults 
  stamp : 2025-11-28T21:55:14Z
  target_type : sphere
  model_name : sphere
  pose : 
       - position : [-0.299563 , 3.85204 , 0.710607]
       - orientation : [0.707107 , 0.707107 , -3.73881e-11 , 3.54633e-11]
  RingCirclePositionError : 0
  position_error : 0.160485
  orientation_error : 1.5708
  found_in_gazebo : 1

 ErrorResults 
  stamp : 2025-11-28T21:55:14Z
  target_type : sphere
  model_name : sphere
  pose : 
       - position : [-0.29835 , 3.85172 , 0.710757]
       - orientation : [0.707107 , 0.707107 , -9.3316e-08 , 6.4241e-08]
  RingCirclePositionError : 0
  position_error : 0.160635
  orientation_error : 1.5708
  found_in_gazebo : 1

 ErrorResults 
  stamp : 2025-11-28T21:55:14Z
  target_type : sphere
  model_name : sphere
  pose : 
       - position : [-0.298315 , 3.85023 , 0.710234]
       - orientation : [0.707107 , 0.707107 , -9.32926e-08 , 6.42334e-08]
  RingCirclePositionError : 0
  position_error : 0.162136
  orientation_error : 1.5708
  found_in_gazebo : 1

 ErrorResults 
  stamp : 2025-11-28T21:55:14Z
  target_type : sphere
  model_name : sphere
  pose : 
       - position : [-0.298988 , 3.84905 , 0.70951]
       - orientation : [0.707107 , 0.707107 , 9.34891e-08 , -6.43863e-08]
  RingCirclePositionError : 0
  position_error : 0.163419
  orientation_error : 1.5708
  found_in_gazebo : 1

 ErrorResults 
  stamp : 2025-11-28T21:55:14Z
  target_type : sphere
  model_name : sphere
  pose : 
       - position : [-0.299159 , 3.85429 , 0.709634]
       - orientation : [0.707107 , 0.707107 , 3.80686e-11 , -2.87241e-11]
  RingCirclePositionError : 0
  position_error : 0.158441
  orientation_error : 1.5708
  found_in_gazebo : 1

 ErrorResults 
  stamp : 2025-11-28T21:55:14Z
  target_type : sphere
  model_name : sphere
  pose : 
       - position : [-0.299159 , 3.85429 , 0.709634]
       - orientation : [0.707107 , 0.707107 , 3.80686e-11 , -2.87241e-11]
  RingCirclePositionError : 0
  position_error : 0.158376
  orientation_error : 1.5708
  found_in_gazebo : 1

 ErrorResults 
  stamp : 2025-11-28T21:55:14Z
  target_type : sphere
  model_name : sphere
  pose : 
       - position : [-0.299159 , 3.85429 , 0.709634]
       - orientation : [0.707107 , 0.707107 , 3.80686e-11 , -2.87241e-11]
  RingCirclePositionError : 0
  position_error : 0.15828
  orientation_error : 1.5708
  found_in_gazebo : 1

 ErrorResults 
  stamp : 2025-11-28T21:55:14Z
  target_type : sphere
  model_name : sphere
  pose : 
       - position : [-0.299159 , 3.85429 , 0.709634]
       - orientation : [0.707107 , 0.707107 , 3.80686e-11 , -2.87241e-11]
  RingCirclePositionError : 0
  position_error : 0.1582
  orientation_error : 1.5708
  found_in_gazebo : 1

 ErrorResults 
  stamp : 2025-11-28T21:55:14Z
  target_type : sphere
  model_name : sphere
  pose : 
       - position : [-0.29881 , 3.85123 , 0.708488]
       - orientation : [0.707107 , 0.707107 , -9.36429e-08 , 6.45415e-08]
  RingCirclePositionError : 0
  position_error : 0.161384
  orientation_error : 1.5708
  found_in_gazebo : 1

 ErrorResults 
  stamp : 2025-11-28T21:55:14Z
  target_type : sphere
  model_name : sphere
  pose : 
       - position : [-0.29938 , 3.85154 , 0.708218]
       - orientation : [0.707107 , 0.707107 , 4.50135e-12 , -8.97959e-12]
  RingCirclePositionError : 0
  position_error : 0.161111
  orientation_error : 1.5708
  found_in_gazebo : 1

 ErrorResults 
  stamp : 2025-11-28T21:55:14Z
  target_type : sphere
  model_name : sphere
  pose : 
       - position : [-0.298715 , 3.85208 , 0.708551]
       - orientation : [0.707107 , 0.707107 , -9.365e-08 , 6.45496e-08]
  RingCirclePositionError : 0
  position_error : 0.160393
  orientation_error : 1.5708
  found_in_gazebo : 1

 ErrorResults 
  stamp : 2025-11-28T21:55:14Z
  target_type : sphere
  model_name : sphere
  pose : 
       - position : [-0.297598 , 3.8509 , 0.708373]
       - orientation : [0.707107 , 0.707107 , -5.68878e-11 , 5.40831e-11]
  RingCirclePositionError : 0
  position_error : 0.161492
  orientation_error : 1.5708
  found_in_gazebo : 1

 ErrorResults 
  stamp : 2025-11-28T21:55:14Z
  target_type : sphere
  model_name : sphere
  pose : 
       - position : [-0.29866 , 3.85214 , 0.707764]
       - orientation : [0.707107 , 0.707107 , 2.23493e-11 , -1.4513e-11]
  RingCirclePositionError : 0
  position_error : 0.160472
  orientation_error : 1.5708
  found_in_gazebo : 1

 ErrorResults 
  stamp : 2025-11-28T21:55:14Z
  target_type : sphere
  model_name : sphere
  pose : 
       - position : [-0.29866 , 3.85214 , 0.707764]
       - orientation : [0.707107 , 0.707107 , 2.23493e-11 , -1.4513e-11]
  RingCirclePositionError : 0
  position_error : 0.160392
  orientation_error : 1.5708
  found_in_gazebo : 1

 ErrorResults 
  stamp : 2025-11-28T21:55:14Z
  target_type : sphere
  model_name : sphere
  pose : 
       - position : [-0.299238 , 3.85128 , 0.707212]
       - orientation : [0.707107 , 0.707107 , 9.38872e-08 , -6.47548e-08]
  RingCirclePositionError : 0
  position_error : 0.161298
  orientation_error : 1.5708
  found_in_gazebo : 1

 ErrorResults 
  stamp : 2025-11-28T21:55:14Z
  target_type : sphere
  model_name : sphere
  pose : 
       - position : [-0.29852 , 3.8507 , 0.707305]
       - orientation : [0.707107 , 0.707107 , 9.3663e-08 , -6.45931e-08]
  RingCirclePositionError : 0
  position_error : 0.161738
  orientation_error : 1.5708
  found_in_gazebo : 1

 ErrorResults 
  stamp : 2025-11-28T21:55:14Z
  target_type : sphere
  model_name : sphere
  pose : 
       - position : [-0.298928 , 3.84968 , 0.706623]
       - orientation : [0.707107 , 0.707107 , -4.57574e-08 , 3.14196e-08]
  RingCirclePositionError : 0
  position_error : 0.162847
  orientation_error : 1.5708
  found_in_gazebo : 1

 ErrorResults 
  stamp : 2025-11-28T21:55:14Z
  target_type : sphere
  model_name : sphere
  pose : 
       - position : [-0.298387 , 3.85185 , 0.707004]
       - orientation : [0.707107 , 0.707107 , 9.37104e-08 , -6.46436e-08]
  RingCirclePositionError : 0
  position_error : 0.160613
  orientation_error : 1.5708
  found_in_gazebo : 1

 ErrorResults 
  stamp : 2025-11-28T21:55:14Z
  target_type : sphere
  model_name : sphere
  pose : 
       - position : [-0.298735 , 3.85159 , 0.706844]
       - orientation : [0.707107 , 0.707107 , 3.75774e-11 , -3.7758e-11]
  RingCirclePositionError : 0
  position_error : 0.160833
  orientation_error : 1.5708
  found_in_gazebo : 1

 ErrorResults 
  stamp : 2025-11-28T21:55:14Z
  target_type : sphere
  model_name : sphere
  pose : 
       - position : [-0.299527 , 3.84985 , 0.705726]
       - orientation : [0.707107 , 0.707107 , -3.91791e-11 , 3.01042e-11]
  RingCirclePositionError : 0
  position_error : 0.162761
  orientation_error : 1.5708
  found_in_gazebo : 1

 ErrorResults 
  stamp : 2025-11-28T21:55:14Z
  target_type : sphere
  model_name : sphere
  pose : 
       - position : [-0.299029 , 3.85195 , 0.705965]
       - orientation : [0.707107 , 0.707107 , 9.3989e-08 , -6.48727e-08]
  RingCirclePositionError : 0
  position_error : 0.160671
  orientation_error : 1.5708
  found_in_gazebo : 1

 ErrorResults 
  stamp : 2025-11-28T21:55:14Z
  target_type : sphere
  model_name : sphere
  pose : 
       - position : [-0.299029 , 3.85195 , 0.705965]
       - orientation : [0.707107 , 0.707107 , 9.3989e-08 , -6.48727e-08]
  RingCirclePositionError : 0
  position_error : 0.16058
  orientation_error : 1.5708
  found_in_gazebo : 1

 ErrorResults 
  stamp : 2025-11-28T21:55:14Z
  target_type : sphere
  model_name : sphere
  pose : 
       - position : [-0.299035 , 3.85196 , 0.705964]
       - orientation : [0.707107 , 0.707107 , 1.33593e-11 , -1.13716e-11]
  RingCirclePositionError : 0
  position_error : 0.160491
  orientation_error : 1.5708
  found_in_gazebo : 1

 ErrorResults 
  stamp : 2025-11-28T21:55:14Z
  target_type : sphere
  model_name : sphere
  pose : 
       - position : [-0.298928 , 3.85195 , 0.705491]
       - orientation : [0.707107 , 0.707107 , 4.57823e-08 , -3.14459e-08]
  RingCirclePositionError : 0
  position_error : 0.160602
  orientation_error : 1.5708
  found_in_gazebo : 1

 ErrorResults 
  stamp : 2025-11-28T21:55:14Z
  target_type : sphere
  model_name : sphere
  pose : 
       - position : [-0.298224 , 3.85244 , 0.705239]
       - orientation : [0.707107 , 0.707107 , -1.00342e-11 , 1.3298e-11]
  RingCirclePositionError : 0
  position_error : 0.160166
  orientation_error : 1.5708
  found_in_gazebo : 1

 ErrorResults 
  stamp : 2025-11-28T21:55:14Z
  target_type : sphere
  model_name : sphere
  pose : 
       - position : [-0.298224 , 3.85244 , 0.705239]
       - orientation : [0.707107 , 0.707107 , -1.00342e-11 , 1.3298e-11]
  RingCirclePositionError : 0
  position_error : 0.160086
  orientation_error : 1.5708
  found_in_gazebo : 1

 ErrorResults 
  stamp : 2025-11-28T21:55:14Z
  target_type : sphere
  model_name : sphere
  pose : 
       - position : [-0.298622 , 3.85253 , 0.705032]
       - orientation : [0.707107 , 0.707107 , 7.32003e-12 , -1.40727e-14]
  RingCirclePositionError : 0
  position_error : 0.160029
  orientation_error : 1.5708
  found_in_gazebo : 1

 ErrorResults 
  stamp : 2025-11-28T21:55:14Z
  target_type : sphere
  model_name : sphere
  pose : 
       - position : [-0.298622 , 3.85253 , 0.705032]
       - orientation : [0.707107 , 0.707107 , 7.32003e-12 , -1.40727e-14]
  RingCirclePositionError : 0
  position_error : 0.159953
  orientation_error : 1.5708
  found_in_gazebo : 1

 ErrorResults 
  stamp : 2025-11-28T21:55:14Z
  target_type : sphere
  model_name : sphere
  pose : 
       - position : [-0.299451 , 3.85236 , 0.704469]
       - orientation : [0.707107 , 0.707107 , 9.427e-08 , -6.51215e-08]
  RingCirclePositionError : 0
  position_error : 0.160237
  orientation_error : 1.5708
  found_in_gazebo : 1

 ErrorResults 
  stamp : 2025-11-28T21:55:14Z
  target_type : sphere
  model_name : sphere
  pose : 
       - position : [-0.298437 , 3.85145 , 0.704086]
       - orientation : [0.707107 , 0.707107 , -4.58362e-08 , 3.15215e-08]
  RingCirclePositionError : 0
  position_error : 0.161143
  orientation_error : 1.5708
  found_in_gazebo : 1

 ErrorResults 
  stamp : 2025-11-28T21:55:14Z
  target_type : sphere
  model_name : sphere
  pose : 
       - position : [-0.299326 , 3.85214 , 0.703762]
       - orientation : [0.707107 , 0.707107 , -9.72094e-12 , 6.32209e-13]
  RingCirclePositionError : 0
  position_error : 0.160528
  orientation_error : 1.5708
  found_in_gazebo : 1

 ErrorResults 
  stamp : 2025-11-28T21:55:14Z
  target_type : sphere
  model_name : sphere
  pose : 
       - position : [-0.297913 , 3.85275 , 0.704403]
       - orientation : [0.707107 , 0.707107 , -9.38891e-08 , 6.48631e-08]
  RingCirclePositionError : 0
  position_error : 0.159627
  orientation_error : 1.5708
  found_in_gazebo : 1

 ErrorResults 
  stamp : 2025-11-28T21:55:14Z
  target_type : sphere
  model_name : sphere
  pose : 
       - position : [-0.297913 , 3.85275 , 0.704403]
       - orientation : [0.707107 , 0.707107 , -9.38891e-08 , 6.48631e-08]
  RingCirclePositionError : 0
  position_error : 0.159521
  orientation_error : 1.5708
  found_in_gazebo : 1

 ErrorResults 
  stamp : 2025-11-28T21:55:14Z
  target_type : sphere
  model_name : sphere
  pose : 
       - position : [-0.299633 , 3.853 , 0.703696]
       - orientation : [0.707107 , 0.707107 , -9.44245e-08 , 6.52593e-08]
  RingCirclePositionError : 0
  position_error : 0.159492
  orientation_error : 1.5708
  found_in_gazebo : 1

 ErrorResults 
  stamp : 2025-11-28T21:55:14Z
  target_type : sphere
  model_name : sphere
  pose : 
       - position : [-0.29835 , 3.85172 , 0.703804]
       - orientation : [0.707107 , 0.707107 , -9.40186e-08 , 6.49669e-08]
  RingCirclePositionError : 0
  position_error : 0.160547
  orientation_error : 1.5708
  found_in_gazebo : 1

 ErrorResults 
  stamp : 2025-11-28T21:55:14Z
  target_type : sphere
  model_name : sphere
  pose : 
       - position : [-0.298315 , 3.85023 , 0.703284]
       - orientation : [0.707107 , 0.707107 , -9.39949e-08 , 6.49592e-08]
  RingCirclePositionError : 0
  position_error : 0.162039
  orientation_error : 1.5708
  found_in_gazebo : 1

 ErrorResults 
  stamp : 2025-11-28T21:55:15Z
  target_type : sphere
  model_name : sphere
  pose : 
       - position : [-0.299111 , 3.85488 , 0.702934]
       - orientation : [0.707107 , 0.707107 , -1.56558e-12 , -2.28721e-12]
  RingCirclePositionError : 0
  position_error : 0.157801
  orientation_error : 1.5708
  found_in_gazebo : 1

 ErrorResults 
  stamp : 2025-11-28T21:55:15Z
  target_type : sphere
  model_name : sphere
  pose : 
       - position : [-0.299159 , 3.85429 , 0.702677]
       - orientation : [0.707107 , 0.707107 , 6.65839e-11 , -6.30445e-11]
  RingCirclePositionError : 0
  position_error : 0.158356
  orientation_error : 1.5708
  found_in_gazebo : 1

 ErrorResults 
  stamp : 2025-11-28T21:55:15Z
  target_type : sphere
  model_name : sphere
  pose : 
       - position : [-0.299159 , 3.85429 , 0.702677]
       - orientation : [0.707107 , 0.707107 , 6.65839e-11 , -6.30445e-11]
  RingCirclePositionError : 0
  position_error : 0.15828
  orientation_error : 1.5708
  found_in_gazebo : 1

 ErrorResults 
  stamp : 2025-11-28T21:55:15Z
  target_type : sphere
  model_name : sphere
  pose : 
       - position : [-0.299159 , 3.85429 , 0.702677]
       - orientation : [0.707107 , 0.707107 , 6.65839e-11 , -6.30445e-11]
  RingCirclePositionError : 0
  position_error : 0.158188
  orientation_error : 1.5708
  found_in_gazebo : 1

 ErrorResults 
  stamp : 2025-11-28T21:55:15Z
  target_type : sphere
  model_name : sphere
  pose : 
       - position : [-0.299154 , 3.85483 , 0.702719]
       - orientation : [0.707107 , 0.707107 , 7.63338e-12 , -8.82062e-13]
  RingCirclePositionError : 0
  position_error : 0.157588
  orientation_error : 1.5708
  found_in_gazebo : 1

 ErrorResults 
  stamp : 2025-11-28T21:55:15Z
  target_type : sphere
  model_name : sphere
  pose : 
       - position : [-0.29938 , 3.85154 , 0.701265]
       - orientation : [0.707107 , 0.707107 , -2.08166e-11 , 2.05313e-11]
  RingCirclePositionError : 0
  position_error : 0.161101
  orientation_error : 1.5708
  found_in_gazebo : 1

 ErrorResults 
  stamp : 2025-11-28T21:55:15Z
  target_type : sphere
  model_name : sphere
  pose : 
       - position : [-0.297269 , 3.85375 , 0.702519]
       - orientation : [0.707107 , 0.707107 , -9.39545e-08 , 6.49803e-08]
  RingCirclePositionError : 0
  position_error : 0.158502
  orientation_error : 1.5708
  found_in_gazebo : 1

 ErrorResults 
  stamp : 2025-11-28T21:55:15Z
  target_type : sphere
  model_name : sphere
  pose : 
       - position : [-0.298739 , 3.85261 , 0.701626]
       - orientation : [0.707107 , 0.707107 , -6.3618e-11 , 6.42295e-11]
  RingCirclePositionError : 0
  position_error : 0.159803
  orientation_error : 1.5708
  found_in_gazebo : 1

 ErrorResults 
  stamp : 2025-11-28T21:55:15Z
  target_type : sphere
  model_name : sphere
  pose : 
       - position : [-0.29766 , 3.8526 , 0.701513]
       - orientation : [0.707107 , 0.707107 , 5.46777e-12 , -8.58743e-14]
  RingCirclePositionError : 0
  position_error : 0.159764
  orientation_error : 1.5708
  found_in_gazebo : 1

 ErrorResults 
  stamp : 2025-11-28T21:55:15Z
  target_type : sphere
  model_name : sphere
  pose : 
       - position : [-0.29866 , 3.85214 , 0.700811]
       - orientation : [0.707107 , 0.707107 , 3.0466e-11 , -2.97334e-11]
  RingCirclePositionError : 0
  position_error : 0.16036
  orientation_error : 1.5708
  found_in_gazebo : 1

 ErrorResults 
  stamp : 2025-11-28T21:55:15Z
  target_type : sphere
  model_name : sphere
  pose : 
       - position : [-0.29866 , 3.85214 , 0.700811]
       - orientation : [0.707107 , 0.707107 , 3.0466e-11 , -2.97334e-11]
  RingCirclePositionError : 0
  position_error : 0.160273
  orientation_error : 1.5708
  found_in_gazebo : 1

 ErrorResults 
  stamp : 2025-11-28T21:55:15Z
  target_type : sphere
  model_name : sphere
  pose : 
       - position : [-0.299233 , 3.85179 , 0.700294]
       - orientation : [0.707107 , 0.707107 , -9.4611e-08 , 6.55001e-08]
  RingCirclePositionError : 0
  position_error : 0.160698
  orientation_error : 1.5708
  found_in_gazebo : 1

 ErrorResults 
  stamp : 2025-11-28T21:55:15Z
  target_type : sphere
  model_name : sphere
  pose : 
       - position : [-0.29852 , 3.85327 , 0.700519]
       - orientation : [0.707107 , 0.707107 , -1.468e-11 , 5.83237e-12]
  RingCirclePositionError : 0
  position_error : 0.159168
  orientation_error : 1.5708
  found_in_gazebo : 1

 ErrorResults 
  stamp : 2025-11-28T21:55:15Z
  target_type : sphere
  model_name : sphere
  pose : 
       - position : [-0.298264 , 3.85194 , 0.700108]
       - orientation : [0.707107 , 0.707107 , 9.43815e-08 , -6.53487e-08]
  RingCirclePositionError : 0
  position_error : 0.160469
  orientation_error : 1.5708
  found_in_gazebo : 1

 ErrorResults 
  stamp : 2025-11-28T21:55:15Z
  target_type : sphere
  model_name : sphere
  pose : 
       - position : [-0.298907 , 3.85206 , 0.699857]
       - orientation : [0.707107 , 0.707107 , 9.45828e-08 , -6.54977e-08]
  RingCirclePositionError : 0
  position_error : 0.160369
  orientation_error : 1.5708
  found_in_gazebo : 1

 ErrorResults 
  stamp : 2025-11-28T21:55:15Z
  target_type : sphere
  model_name : sphere
  pose : 
       - position : [-0.298885 , 3.85491 , 0.700071]
       - orientation : [0.707107 , 0.707107 , -9.46834e-08 , 6.5578e-08]
  RingCirclePositionError : 0
  position_error : 0.157574
  orientation_error : 1.5708
  found_in_gazebo : 1

 ErrorResults 
  stamp : 2025-11-28T21:55:15Z
  target_type : sphere
  model_name : sphere
  pose : 
       - position : [-0.299029 , 3.85195 , 0.699012]
       - orientation : [0.707107 , 0.707107 , 9.46959e-08 , -6.56051e-08]
  RingCirclePositionError : 0
  position_error : 0.160624
  orientation_error : 1.5708
  found_in_gazebo : 1

 ErrorResults 
  stamp : 2025-11-28T21:55:15Z
  target_type : sphere
  model_name : sphere
  pose : 
       - position : [-0.299525 , 3.85217 , 0.698927]
       - orientation : [0.707107 , 0.707107 , 4.62155e-08 , -3.18716e-08]
  RingCirclePositionError : 0
  position_error : 0.160372
  orientation_error : 1.5708
  found_in_gazebo : 1

 ErrorResults 
  stamp : 2025-11-28T21:55:15Z
  target_type : sphere
  model_name : sphere
  pose : 
       - position : [-0.299008 , 3.85382 , 0.699136]
       - orientation : [0.707107 , 0.707107 , 6.21346e-12 , -4.67568e-13]
  RingCirclePositionError : 0
  position_error : 0.158677
  orientation_error : 1.5708
  found_in_gazebo : 1

 ErrorResults 
  stamp : 2025-11-28T21:55:15Z
  target_type : sphere
  model_name : sphere
  pose : 
       - position : [-0.298983 , 3.85557 , 0.699254]
       - orientation : [0.707107 , 0.707107 , 9.48229e-08 , -6.57077e-08]
  RingCirclePositionError : 0
  position_error : 0.156939
  orientation_error : 1.5708
  found_in_gazebo : 1

 ErrorResults 
  stamp : 2025-11-28T21:55:15Z
  target_type : sphere
  model_name : sphere
  pose : 
       - position : [-0.298224 , 3.85244 , 0.698285]
       - orientation : [0.707107 , 0.707107 , 1.79252e-11 , -2.04739e-11]
  RingCirclePositionError : 0
  position_error : 0.160107
  orientation_error : 1.5708
  found_in_gazebo : 1

 ErrorResults 
  stamp : 2025-11-28T21:55:15Z
  target_type : sphere
  model_name : sphere
  pose : 
       - position : [-0.298622 , 3.85253 , 0.698078]
       - orientation : [0.707107 , 0.707107 , 3.5434e-11 , -3.39325e-11]
  RingCirclePositionError : 0
  position_error : 0.160012
  orientation_error : 1.5708
  found_in_gazebo : 1

 ErrorResults 
  stamp : 2025-11-28T21:55:15Z
  target_type : sphere
  model_name : sphere
  pose : 
       - position : [-0.298622 , 3.85253 , 0.698078]
       - orientation : [0.707107 , 0.707107 , 3.5434e-11 , -3.39325e-11]
  RingCirclePositionError : 0
  position_error : 0.159924
  orientation_error : 1.5708
  found_in_gazebo : 1

 ErrorResults 
  stamp : 2025-11-28T21:55:15Z
  target_type : sphere
  model_name : sphere
  pose : 
       - position : [-0.29885 , 3.85469 , 0.698119]
       - orientation : [0.707107 , 0.707107 , 9.48641e-08 , -6.57707e-08]
  RingCirclePositionError : 0
  position_error : 0.15783
  orientation_error : 1.5708
  found_in_gazebo : 1

 ErrorResults 
  stamp : 2025-11-28T21:55:15Z
  target_type : sphere
  model_name : sphere
  pose : 
       - position : [-0.29944 , 3.85453 , 0.697659]
       - orientation : [0.707107 , 0.707107 , -4.28996e-11 , 3.98415e-11]
  RingCirclePositionError : 0
  position_error : 0.158082
  orientation_error : 1.5708
  found_in_gazebo : 1

 ErrorResults 
  stamp : 2025-11-28T21:55:15Z
  target_type : sphere
  model_name : sphere
  pose : 
       - position : [-0.299326 , 3.85214 , 0.696809]
       - orientation : [0.707107 , 0.707107 , -3.4985e-11 , 3.00997e-11]
  RingCirclePositionError : 0
  position_error : 0.160515
  orientation_error : 1.5708
  found_in_gazebo : 1

 ErrorResults 
  stamp : 2025-11-28T21:55:15Z
  target_type : sphere
  model_name : sphere
  pose : 
       - position : [-0.297913 , 3.85275 , 0.697449]
       - orientation : [0.707107 , 0.707107 , -9.45956e-08 , 6.55956e-08]
  RingCirclePositionError : 0
  position_error : 0.159625
  orientation_error : 1.5708
  found_in_gazebo : 1

 ErrorResults 
  stamp : 2025-11-28T21:55:15Z
  target_type : sphere
  model_name : sphere
  pose : 
       - position : [-0.299633 , 3.853 , 0.696741]
       - orientation : [0.707107 , 0.707107 , -9.51341e-08 , 6.59957e-08]
  RingCirclePositionError : 0
  position_error : 0.159575
  orientation_error : 1.5708
  found_in_gazebo : 1

 ErrorResults 
  stamp : 2025-11-28T21:55:15Z
  target_type : sphere
  model_name : sphere
  pose : 
       - position : [-0.299633 , 3.853 , 0.696741]
       - orientation : [0.707107 , 0.707107 , -9.51341e-08 , 6.59957e-08]
  RingCirclePositionError : 0
  position_error : 0.159495
  orientation_error : 1.5708
  found_in_gazebo : 1

 ErrorResults 
  stamp : 2025-11-28T21:55:15Z
  target_type : sphere
  model_name : sphere
  pose : 
       - position : [-0.299633 , 3.853 , 0.696741]
       - orientation : [0.707107 , 0.707107 , -9.51341e-08 , 6.59957e-08]
  RingCirclePositionError : 0
  position_error : 0.159396
  orientation_error : 1.5708
  found_in_gazebo : 1

 ErrorResults 
  stamp : 2025-11-28T21:55:15Z
  target_type : sphere
  model_name : sphere
  pose : 
       - position : [-0.298367 , 3.85356 , 0.696961]
       - orientation : [0.707107 , 0.707107 , -1.155e-11 , 9.18387e-12]
  RingCirclePositionError : 0
  position_error : 0.15872
  orientation_error : 1.5708
  found_in_gazebo : 1

 ErrorResults 
  stamp : 2025-11-28T21:55:15Z
  target_type : sphere
  model_name : sphere
  pose : 
       - position : [-0.29801 , 3.85576 , 0.697001]
       - orientation : [0.707107 , 0.707107 , -1.90979e-11 , 1.47538e-11]
  RingCirclePositionError : 0
  position_error : 0.156609
  orientation_error : 1.5708
  found_in_gazebo : 1

 ErrorResults 
  stamp : 2025-11-28T21:55:15Z
  target_type : sphere
  model_name : sphere
  pose : 
       - position : [-0.299111 , 3.85488 , 0.695975]
       - orientation : [0.707107 , 0.707107 , -6.43002e-12 , 8.13255e-12]
  RingCirclePositionError : 0
  position_error : 0.157724
  orientation_error : 1.5708
  found_in_gazebo : 1

 ErrorResults 
  stamp : 2025-11-28T21:55:15Z
  target_type : sphere
  model_name : sphere
  pose : 
       - position : [-0.299159 , 3.85429 , 0.69572]
       - orientation : [0.707107 , 0.707107 , 4.16797e-11 , -3.39194e-11]
  RingCirclePositionError : 0
  position_error : 0.158283
  orientation_error : 1.5708
  found_in_gazebo : 1

 ErrorResults 
  stamp : 2025-11-28T21:55:15Z
  target_type : sphere
  model_name : sphere
  pose : 
       - position : [-0.299159 , 3.85429 , 0.69572]
       - orientation : [0.707107 , 0.707107 , 4.16797e-11 , -3.39194e-11]
  RingCirclePositionError : 0
  position_error : 0.158191
  orientation_error : 1.5708
  found_in_gazebo : 1

 ErrorResults 
  stamp : 2025-11-28T21:55:15Z
  target_type : sphere
  model_name : sphere
  pose : 
       - position : [-0.299154 , 3.85483 , 0.695761]
       - orientation : [0.707107 , 0.707107 , 1.55259e-11 , -1.59294e-11]
  RingCirclePositionError : 0
  position_error : 0.157588
  orientation_error : 1.5708
  found_in_gazebo : 1

 ErrorResults 
  stamp : 2025-11-28T21:55:15Z
  target_type : sphere
  model_name : sphere
  pose : 
       - position : [-0.299154 , 3.85483 , 0.695761]
       - orientation : [0.707107 , 0.707107 , 1.55259e-11 , -1.59294e-11]
  RingCirclePositionError : 0
  position_error : 0.157508
  orientation_error : 1.5708
  found_in_gazebo : 1

 ErrorResults 
  stamp : 2025-11-28T21:55:15Z
  target_type : sphere
  model_name : sphere
  pose : 
       - position : [-0.297269 , 3.85375 , 0.695563]
       - orientation : [0.707107 , 0.707107 , -9.46619e-08 , 6.57144e-08]
  RingCirclePositionError : 0
  position_error : 0.158521
  orientation_error : 1.5708
  found_in_gazebo : 1

 ErrorResults 
  stamp : 2025-11-28T21:55:15Z
  target_type : sphere
  model_name : sphere
  pose : 
       - position : [-0.295946 , 3.85456 , 0.696298]
       - orientation : [0.707107 , 0.707107 , 1.16613e-11 , -1.33476e-11]
  RingCirclePositionError : 0
  position_error : 0.157434
  orientation_error : 1.5708
  found_in_gazebo : 1

 ErrorResults 
  stamp : 2025-11-28T21:55:15Z
  target_type : sphere
  model_name : sphere
  pose : 
       - position : [-0.298854 , 3.85502 , 0.694795]
       - orientation : [0.707107 , 0.707107 , -4.63903e-08 , 3.20706e-08]
  RingCirclePositionError : 0
  position_error : 0.157438
  orientation_error : 1.5708
  found_in_gazebo : 1

 ErrorResults 
  stamp : 2025-11-28T21:55:15Z
  target_type : sphere
  model_name : sphere
  pose : 
       - position : [-0.298518 , 3.85356 , 0.694418]
       - orientation : [0.707107 , 0.707107 , 4.64135e-08 , -3.211e-08]
  RingCirclePositionError : 0
  position_error : 0.158865
  orientation_error : 1.5708
  found_in_gazebo : 1

 ErrorResults 
  stamp : 2025-11-28T21:55:15Z
  target_type : sphere
  model_name : sphere
  pose : 
       - position : [-0.29766 , 3.8526 , 0.694559]
       - orientation : [0.707107 , 0.707107 , 3.30971e-11 , -3.35336e-11]
  RingCirclePositionError : 0
  position_error : 0.159615
  orientation_error : 1.5708
  found_in_gazebo : 1

 ErrorResults 
  stamp : 2025-11-28T21:55:15Z
  target_type : sphere
  model_name : sphere
  pose : 
       - position : [-0.298664 , 3.85232 , 0.693868]
       - orientation : [0.707107 , 0.707107 , -9.51408e-08 , 6.60978e-08]
  RingCirclePositionError : 0
  position_error : 0.160048
  orientation_error : 1.5708
  found_in_gazebo : 1

 ErrorResults 
  stamp : 2025-11-28T21:55:15Z
  target_type : sphere
  model_name : sphere
  pose : 
       - position : [-0.298664 , 3.85232 , 0.693868]
       - orientation : [0.707107 , 0.707107 , -9.51408e-08 , 6.60978e-08]
  RingCirclePositionError : 0
  position_error : 0.159969
  orientation_error : 1.5708
  found_in_gazebo : 1

 ErrorResults 
  stamp : 2025-11-28T21:55:16Z
  target_type : sphere
  model_name : sphere
  pose : 
       - position : [-0.29852 , 3.85327 , 0.693564]
       - orientation : [0.707107 , 0.707107 , -1.95831e-11 , 1.62671e-11]
  RingCirclePositionError : 0
  position_error : 0.159137
  orientation_error : 1.5708
  found_in_gazebo : 1

 ErrorResults 
  stamp : 2025-11-28T21:55:16Z
  target_type : sphere
  model_name : sphere
  pose : 
       - position : [-0.29852 , 3.85337 , 0.69357]
       - orientation : [0.707107 , 0.707107 , -2.27778e-11 , 1.86409e-11]
  RingCirclePositionError : 0
  position_error : 0.15898
  orientation_error : 1.5708
  found_in_gazebo : 1

 ErrorResults 
  stamp : 2025-11-28T21:55:16Z
  target_type : sphere
  model_name : sphere
  pose : 
       - position : [-0.298907 , 3.85206 , 0.692903]
       - orientation : [0.707107 , 0.707107 , 9.52933e-08 , -6.62366e-08]
  RingCirclePositionError : 0
  position_error : 0.160345
  orientation_error : 1.5708
  found_in_gazebo : 1

 ErrorResults 
  stamp : 2025-11-28T21:55:16Z
  target_type : sphere
  model_name : sphere
  pose : 
       - position : [-0.298885 , 3.85491 , 0.693113]
       - orientation : [0.707107 , 0.707107 , -9.53954e-08 , 6.63181e-08]
  RingCirclePositionError : 0
  position_error : 0.157551
  orientation_error : 1.5708
  found_in_gazebo : 1

 ErrorResults 
  stamp : 2025-11-28T21:55:16Z
  target_type : sphere
  model_name : sphere
  pose : 
       - position : [-0.298837 , 3.85487 , 0.693115]
       - orientation : [0.707107 , 0.707107 , 9.53811e-08 , -6.6308e-08]
  RingCirclePositionError : 0
  position_error : 0.157504
  orientation_error : 1.5708
  found_in_gazebo : 1

 ErrorResults 
  stamp : 2025-11-28T21:55:16Z
  target_type : sphere
  model_name : sphere
  pose : 
       - position : [-0.299525 , 3.85217 , 0.691974]
       - orientation : [0.707107 , 0.707107 , 4.65455e-08 , -3.2212e-08]
  RingCirclePositionError : 0
  position_error : 0.160336
  orientation_error : 1.5708
  found_in_gazebo : 1

 ErrorResults 
  stamp : 2025-11-28T21:55:16Z
  target_type : sphere
  model_name : sphere
  pose : 
       - position : [-0.299123 , 3.85382 , 0.692157]
       - orientation : [0.707107 , 0.707107 , -1.73377e-11 , 1.61791e-11]
  RingCirclePositionError : 0
  position_error : 0.158658
  orientation_error : 1.5708
  found_in_gazebo : 1

 ErrorResults 
  stamp : 2025-11-28T21:55:16Z
  target_type : sphere
  model_name : sphere
  pose : 
       - position : [-0.298976 , 3.856 , 0.692323]
       - orientation : [0.707107 , 0.707107 , 1.96432e-11 , -2.54124e-11]
  RingCirclePositionError : 0
  position_error : 0.1565
  orientation_error : 1.5708
  found_in_gazebo : 1

 ErrorResults 
  stamp : 2025-11-28T21:55:16Z
  target_type : sphere
  model_name : sphere
  pose : 
       - position : [-0.29922 , 3.85493 , 0.691724]
       - orientation : [0.707107 , 0.707107 , 8.05315e-13 , 6.38183e-13]
  RingCirclePositionError : 0
  position_error : 0.157623
  orientation_error : 1.5708
  found_in_gazebo : 1

 ErrorResults 
  stamp : 2025-11-28T21:55:16Z
  target_type : sphere
  model_name : sphere
  pose : 
       - position : [-0.298622 , 3.85253 , 0.691124]
       - orientation : [0.707107 , 0.707107 , 1.08826e-11 , -5.12328e-12]
  RingCirclePositionError : 0
  position_error : 0.159987
  orientation_error : 1.5708
  found_in_gazebo : 1

 ErrorResults 
  stamp : 2025-11-28T21:55:16Z
  target_type : sphere
  model_name : sphere
  pose : 
       - position : [-0.299686 , 3.85275 , 0.690569]
       - orientation : [0.707107 , 0.707107 , -7.15703e-13 , -4.39504e-12]
  RingCirclePositionError : 0
  position_error : 0.15991
  orientation_error : 1.5708
  found_in_gazebo : 1

 ErrorResults 
  stamp : 2025-11-28T21:55:16Z
  target_type : sphere
  model_name : sphere
  pose : 
       - position : [-0.29885 , 3.85469 , 0.691161]
       - orientation : [0.707107 , 0.707107 , 9.55771e-08 , -6.65127e-08]
  RingCirclePositionError : 0
  position_error : 0.157838
  orientation_error : 1.5708
  found_in_gazebo : 1

 ErrorResults 
  stamp : 2025-11-28T21:55:16Z
  target_type : sphere
  model_name : sphere
  pose : 
       - position : [-0.299322 , 3.85489 , 0.690923]
       - orientation : [0.707107 , 0.707107 , 1.19131e-11 , -3.20243e-12]
  RingCirclePositionError : 0
  position_error : 0.157656
  orientation_error : 1.5708
  found_in_gazebo : 1

 ErrorResults 
  stamp : 2025-11-28T21:55:16Z
  target_type : sphere
  model_name : sphere
  pose : 
       - position : [-0.299438 , 3.8548 , 0.690719]
       - orientation : [0.707107 , 0.707107 , -9.57833e-08 , 6.66726e-08]
  RingCirclePositionError : 0
  position_error : 0.157734
  orientation_error : 1.5708
  found_in_gazebo : 1

 ErrorResults 
  stamp : 2025-11-28T21:55:16Z
  target_type : sphere
  model_name : sphere
  pose : 
       - position : [-0.299438 , 3.8548 , 0.690719]
       - orientation : [0.707107 , 0.707107 , -9.57833e-08 , 6.66726e-08]
  RingCirclePositionError : 0
  position_error : 0.15765
  orientation_error : 1.5708
  found_in_gazebo : 1

 ErrorResults 
  stamp : 2025-11-28T21:55:16Z
  target_type : sphere
  model_name : sphere
  pose : 
       - position : [-0.299805 , 3.85301 , 0.689714]
       - orientation : [0.707107 , 0.707107 , 2.18351e-11 , -1.86084e-11]
  RingCirclePositionError : 0
  position_error : 0.1596
  orientation_error : 1.5708
  found_in_gazebo : 1

 ErrorResults 
  stamp : 2025-11-28T21:55:16Z
  target_type : sphere
  model_name : sphere
  pose : 
       - position : [-0.299633 , 3.853 , 0.689786]
       - orientation : [0.707107 , 0.707107 , -9.58483e-08 , 6.67396e-08]
  RingCirclePositionError : 0
  position_error : 0.159486
  orientation_error : 1.5708
  found_in_gazebo : 1

 ErrorResults 
  stamp : 2025-11-28T21:55:16Z
  target_type : sphere
  model_name : sphere
  pose : 
       - position : [-0.299633 , 3.853 , 0.689786]
       - orientation : [0.707107 , 0.707107 , -9.58483e-08 , 6.67396e-08]
  RingCirclePositionError : 0
  position_error : 0.159414
  orientation_error : 1.5708
  found_in_gazebo : 1

 ErrorResults 
  stamp : 2025-11-28T21:55:16Z
  target_type : sphere
  model_name : sphere
  pose : 
       - position : [-0.299667 , 3.85502 , 0.689908]
       - orientation : [0.707107 , 0.707107 , -9.59378e-08 , 6.68106e-08]
  RingCirclePositionError : 0
  position_error : 0.15742
  orientation_error : 1.5708
  found_in_gazebo : 1

 ErrorResults 
  stamp : 2025-11-28T21:55:16Z
  target_type : sphere
  model_name : sphere
  pose : 
       - position : [-0.299755 , 3.85884 , 0.690121]
       - orientation : [0.707107 , 0.707107 , -9.61151e-08 , 6.69509e-08]
  RingCirclePositionError : 0
  position_error : 0.153737
  orientation_error : 1.5708
  found_in_gazebo : 1

 ErrorResults 
  stamp : 2025-11-28T21:55:16Z
  target_type : sphere
  model_name : sphere
  pose : 
       - position : [-0.297797 , 3.85588 , 0.69022]
       - orientation : [0.707107 , 0.707107 , -9.54464e-08 , 6.64627e-08]
  RingCirclePositionError : 0
  position_error : 0.156347
  orientation_error : 1.5708
  found_in_gazebo : 1

 ErrorResults 
  stamp : 2025-11-28T21:55:16Z
  target_type : sphere
  model_name : sphere
  pose : 
       - position : [-0.299111 , 3.85488 , 0.689017]
       - orientation : [0.707107 , 0.707107 , 8.55702e-13 , -6.37581e-12]
  RingCirclePositionError : 0
  position_error : 0.157647
  orientation_error : 1.5708
  found_in_gazebo : 1

 ErrorResults 
  stamp : 2025-11-28T21:55:16Z
  target_type : sphere
  model_name : sphere
  pose : 
       - position : [-0.2993 , 3.85488 , 0.688719]
       - orientation : [0.707107 , 0.707107 , -2.4853e-11 , 2.15343e-11]
  RingCirclePositionError : 0
  position_error : 0.157663
  orientation_error : 1.5708
  found_in_gazebo : 1

 ErrorResults 
  stamp : 2025-11-28T21:55:16Z
  target_type : sphere
  model_name : sphere
  pose : 
       - position : [-0.299154 , 3.85483 , 0.688802]
       - orientation : [0.707107 , 0.707107 , 1.10939e-11 , -5.89747e-12]
  RingCirclePositionError : 0
  position_error : 0.157596
  orientation_error : 1.5708
  found_in_gazebo : 1

 ErrorResults 
  stamp : 2025-11-28T21:55:16Z
  target_type : sphere
  model_name : sphere
  pose : 
       - position : [-0.299154 , 3.85483 , 0.688802]
       - orientation : [0.707107 , 0.707107 , 1.10939e-11 , -5.89747e-12]
  RingCirclePositionError : 0
  position_error : 0.157535
  orientation_error : 1.5708
  found_in_gazebo : 1

 ErrorResults 
  stamp : 2025-11-28T21:55:16Z
  target_type : sphere
  model_name : sphere
  pose : 
       - position : [-0.298632 , 3.85663 , 0.68913]
       - orientation : [0.707107 , 0.707107 , -9.58162e-08 , 6.67641e-08]
  RingCirclePositionError : 0
  position_error : 0.155667
  orientation_error : 1.5708
  found_in_gazebo : 1

 ErrorResults 
  stamp : 2025-11-28T21:55:16Z
  target_type : sphere
  model_name : sphere
  pose : 
       - position : [-0.298632 , 3.85663 , 0.68913]
       - orientation : [0.707107 , 0.707107 , -9.58162e-08 , 6.67641e-08]
  RingCirclePositionError : 0
  position_error : 0.155583
  orientation_error : 1.5708
  found_in_gazebo : 1

 ErrorResults 
  stamp : 2025-11-28T21:55:16Z
  target_type : sphere
  model_name : sphere
  pose : 
       - position : [-0.298745 , 3.85524 , 0.687957]
       - orientation : [0.707107 , 0.707107 , 9.59037e-08 , -6.68582e-08]
  RingCirclePositionError : 0
  position_error : 0.157277
  orientation_error : 1.5708
  found_in_gazebo : 1

 ErrorResults 
  stamp : 2025-11-28T21:55:16Z
  target_type : sphere
  model_name : sphere
  pose : 
       - position : [-0.298745 , 3.85524 , 0.687957]
       - orientation : [0.707107 , 0.707107 , 9.59037e-08 , -6.68582e-08]
  RingCirclePositionError : 0
  position_error : 0.15722
  orientation_error : 1.5708
  found_in_gazebo : 1

 ErrorResults 
  stamp : 2025-11-28T21:55:16Z
  target_type : sphere
  model_name : sphere
  pose : 
       - position : [-0.298854 , 3.85502 , 0.687836]
       - orientation : [0.707107 , 0.707107 , -4.6719e-08 , 3.24091e-08]
  RingCirclePositionError : 0
  position_error : 0.157373
  orientation_error : 1.5708
  found_in_gazebo : 1

 ErrorResults 
  stamp : 2025-11-28T21:55:16Z
  target_type : sphere
  model_name : sphere
  pose : 
       - position : [-0.298518 , 3.85356 , 0.687462]
       - orientation : [0.707107 , 0.707107 , 4.67443e-08 , -3.24523e-08]
  RingCirclePositionError : 0
  position_error : 0.158781
  orientation_error : 1.5708
  found_in_gazebo : 1

 ErrorResults 
  stamp : 2025-11-28T21:55:16Z
  target_type : sphere
  model_name : sphere
  pose : 
       - position : [-0.29766 , 3.8526 , 0.687604]
       - orientation : [0.707107 , 0.707107 , 8.7416e-12 , -4.9184e-12]
  RingCirclePositionError : 0
  position_error : 0.159543
  orientation_error : 1.5708
  found_in_gazebo : 1

 ErrorResults 
  stamp : 2025-11-28T21:55:16Z
  target_type : sphere
  model_name : sphere
  pose : 
       - position : [-0.298772 , 3.85478 , 0.687024]
       - orientation : [0.707107 , 0.707107 , 9.59865e-08 , -6.69465e-08]
  RingCirclePositionError : 0
  position_error : 0.157657
  orientation_error : 1.5708
  found_in_gazebo : 1

 ErrorResults 
  stamp : 2025-11-28T21:55:16Z
  target_type : sphere
  model_name : sphere
  pose : 
       - position : [-0.298772 , 3.85478 , 0.687024]
       - orientation : [0.707107 , 0.707107 , 9.59865e-08 , -6.69465e-08]
  RingCirclePositionError : 0
  position_error : 0.157573
  orientation_error : 1.5708
  found_in_gazebo : 1

 ErrorResults 
  stamp : 2025-11-28T21:55:16Z
  target_type : sphere
  model_name : sphere
  pose : 
       - position : [-0.299213 , 3.85409 , 0.686531]
       - orientation : [0.707107 , 0.707107 , -8.37112e-12 , 1.08144e-11]
  RingCirclePositionError : 0
  position_error : 0.158317
  orientation_error : 1.5708
  found_in_gazebo : 1

 ErrorResults 
  stamp : 2025-11-28T21:55:16Z
  target_type : sphere
  model_name : sphere
  pose : 
       - position : [-0.298519 , 3.85647 , 0.686802]
       - orientation : [0.707107 , 0.707107 , 4.10253e-12 , -5.37417e-12]
  RingCirclePositionError : 0
  position_error : 0.155937
  orientation_error : 1.5708
  found_in_gazebo : 1

 ErrorResults 
  stamp : 2025-11-28T21:55:16Z
  target_type : sphere
  model_name : sphere
  pose : 
       - position : [-0.297333 , 3.85537 , 0.686814]
       - orientation : [0.707107 , 0.707107 , -4.73631e-11 , 3.88686e-11]
  RingCirclePositionError : 0
  position_error : 0.156884
  orientation_error : 1.5708
  found_in_gazebo : 1

 ErrorResults 
  stamp : 2025-11-28T21:55:16Z
  target_type : sphere
  model_name : sphere
  pose : 
       - position : [-0.298885 , 3.85491 , 0.686155]
       - orientation : [0.707107 , 0.707107 , -9.61115e-08 , 6.70656e-08]
  RingCirclePositionError : 0
  position_error : 0.15746
  orientation_error : 1.5708
  found_in_gazebo : 1

 ErrorResults 
  stamp : 2025-11-28T21:55:16Z
  target_type : sphere
  model_name : sphere
  pose : 
       - position : [-0.298893 , 3.85695 , 0.686265]
       - orientation : [0.707107 , 0.707107 , -7.96296e-12 , 2.75873e-12]
  RingCirclePositionError : 0
  position_error : 0.155451
  orientation_error : 1.5708
  found_in_gazebo : 1

 ErrorResults 
  stamp : 2025-11-28T21:55:16Z
  target_type : sphere
  model_name : sphere
  pose : 
       - position : [-0.299521 , 3.85612 , 0.685262]
       - orientation : [0.707107 , 0.707107 , 1.67698e-11 , -2.02185e-11]
  RingCirclePositionError : 0
  position_error : 0.156519
  orientation_error : 1.5708
  found_in_gazebo : 1

 ErrorResults 
  stamp : 2025-11-28T21:55:16Z
  target_type : sphere
  model_name : sphere
  pose : 
       - position : [-0.299521 , 3.85612 , 0.685262]
       - orientation : [0.707107 , 0.707107 , 1.67698e-11 , -2.02185e-11]
  RingCirclePositionError : 0
  position_error : 0.156422
  orientation_error : 1.5708
  found_in_gazebo : 1

 ErrorResults 
  stamp : 2025-11-28T21:55:16Z
  target_type : sphere
  model_name : sphere
  pose : 
       - position : [-0.298972 , 3.85632 , 0.685383]
       - orientation : [0.707107 , 0.707107 , -4.69011e-08 , 3.25929e-08]
  RingCirclePositionError : 0
  position_error : 0.156122
  orientation_error : 1.5708
  found_in_gazebo : 1

 ErrorResults 
  stamp : 2025-11-28T21:55:16Z
  target_type : sphere
  model_name : sphere
  pose : 
       - position : [-0.298972 , 3.85632 , 0.685383]
       - orientation : [0.707107 , 0.707107 , -4.69011e-08 , 3.25929e-08]
  RingCirclePositionError : 0
  position_error : 0.156034
  orientation_error : 1.5708
  found_in_gazebo : 1

 ErrorResults 
  stamp : 2025-11-28T21:55:16Z
  target_type : sphere
  model_name : sphere
  pose : 
       - position : [-0.299686 , 3.85275 , 0.683615]
       - orientation : [0.707107 , 0.707107 , -5.13279e-12 , 5.65012e-12]
  RingCirclePositionError : 0
  position_error : 0.159913
  orientation_error : 1.5708
  found_in_gazebo : 1

 ErrorResults 
  stamp : 2025-11-28T21:55:16Z
  target_type : sphere
  model_name : sphere
  pose : 
       - position : [-0.299632 , 3.85502 , 0.683807]
       - orientation : [0.707107 , 0.707107 , 3.25045e-11 , -2.62084e-11]
  RingCirclePositionError : 0
  position_error : 0.15767
  orientation_error : 1.5708
  found_in_gazebo : 1

 ErrorResults 
  stamp : 2025-11-28T21:55:16Z
  target_type : sphere
  model_name : sphere
  pose : 
       - position : [-0.299632 , 3.85502 , 0.683807]
       - orientation : [0.707107 , 0.707107 , 3.25045e-11 , -2.62084e-11]
  RingCirclePositionError : 0
  position_error : 0.15757
  orientation_error : 1.5708
  found_in_gazebo : 1

 ErrorResults 
  stamp : 2025-11-28T21:55:17Z
  target_type : sphere
  model_name : sphere
  pose : 
       - position : [-0.298362 , 3.85624 , 0.684576]
       - orientation : [0.707107 , 0.707107 , 9.61962e-08 , -6.719e-08]
  RingCirclePositionError : 0
  position_error : 0.156069
  orientation_error : 1.5708
  found_in_gazebo : 1

 ErrorResults 
  stamp : 2025-11-28T21:55:17Z
  target_type : sphere
  model_name : sphere
  pose : 
       - position : [-0.299434 , 3.85551 , 0.683805]
       - orientation : [0.707107 , 0.707107 , 4.70246e-08 , -3.27102e-08]
  RingCirclePositionError : 0
  position_error : 0.156949
  orientation_error : 1.5708
  found_in_gazebo : 1

 ErrorResults 
  stamp : 2025-11-28T21:55:17Z
  target_type : sphere
  model_name : sphere
  pose : 
       - position : [-0.30002 , 3.85302 , 0.682668]
       - orientation : [0.707107 , 0.707107 , 5.88291e-11 , -5.92967e-11]
  RingCirclePositionError : 0
  position_error : 0.159598
  orientation_error : 1.5708
  found_in_gazebo : 1

 ErrorResults 
  stamp : 2025-11-28T21:55:17Z
  target_type : sphere
  model_name : sphere
  pose : 
       - position : [-0.299805 , 3.85301 , 0.682759]
       - orientation : [0.707107 , 0.707107 , 4.87713e-11 , -5.15128e-11]
  RingCirclePositionError : 0
  position_error : 0.159477
  orientation_error : 1.5708
  found_in_gazebo : 1

 ErrorResults 
  stamp : 2025-11-28T21:55:17Z
  target_type : sphere
  model_name : sphere
  pose : 
       - position : [-0.299638 , 3.85354 , 0.682866]
       - orientation : [0.707107 , 0.707107 , 9.65897e-08 , -6.75094e-08]
  RingCirclePositionError : 0
  position_error : 0.158867
  orientation_error : 1.5708
  found_in_gazebo : 1

 ErrorResults 
  stamp : 2025-11-28T21:55:17Z
  target_type : sphere
  model_name : sphere
  pose : 
       - position : [-0.299688 , 3.85889 , 0.683216]
       - orientation : [0.707107 , 0.707107 , -7.47908e-12 , 8.81232e-12]
  RingCirclePositionError : 0
  position_error : 0.153715
  orientation_error : 1.5708
  found_in_gazebo : 1

 ErrorResults 
  stamp : 2025-11-28T21:55:17Z
  target_type : sphere
  model_name : sphere
  pose : 
       - position : [-0.299755 , 3.85884 , 0.683156]
       - orientation : [0.707107 , 0.707107 , -9.68366e-08 , 6.77054e-08]
  RingCirclePositionError : 0
  position_error : 0.153689
  orientation_error : 1.5708
  found_in_gazebo : 1

 ErrorResults 
  stamp : 2025-11-28T21:55:17Z
  target_type : sphere
  model_name : sphere
  pose : 
       - position : [-0.298395 , 3.85679 , 0.683229]
       - orientation : [0.707107 , 0.707107 , -1.55558e-12 , 9.4527e-13]
  RingCirclePositionError : 0
  position_error : 0.155473
  orientation_error : 1.5708
  found_in_gazebo : 1

 ErrorResults 
  stamp : 2025-11-28T21:55:17Z
  target_type : sphere
  model_name : sphere
  pose : 
       - position : [-0.298392 , 3.85555 , 0.682761]
       - orientation : [0.707107 , 0.707107 , 4.36485e-11 , -3.31011e-11]
  RingCirclePositionError : 0
  position_error : 0.156707
  orientation_error : 1.5708
  found_in_gazebo : 1

 ErrorResults 
  stamp : 2025-11-28T21:55:17Z
  target_type : sphere
  model_name : sphere
  pose : 
       - position : [-0.299246 , 3.85541 , 0.682003]
       - orientation : [0.707107 , 0.707107 , 1.08265e-11 , -1.39869e-11]
  RingCirclePositionError : 0
  position_error : 0.157044
  orientation_error : 1.5708
  found_in_gazebo : 1

 ErrorResults 
  stamp : 2025-11-28T21:55:17Z
  target_type : sphere
  model_name : sphere
  pose : 
       - position : [-0.29915 , 3.85484 , 0.681851]
       - orientation : [0.707107 , 0.707107 , 1.96515e-11 , -1.78258e-11]
  RingCirclePositionError : 0
  position_error : 0.157541
  orientation_error : 1.5708
  found_in_gazebo : 1

 ErrorResults 
  stamp : 2025-11-28T21:55:17Z
  target_type : sphere
  model_name : sphere
  pose : 
       - position : [-0.298632 , 3.85663 , 0.682169]
       - orientation : [0.707107 , 0.707107 , -9.65354e-08 , 6.75164e-08]
  RingCirclePositionError : 0
  position_error : 0.155687
  orientation_error : 1.5708
  found_in_gazebo : 1

 ErrorResults 
  stamp : 2025-11-28T21:55:17Z
  target_type : sphere
  model_name : sphere
  pose : 
       - position : [-0.298632 , 3.85663 , 0.682169]
       - orientation : [0.707107 , 0.707107 , -9.65354e-08 , 6.75164e-08]
  RingCirclePositionError : 0
  position_error : 0.155623
  orientation_error : 1.5708
  found_in_gazebo : 1

 ErrorResults 
  stamp : 2025-11-28T21:55:17Z
  target_type : sphere
  model_name : sphere
  pose : 
       - position : [-0.299115 , 3.85887 , 0.682133]
       - orientation : [0.707107 , 0.707107 , 2.5501e-11 , -3.00648e-11]
  RingCirclePositionError : 0
  position_error : 0.153491
  orientation_error : 1.5708
  found_in_gazebo : 1

 ErrorResults 
  stamp : 2025-11-28T21:55:17Z
  target_type : sphere
  model_name : sphere
  pose : 
       - position : [-0.299115 , 3.85887 , 0.682133]
       - orientation : [0.707107 , 0.707107 , 2.5501e-11 , -3.00648e-11]
  RingCirclePositionError : 0
  position_error : 0.153414
  orientation_error : 1.5708
  found_in_gazebo : 1

 ErrorResults 
  stamp : 2025-11-28T21:55:17Z
  target_type : sphere
  model_name : sphere
  pose : 
       - position : [-0.298745 , 3.85524 , 0.680998]
       - orientation : [0.707107 , 0.707107 , 9.66229e-08 , -6.76111e-08]
  RingCirclePositionError : 0
  position_error : 0.157117
  orientation_error : 1.5708
  found_in_gazebo : 1

 ErrorResults 
  stamp : 2025-11-28T21:55:17Z
  target_type : sphere
  model_name : sphere
  pose : 
       - position : [-0.298854 , 3.85502 , 0.680878]
       - orientation : [0.707107 , 0.707107 , -4.70611e-08 , 3.27753e-08]
  RingCirclePositionError : 0
  position_error : 0.157275
  orientation_error : 1.5708
  found_in_gazebo : 1

 ErrorResults 
  stamp : 2025-11-28T21:55:17Z
  target_type : sphere
  model_name : sphere
  pose : 
       - position : [-0.300593 , 3.85369 , 0.679355]
       - orientation : [0.707107 , 0.707107 , -9.72168e-08 , 6.80765e-08]
  RingCirclePositionError : 0
  position_error : 0.158999
  orientation_error : 1.5708
  found_in_gazebo : 1

 ErrorResults 
  stamp : 2025-11-28T21:55:17Z
  target_type : sphere
  model_name : sphere
  pose : 
       - position : [-0.298772 , 3.85478 , 0.680066]
       - orientation : [0.707107 , 0.707107 , 9.67062e-08 , -6.77003e-08]
  RingCirclePositionError : 0
  position_error : 0.157642
  orientation_error : 1.5708
  found_in_gazebo : 1

 ErrorResults 
  stamp : 2025-11-28T21:55:17Z
  target_type : sphere
  model_name : sphere
  pose : 
       - position : [-0.298617 , 3.85491 , 0.680142]
       - orientation : [0.707107 , 0.707107 , 3.7997e-11 , -3.28814e-11]
  RingCirclePositionError : 0
  position_error : 0.157409
  orientation_error : 1.5708
  found_in_gazebo : 1

 ErrorResults 
  stamp : 2025-11-28T21:55:17Z
  target_type : sphere
  model_name : sphere
  pose : 
       - position : [-0.29872 , 3.85497 , 0.680114]
       - orientation : [0.707107 , 0.707107 , 2.44539e-12 , 1.00489e-13]
  RingCirclePositionError : 0
  position_error : 0.157284
  orientation_error : 1.5708
  found_in_gazebo : 1

 ErrorResults 
  stamp : 2025-11-28T21:55:17Z
  target_type : sphere
  model_name : sphere
  pose : 
       - position : [-0.299189 , 3.8568 , 0.679738]
       - orientation : [0.707107 , 0.707107 , -4.72484e-08 , 3.29422e-08]
  RingCirclePositionError : 0
  position_error : 0.155656
  orientation_error : 1.5708
  found_in_gazebo : 1

 ErrorResults 
  stamp : 2025-11-28T21:55:17Z
  target_type : sphere
  model_name : sphere
  pose : 
       - position : [-0.298519 , 3.85647 , 0.679841]
       - orientation : [0.707107 , 0.707107 , -1.98304e-11 , 2.28779e-11]
  RingCirclePositionError : 0
  position_error : 0.155835
  orientation_error : 1.5708
  found_in_gazebo : 1

 ErrorResults 
  stamp : 2025-11-28T21:55:17Z
  target_type : sphere
  model_name : sphere
  pose : 
       - position : [-0.297333 , 3.85537 , 0.679854]
       - orientation : [0.707107 , 0.707107 , -5.14741e-11 , 4.86194e-11]
  RingCirclePositionError : 0
  position_error : 0.156786
  orientation_error : 1.5708
  found_in_gazebo : 1

 ErrorResults 
  stamp : 2025-11-28T21:55:17Z
  target_type : sphere
  model_name : sphere
  pose : 
       - position : [-0.298893 , 3.85695 , 0.679303]
       - orientation : [0.707107 , 0.707107 , -1.21903e-11 , 1.26561e-11]
  RingCirclePositionError : 0
  position_error : 0.155438
  orientation_error : 1.5708
  found_in_gazebo : 1

 ErrorResults 
  stamp : 2025-11-28T21:55:17Z
  target_type : sphere
  model_name : sphere
  pose : 
       - position : [-0.298897 , 3.85787 , 0.679351]
       - orientation : [0.707107 , 0.707107 , -4.72412e-08 , 3.29498e-08]
  RingCirclePositionError : 0
  position_error : 0.154486
  orientation_error : 1.5708
  found_in_gazebo : 1

 ErrorResults 
  stamp : 2025-11-28T21:55:17Z
  target_type : sphere
  model_name : sphere
  pose : 
       - position : [-0.299521 , 3.85683 , 0.678343]
       - orientation : [0.707107 , 0.707107 , -1.24986e-12 , 8.34548e-12]
  RingCirclePositionError : 0
  position_error : 0.155749
  orientation_error : 1.5708
  found_in_gazebo : 1

 ErrorResults 
  stamp : 2025-11-28T21:55:17Z
  target_type : sphere
  model_name : sphere
  pose : 
       - position : [-0.299521 , 3.85683 , 0.678343]
       - orientation : [0.707107 , 0.707107 , -1.24986e-12 , 8.34548e-12]
  RingCirclePositionError : 0
  position_error : 0.155661
  orientation_error : 1.5708
  found_in_gazebo : 1

 ErrorResults 
  stamp : 2025-11-28T21:55:17Z
  target_type : sphere
  model_name : sphere
  pose : 
       - position : [-0.298972 , 3.85632 , 0.678422]
       - orientation : [0.707107 , 0.707107 , -4.72637e-08 , 3.29789e-08]
  RingCirclePositionError : 0
  position_error : 0.156019
  orientation_error : 1.5708
  found_in_gazebo : 1

 ErrorResults 
  stamp : 2025-11-28T21:55:17Z
  target_type : sphere
  model_name : sphere
  pose : 
       - position : [-0.298944 , 3.85823 , 0.678541]
       - orientation : [0.707107 , 0.707107 , -9.707e-08 , 6.80325e-08]
  RingCirclePositionError : 0
  position_error : 0.154122
  orientation_error : 1.5708
  found_in_gazebo : 1

 ErrorResults 
  stamp : 2025-11-28T21:55:17Z
  target_type : sphere
  model_name : sphere
  pose : 
       - position : [-0.299632 , 3.85502 , 0.676848]
       - orientation : [0.707107 , 0.707107 , 5.91384e-11 , -5.8841e-11]
  RingCirclePositionError : 0
  position_error : 0.157643
  orientation_error : 1.5708
  found_in_gazebo : 1

 ErrorResults 
  stamp : 2025-11-28T21:55:17Z
  target_type : sphere
  model_name : sphere
  pose : 
       - position : [-0.299632 , 3.85502 , 0.676848]
       - orientation : [0.707107 , 0.707107 , 5.91384e-11 , -5.8841e-11]
  RingCirclePositionError : 0
  position_error : 0.157566
  orientation_error : 1.5708
  found_in_gazebo : 1

 ErrorResults 
  stamp : 2025-11-28T21:55:17Z
  target_type : sphere
  model_name : sphere
  pose : 
       - position : [-0.298362 , 3.85624 , 0.677615]
       - orientation : [0.707107 , 0.707107 , 9.69175e-08 , -6.79466e-08]
  RingCirclePositionError : 0
  position_error : 0.156055
  orientation_error : 1.5708
  found_in_gazebo : 1

 ErrorResults 
  stamp : 2025-11-28T21:55:17Z
  target_type : sphere
  model_name : sphere
  pose : 
       - position : [-0.298695 , 3.85627 , 0.677439]
       - orientation : [0.707107 , 0.707107 , 4.72361e-08 , -3.29659e-08]
  RingCirclePositionError : 0
  position_error : 0.156022
  orientation_error : 1.5708
  found_in_gazebo : 1

 ErrorResults 
  stamp : 2025-11-28T21:55:17Z
  target_type : sphere
  model_name : sphere
  pose : 
       - position : [-0.299434 , 3.85551 , 0.676846]
       - orientation : [0.707107 , 0.707107 , 4.73596e-08 , -3.30592e-08]
  RingCirclePositionError : 0
  position_error : 0.156862
  orientation_error : 1.5708
  found_in_gazebo : 1

 ErrorResults 
  stamp : 2025-11-28T21:55:17Z
  target_type : sphere
  model_name : sphere
  pose : 
       - position : [-0.299434 , 3.85551 , 0.676846]
       - orientation : [0.707107 , 0.707107 , 4.73596e-08 , -3.30592e-08]
  RingCirclePositionError : 0
  position_error : 0.156774
  orientation_error : 1.5708
  found_in_gazebo : 1

 ErrorResults 
  stamp : 2025-11-28T21:55:17Z
  target_type : sphere
  model_name : sphere
  pose : 
       - position : [-0.299804 , 3.85361 , 0.675845]
       - orientation : [0.707107 , 0.707107 , -2.08933e-11 , 2.13041e-11]
  RingCirclePositionError : 0
  position_error : 0.158839
  orientation_error : 1.5708
  found_in_gazebo : 1

 ErrorResults 
  stamp : 2025-11-28T21:55:17Z
  target_type : sphere
  model_name : sphere
  pose : 
       - position : [-0.299688 , 3.85889 , 0.67625]
       - orientation : [0.707107 , 0.707107 , 1.9143e-11 , -2.38271e-11]
  RingCirclePositionError : 0
  position_error : 0.153738
  orientation_error : 1.5708
  found_in_gazebo : 1

 ErrorResults 
  stamp : 2025-11-28T21:55:17Z
  target_type : sphere
  model_name : sphere
  pose : 
       - position : [-0.299688 , 3.85889 , 0.67625]
       - orientation : [0.707107 , 0.707107 , 1.9143e-11 , -2.38271e-11]
  RingCirclePositionError : 0
  position_error : 0.153652
  orientation_error : 1.5708
  found_in_gazebo : 1

 ErrorResults 
  stamp : 2025-11-28T21:55:17Z
  target_type : sphere
  model_name : sphere
  pose : 
       - position : [-0.299755 , 3.85884 , 0.67619]
       - orientation : [0.707107 , 0.707107 , -9.75623e-08 , 6.84674e-08]
  RingCirclePositionError : 0
  position_error : 0.153634
  orientation_error : 1.5708
  found_in_gazebo : 1

 ErrorResults 
  stamp : 2025-11-28T21:55:17Z
  target_type : sphere
  model_name : sphere
  pose : 
       - position : [-0.299755 , 3.85884 , 0.67619]
       - orientation : [0.707107 , 0.707107 , -9.75623e-08 , 6.84674e-08]
  RingCirclePositionError : 0
  position_error : 0.153541
  orientation_error : 1.5708
  found_in_gazebo : 1

 ErrorResults 
  stamp : 2025-11-28T21:55:17Z
  target_type : sphere
  model_name : sphere
  pose : 
       - position : [-0.297802 , 3.85607 , 0.67631]
       - orientation : [0.707107 , 0.707107 , 5.67962e-11 , -5.83314e-11]
  RingCirclePositionError : 0
  position_error : 0.155979
  orientation_error : 1.5708
  found_in_gazebo : 1

 ErrorResults 
  stamp : 2025-11-28T21:55:17Z
  target_type : sphere
  model_name : sphere
  pose : 
       - position : [-0.299246 , 3.85541 , 0.675044]
       - orientation : [0.707107 , 0.707107 , -1.30433e-11 , 1.42165e-11]
  RingCirclePositionError : 0
  position_error : 0.156983
  orientation_error : 1.5708
  found_in_gazebo : 1

 ErrorResults 
  stamp : 2025-11-28T21:55:17Z
  target_type : sphere
  model_name : sphere
  pose : 
       - position : [-0.299161 , 3.85725 , 0.675234]
       - orientation : [0.707107 , 0.707107 , 4.7388e-08 , -3.30976e-08]
  RingCirclePositionError : 0
  position_error : 0.155132
  orientation_error : 1.5708
  found_in_gazebo : 1

 ErrorResults 
  stamp : 2025-11-28T21:55:17Z
  target_type : sphere
  model_name : sphere
  pose : 
       - position : [-0.298623 , 3.85715 , 0.675383]
       - orientation : [0.707107 , 0.707107 , -4.73969e-08 , 3.313e-08]
  RingCirclePositionError : 0
  position_error : 0.155111
  orientation_error : 1.5708
  found_in_gazebo : 1

 ErrorResults 
  stamp : 2025-11-28T21:55:18Z
  target_type : sphere
  model_name : sphere
  pose : 
       - position : [-0.299115 , 3.85887 , 0.675168]
       - orientation : [0.707107 , 0.707107 , 2.13141e-11 , -2.02018e-11]
  RingCirclePositionError : 0
  position_error : 0.153517
  orientation_error : 1.5708
  found_in_gazebo : 1

 ErrorResults 
  stamp : 2025-11-28T21:55:18Z
  target_type : sphere
  model_name : sphere
  pose : 
       - position : [-0.299115 , 3.85887 , 0.675168]
       - orientation : [0.707107 , 0.707107 , 2.13141e-11 , -2.02018e-11]
  RingCirclePositionError : 0
  position_error : 0.153443
  orientation_error : 1.5708
  found_in_gazebo : 1

 ErrorResults 
  stamp : 2025-11-28T21:55:18Z
  target_type : sphere
  model_name : sphere
  pose : 
       - position : [-0.299115 , 3.85887 , 0.675168]
       - orientation : [0.707107 , 0.707107 , 2.13141e-11 , -2.02018e-11]
  RingCirclePositionError : 0
  position_error : 0.153344
  orientation_error : 1.5708
  found_in_gazebo : 1

 ErrorResults 
  stamp : 2025-11-28T21:55:18Z
  target_type : sphere
  model_name : sphere
  pose : 
       - position : [-0.300138 , 3.85552 , 0.673337]
       - orientation : [0.707107 , 0.707107 , -4.75696e-08 , 3.3255e-08]
  RingCirclePositionError : 0
  position_error : 0.157044
  orientation_error : 1.5708
  found_in_gazebo : 1

 ErrorResults 
  stamp : 2025-11-28T21:55:18Z
  target_type : sphere
  model_name : sphere
  pose : 
       - position : [-0.300138 , 3.85552 , 0.673337]
       - orientation : [0.707107 , 0.707107 , -4.75696e-08 , 3.3255e-08]
  RingCirclePositionError : 0
  position_error : 0.156967
  orientation_error : 1.5708
  found_in_gazebo : 1

 ErrorResults 
  stamp : 2025-11-28T21:55:18Z
  target_type : sphere
  model_name : sphere
  pose : 
       - position : [-0.298942 , 3.85607 , 0.673489]
       - orientation : [0.707107 , 0.707107 , 9.7496e-08 , -6.85022e-08]
  RingCirclePositionError : 0
  position_error : 0.156313
  orientation_error : 1.5708
  found_in_gazebo : 1

 ErrorResults 
  stamp : 2025-11-28T21:55:18Z
  target_type : sphere
  model_name : sphere
  pose : 
       - position : [-0.297765 , 3.85547 , 0.673828]
       - orientation : [0.707107 , 0.707107 , 4.7338e-08 , -3.31132e-08]
  RingCirclePositionError : 0
  position_error : 0.156659
  orientation_error : 1.5708
  found_in_gazebo : 1

 ErrorResults 
  stamp : 2025-11-28T21:55:18Z
  target_type : sphere
  model_name : sphere
  pose : 
       - position : [-0.29872 , 3.85497 , 0.673156]
       - orientation : [0.707107 , 0.707107 , 8.87539e-12 , -1.37e-11]
  RingCirclePositionError : 0
  position_error : 0.157292
  orientation_error : 1.5708
  found_in_gazebo : 1

 ErrorResults 
  stamp : 2025-11-28T21:55:18Z
  target_type : sphere
  model_name : sphere
  pose : 
       - position : [-0.298787 , 3.85806 , 0.673329]
       - orientation : [0.707107 , 0.707107 , -4.22198e-11 , 4.41699e-11]
  RingCirclePositionError : 0
  position_error : 0.154279
  orientation_error : 1.5708
  found_in_gazebo : 1

 ErrorResults 
  stamp : 2025-11-28T21:55:18Z
  target_type : sphere
  model_name : sphere
  pose : 
       - position : [-0.299189 , 3.8568 , 0.672776]
       - orientation : [0.707107 , 0.707107 , -4.75627e-08 , 3.32709e-08]
  RingCirclePositionError : 0
  position_error : 0.155577
  orientation_error : 1.5708
  found_in_gazebo : 1

 ErrorResults 
  stamp : 2025-11-28T21:55:18Z
  target_type : sphere
  model_name : sphere
  pose : 
       - position : [-0.298519 , 3.85647 , 0.672879]
       - orientation : [0.707107 , 0.707107 , 6.54267e-12 , -9.49945e-12]
  RingCirclePositionError : 0
  position_error : 0.155771
  orientation_error : 1.5708
  found_in_gazebo : 1

 ErrorResults 
  stamp : 2025-11-28T21:55:18Z
  target_type : sphere
  model_name : sphere
  pose : 
       - position : [-0.298392 , 3.85746 , 0.672607]
       - orientation : [0.707107 , 0.707107 , 9.75043e-08 , -6.85492e-08]
  RingCirclePositionError : 0
  position_error : 0.154872
  orientation_error : 1.5708
  found_in_gazebo : 1

 ErrorResults 
  stamp : 2025-11-28T21:55:18Z
  target_type : sphere
  model_name : sphere
  pose : 
       - position : [-0.298857 , 3.85796 , 0.672452]
       - orientation : [0.707107 , 0.707107 , -6.11309e-12 , 1.13615e-12]
  RingCirclePositionError : 0
  position_error : 0.154387
  orientation_error : 1.5708
  found_in_gazebo : 1

 ErrorResults 
  stamp : 2025-11-28T21:55:18Z
  target_type : sphere
  model_name : sphere
  pose : 
       - position : [-0.298901 , 3.85882 , 0.672435]
       - orientation : [0.707107 , 0.707107 , 3.67651e-11 , -2.70606e-11]
  RingCirclePositionError : 0
  position_error : 0.153545
  orientation_error : 1.5708
  found_in_gazebo : 1

 ErrorResults 
  stamp : 2025-11-28T21:55:18Z
  target_type : sphere
  model_name : sphere
  pose : 
       - position : [-0.299336 , 3.85754 , 0.671702]
       - orientation : [0.707107 , 0.707107 , -4.54558e-11 , 4.57646e-11]
  RingCirclePositionError : 0
  position_error : 0.154921
  orientation_error : 1.5708
  found_in_gazebo : 1

 ErrorResults 
  stamp : 2025-11-28T21:55:18Z
  target_type : sphere
  model_name : sphere
  pose : 
       - position : [-0.299521 , 3.85683 , 0.671382]
       - orientation : [0.707107 , 0.707107 , 2.53015e-11 , -2.42337e-11]
  RingCirclePositionError : 0
  position_error : 0.155616
  orientation_error : 1.5708
  found_in_gazebo : 1

 ErrorResults 
  stamp : 2025-11-28T21:55:18Z
  target_type : sphere
  model_name : sphere
  pose : 
       - position : [-0.298972 , 3.85632 , 0.671461]
       - orientation : [0.707107 , 0.707107 , -4.75777e-08 , 3.33076e-08]
  RingCirclePositionError : 0
  position_error : 0.155967
  orientation_error : 1.5708
  found_in_gazebo : 1

 ErrorResults 
  stamp : 2025-11-28T21:55:18Z
  target_type : sphere
  model_name : sphere
  pose : 
       - position : [-0.298944 , 3.85823 , 0.671577]
       - orientation : [0.707107 , 0.707107 , -9.77969e-08 , 6.87976e-08]
  RingCirclePositionError : 0
  position_error : 0.154071
  orientation_error : 1.5708
  found_in_gazebo : 1

 ErrorResults 
  stamp : 2025-11-28T21:55:18Z
  target_type : sphere
  model_name : sphere
  pose : 
       - position : [-0.299195 , 3.85707 , 0.670963]
       - orientation : [0.707107 , 0.707107 , -3.74286e-11 , 2.76865e-11]
  RingCirclePositionError : 0
  position_error : 0.1553
  orientation_error : 1.5708
  found_in_gazebo : 1

 ErrorResults 
  stamp : 2025-11-28T21:55:18Z
  target_type : sphere
  model_name : sphere
  pose : 
       - position : [-0.298362 , 3.85624 , 0.670654]
       - orientation : [0.707107 , 0.707107 , 9.76427e-08 , -6.87104e-08]
  RingCirclePositionError : 0
  position_error : 0.156086
  orientation_error : 1.5708
  found_in_gazebo : 1

 ErrorResults 
  stamp : 2025-11-28T21:55:18Z
  target_type : sphere
  model_name : sphere
  pose : 
       - position : [-0.298695 , 3.85627 , 0.670478]
       - orientation : [0.707107 , 0.707107 , 4.75728e-08 , -3.33178e-08]
  RingCirclePositionError : 0
  position_error : 0.156054
  orientation_error : 1.5708
  found_in_gazebo : 1

 ErrorResults 
  stamp : 2025-11-28T21:55:18Z
  target_type : sphere
  model_name : sphere
  pose : 
       - position : [-0.298695 , 3.85627 , 0.670478]
       - orientation : [0.707107 , 0.707107 , 4.75728e-08 , -3.33178e-08]
  RingCirclePositionError : 0
  position_error : 0.15597
  orientation_error : 1.5708
  found_in_gazebo : 1

 ErrorResults 
  stamp : 2025-11-28T21:55:18Z
  target_type : sphere
  model_name : sphere
  pose : 
       - position : [-0.299434 , 3.85551 , 0.669886]
       - orientation : [0.707107 , 0.707107 , 4.76772e-08 , -3.33935e-08]
  RingCirclePositionError : 0
  position_error : 0.156805
  orientation_error : 1.5708
  found_in_gazebo : 1

 ErrorResults 
  stamp : 2025-11-28T21:55:18Z
  target_type : sphere
  model_name : sphere
  pose : 
       - position : [-0.299432 , 3.85583 , 0.669905]
       - orientation : [0.707107 , 0.707107 , -4.12745e-11 , 3.28918e-11]
  RingCirclePositionError : 0
  position_error : 0.156422
  orientation_error : 1.5708
  found_in_gazebo : 1

 ErrorResults 
  stamp : 2025-11-28T21:55:18Z
  target_type : sphere
  model_name : sphere
  pose : 
       - position : [-0.299794 , 3.85896 , 0.669244]
       - orientation : [0.707107 , 0.707107 , 2.95062e-11 , -2.81845e-11]
  RingCirclePositionError : 0
  position_error : 0.153705
  orientation_error : 1.5708
  found_in_gazebo : 1

 ErrorResults 
  stamp : 2025-11-28T21:55:18Z
  target_type : sphere
  model_name : sphere
  pose : 
       - position : [-0.299688 , 3.85889 , 0.669285]
       - orientation : [0.707107 , 0.707107 , -4.64765e-12 , 4.32683e-12]
  RingCirclePositionError : 0
  position_error : 0.153682
  orientation_error : 1.5708
  found_in_gazebo : 1

 ErrorResults 
  stamp : 2025-11-28T21:55:18Z
  target_type : sphere
  model_name : sphere
  pose : 
       - position : [-0.299688 , 3.85889 , 0.669285]
       - orientation : [0.707107 , 0.707107 , -4.64765e-12 , 4.32683e-12]
  RingCirclePositionError : 0
  position_error : 0.153586
  orientation_error : 1.5708
  found_in_gazebo : 1

 ErrorResults 
  stamp : 2025-11-28T21:55:18Z
  target_type : sphere
  model_name : sphere
  pose : 
       - position : [-0.299688 , 3.85889 , 0.669285]
       - orientation : [0.707107 , 0.707107 , -4.64765e-12 , 4.32683e-12]
  RingCirclePositionError : 0
  position_error : 0.153501
  orientation_error : 1.5708
  found_in_gazebo : 1

 ErrorResults 
  stamp : 2025-11-28T21:55:18Z
  target_type : sphere
  model_name : sphere
  pose : 
       - position : [-0.299767 , 3.85938 , 0.669252]
       - orientation : [0.707107 , 0.707107 , -4.78491e-08 , 3.35502e-08]
  RingCirclePositionError : 0
  position_error : 0.152975
  orientation_error : 1.5708
  found_in_gazebo : 1

 ErrorResults 
  stamp : 2025-11-28T21:55:18Z
  target_type : sphere
  model_name : sphere
  pose : 
       - position : [-0.298397 , 3.85708 , 0.669321]
       - orientation : [0.707107 , 0.707107 , -4.76608e-08 , 3.34163e-08]
  RingCirclePositionError : 0
  position_error : 0.154993
  orientation_error : 1.5708
  found_in_gazebo : 1

 ErrorResults 
  stamp : 2025-11-28T21:55:18Z
  target_type : sphere
  model_name : sphere
  pose : 
       - position : [-0.297802 , 3.85607 , 0.669349]
       - orientation : [0.707107 , 0.707107 , 5.29163e-11 , -4.8765e-11]
  RingCirclePositionError : 0
  position_error : 0.155863
  orientation_error : 1.5708
  found_in_gazebo : 1

 ErrorResults 
  stamp : 2025-11-28T21:55:18Z
  target_type : sphere
  model_name : sphere
  pose : 
       - position : [-0.299161 , 3.85725 , 0.668272]
       - orientation : [0.707107 , 0.707107 , 4.77557e-08 , -3.34929e-08]
  RingCirclePositionError : 0
  position_error : 0.155103
  orientation_error : 1.5708
  found_in_gazebo : 1

 ErrorResults 
  stamp : 2025-11-28T21:55:18Z
  target_type : sphere
  model_name : sphere
  pose : 
       - position : [-0.299086 , 3.85872 , 0.668242]
       - orientation : [0.707107 , 0.707107 , -1.20514e-11 , 3.79975e-12]
  RingCirclePositionError : 0
  position_error : 0.153667
  orientation_error : 1.5708
  found_in_gazebo : 1

 ErrorResults 
  stamp : 2025-11-28T21:55:18Z
  target_type : sphere
  model_name : sphere
  pose : 
       - position : [-0.299115 , 3.85887 , 0.668202]
       - orientation : [0.707107 , 0.707107 , -2.07093e-12 , 7.58413e-12]
  RingCirclePositionError : 0
  position_error : 0.153496
  orientation_error : 1.5708
  found_in_gazebo : 1

 ErrorResults 
  stamp : 2025-11-28T21:55:18Z
  target_type : sphere
  model_name : sphere
  pose : 
       - position : [-0.299115 , 3.85887 , 0.668202]
       - orientation : [0.707107 , 0.707107 , -2.07093e-12 , 7.58413e-12]
  RingCirclePositionError : 0
  position_error : 0.153446
  orientation_error : 1.5708
  found_in_gazebo : 1

 ErrorResults 
  stamp : 2025-11-28T21:55:18Z
  target_type : sphere
  model_name : sphere
  pose : 
       - position : [-0.299115 , 3.85887 , 0.668202]
       - orientation : [0.707107 , 0.707107 , -2.07093e-12 , 7.58413e-12]
  RingCirclePositionError : 0
  position_error : 0.153358
  orientation_error : 1.5708
  found_in_gazebo : 1

 ErrorResults 
  stamp : 2025-11-28T21:55:18Z
  target_type : sphere
  model_name : sphere
  pose : 
       - position : [-0.299115 , 3.85887 , 0.668202]
       - orientation : [0.707107 , 0.707107 , -2.07093e-12 , 7.58413e-12]
  RingCirclePositionError : 0
  position_error : 0.153285
  orientation_error : 1.5708
  found_in_gazebo : 1

 ErrorResults 
  stamp : 2025-11-28T21:55:18Z
  target_type : sphere
  model_name : sphere
  pose : 
       - position : [-0.300138 , 3.85552 , 0.666378]
       - orientation : [0.707107 , 0.707107 , -4.79353e-08 , 3.36472e-08]
  RingCirclePositionError : 0
  position_error : 0.156987
  orientation_error : 1.5708
  found_in_gazebo : 1

 ErrorResults 
  stamp : 2025-11-28T21:55:18Z
  target_type : sphere
  model_name : sphere
  pose : 
       - position : [-0.299167 , 3.85779 , 0.667033]
       - orientation : [0.707107 , 0.707107 , 5.59523e-11 , -5.10888e-11]
  RingCirclePositionError : 0
  position_error : 0.154566
  orientation_error : 1.5708
  found_in_gazebo : 1

 ErrorResults 
  stamp : 2025-11-28T21:55:18Z
  target_type : sphere
  model_name : sphere
  pose : 
       - position : [-0.299167 , 3.85779 , 0.667033]
       - orientation : [0.707107 , 0.707107 , 5.59523e-11 , -5.10888e-11]
  RingCirclePositionError : 0
  position_error : 0.154509
  orientation_error : 1.5708
  found_in_gazebo : 1

 ErrorResults 
  stamp : 2025-11-28T21:55:18Z
  target_type : sphere
  model_name : sphere
  pose : 
       - position : [-0.298077 , 3.85638 , 0.66703]
       - orientation : [0.707107 , 0.707107 , 4.3532e-11 , -4.35446e-11]
  RingCirclePositionError : 0
  position_error : 0.155733
  orientation_error : 1.5708
  found_in_gazebo : 1

 ErrorResults 
  stamp : 2025-11-28T21:55:18Z
  target_type : sphere
  model_name : sphere
  pose : 
       - position : [-0.297902 , 3.85921 , 0.667034]
       - orientation : [0.707107 , 0.707107 , 4.61362e-12 , -2.59969e-12]
  RingCirclePositionError : 0
  position_error : 0.153044
  orientation_error : 1.5708
  found_in_gazebo : 1

 ErrorResults 
  stamp : 2025-11-28T21:55:18Z
  target_type : sphere
  model_name : sphere
  pose : 
       - position : [-0.298787 , 3.85806 , 0.666365]
       - orientation : [0.707107 , 0.707107 , -3.59248e-11 , 3.0461e-11]
  RingCirclePositionError : 0
  position_error : 0.154262
  orientation_error : 1.5708
  found_in_gazebo : 1

 ErrorResults 
  stamp : 2025-11-28T21:55:18Z
  target_type : sphere
  model_name : sphere
  pose : 
       - position : [-0.298787 , 3.85806 , 0.666365]
       - orientation : [0.707107 , 0.707107 , -3.59248e-11 , 3.0461e-11]
  RingCirclePositionError : 0
  position_error : 0.154181
  orientation_error : 1.5708
  found_in_gazebo : 1

 ErrorResults 
  stamp : 2025-11-28T21:55:18Z
  target_type : sphere
  model_name : sphere
  pose : 
       - position : [-0.299171 , 3.85884 , 0.66593]
       - orientation : [0.707107 , 0.707107 , -9.84797e-08 , 6.94913e-08]
  RingCirclePositionError : 0
  position_error : 0.15355
  orientation_error : 1.5708
  found_in_gazebo : 1

 ErrorResults 
  stamp : 2025-11-28T21:55:18Z
  target_type : sphere
  model_name : sphere
  pose : 
       - position : [-0.298519 , 3.85872 , 0.666042]
       - orientation : [0.707107 , 0.707107 , 1.49556e-11 , -9.03845e-12]
  RingCirclePositionError : 0
  position_error : 0.153535
  orientation_error : 1.5708
  found_in_gazebo : 1

 ErrorResults 
  stamp : 2025-11-28T21:55:18Z
  target_type : sphere
  model_name : sphere
  pose : 
       - position : [-0.298849 , 3.85897 , 0.665557]
       - orientation : [0.707107 , 0.707107 , -9.84375e-08 , 6.94761e-08]
  RingCirclePositionError : 0
  position_error : 0.153407
  orientation_error : 1.5708
  found_in_gazebo : 1

 ErrorResults 
  stamp : 2025-11-28T21:55:19Z
  target_type : sphere
  model_name : sphere
  pose : 
       - position : [-0.298849 , 3.85897 , 0.665557]
       - orientation : [0.707107 , 0.707107 , -9.84375e-08 , 6.94761e-08]
  RingCirclePositionError : 0
  position_error : 0.15335
  orientation_error : 1.5708
  found_in_gazebo : 1

 ErrorResults 
  stamp : 2025-11-28T21:55:19Z
  target_type : sphere
  model_name : sphere
  pose : 
       - position : [-0.298901 , 3.85882 , 0.66547]
       - orientation : [0.707107 , 0.707107 , 4.30365e-11 , -4.07741e-11]
  RingCirclePositionError : 0
  position_error : 0.15344
  orientation_error : 1.5708
  found_in_gazebo : 1

 ErrorResults 
  stamp : 2025-11-28T21:55:19Z
  target_type : sphere
  model_name : sphere
  pose : 
       - position : [-0.299336 , 3.85756 , 0.66474]
       - orientation : [0.707107 , 0.707107 , -1.07329e-11 , 1.57894e-11]
  RingCirclePositionError : 0
  position_error : 0.15479
  orientation_error : 1.5708
  found_in_gazebo : 1

 ErrorResults 
  stamp : 2025-11-28T21:55:19Z
  target_type : sphere
  model_name : sphere
  pose : 
       - position : [-0.299519 , 3.85907 , 0.664545]
       - orientation : [0.707107 , 0.707107 , 9.87315e-08 , -6.9722e-08]
  RingCirclePositionError : 0
  position_error : 0.153408
  orientation_error : 1.5708
  found_in_gazebo : 1

 ErrorResults 
  stamp : 2025-11-28T21:55:19Z
  target_type : sphere
  model_name : sphere
  pose : 
       - position : [-0.298944 , 3.85823 , 0.664612]
       - orientation : [0.707107 , 0.707107 , -9.85277e-08 , 6.95702e-08]
  RingCirclePositionError : 0
  position_error : 0.154058
  orientation_error : 1.5708
  found_in_gazebo : 1

 ErrorResults 
  stamp : 2025-11-28T21:55:19Z
  target_type : sphere
  model_name : sphere
  pose : 
       - position : [-0.298944 , 3.85823 , 0.664612]
       - orientation : [0.707107 , 0.707107 , -9.85277e-08 , 6.95702e-08]
  RingCirclePositionError : 0
  position_error : 0.153974
  orientation_error : 1.5708
  found_in_gazebo : 1

 ErrorResults 
  stamp : 2025-11-28T21:55:19Z
  target_type : sphere
  model_name : sphere
  pose : 
       - position : [-0.299183 , 3.85808 , 0.664053]
       - orientation : [0.707107 , 0.707107 , -1.16208e-12 , 7.35889e-12]
  RingCirclePositionError : 0
  position_error : 0.154246
  orientation_error : 1.5708
  found_in_gazebo : 1

 ErrorResults 
  stamp : 2025-11-28T21:55:19Z
  target_type : sphere
  model_name : sphere
  pose : 
       - position : [-0.298695 , 3.85627 , 0.663517]
       - orientation : [0.707107 , 0.707107 , 4.79405e-08 , -3.37143e-08]
  RingCirclePositionError : 0
  position_error : 0.156047
  orientation_error : 1.5708
  found_in_gazebo : 1

 ErrorResults 
  stamp : 2025-11-28T21:55:19Z
  target_type : sphere
  model_name : sphere
  pose : 
       - position : [-0.298695 , 3.85627 , 0.663517]
       - orientation : [0.707107 , 0.707107 , 4.79405e-08 , -3.37143e-08]
  RingCirclePositionError : 0
  position_error : 0.155956
  orientation_error : 1.5708
  found_in_gazebo : 1

 ErrorResults 
  stamp : 2025-11-28T21:55:19Z
  target_type : sphere
  model_name : sphere
  pose : 
       - position : [-0.298695 , 3.85627 , 0.663517]
       - orientation : [0.707107 , 0.707107 , 4.79405e-08 , -3.37143e-08]
  RingCirclePositionError : 0
  position_error : 0.15588
  orientation_error : 1.5708
  found_in_gazebo : 1

 ErrorResults 
  stamp : 2025-11-28T21:55:19Z
  target_type : sphere
  model_name : sphere
  pose : 
       - position : [-0.299279 , 3.86129 , 0.663469]
       - orientation : [0.707107 , 0.707107 , 9.88849e-08 , -6.98847e-08]
  RingCirclePositionError : 0
  position_error : 0.151185
  orientation_error : 1.5708
  found_in_gazebo : 1

 ErrorResults 
  stamp : 2025-11-28T21:55:19Z
  target_type : sphere
  model_name : sphere
  pose : 
       - position : [-0.299405 , 3.86086 , 0.663232]
       - orientation : [0.707107 , 0.707107 , 4.81869e-08 , -3.39121e-08]
  RingCirclePositionError : 0
  position_error : 0.151603
  orientation_error : 1.5708
  found_in_gazebo : 1

 ErrorResults 
  stamp : 2025-11-28T21:55:19Z
  target_type : sphere
  model_name : sphere
  pose : 
       - position : [-0.299794 , 3.85896 , 0.662279]
       - orientation : [0.707107 , 0.707107 , 2.61526e-11 , -1.90326e-11]
  RingCirclePositionError : 0
  position_error : 0.153646
  orientation_error : 1.5708
  found_in_gazebo : 1

 ErrorResults 
  stamp : 2025-11-28T21:55:19Z
  target_type : sphere
  model_name : sphere
  pose : 
       - position : [-0.299794 , 3.85896 , 0.662279]
       - orientation : [0.707107 , 0.707107 , 2.61526e-11 , -1.90326e-11]
  RingCirclePositionError : 0
  position_error : 0.153568
  orientation_error : 1.5708
  found_in_gazebo : 1

 ErrorResults 
  stamp : 2025-11-28T21:55:19Z
  target_type : sphere
  model_name : sphere
  pose : 
       - position : [-0.299688 , 3.85889 , 0.662319]
       - orientation : [0.707107 , 0.707107 , -7.95779e-12 , 1.34629e-11]
  RingCirclePositionError : 0
  position_error : 0.153527
  orientation_error : 1.5708
  found_in_gazebo : 1

 ErrorResults 
  stamp : 2025-11-28T21:55:19Z
  target_type : sphere
  model_name : sphere
  pose : 
       - position : [-0.299693 , 3.85941 , 0.662351]
       - orientation : [0.707107 , 0.707107 , 1.98102e-11 , -9.52739e-12]
  RingCirclePositionError : 0
  position_error : 0.152952
  orientation_error : 1.5708
  found_in_gazebo : 1

 ErrorResults 
  stamp : 2025-11-28T21:55:19Z
  target_type : sphere
  model_name : sphere
  pose : 
       - position : [-0.299767 , 3.85938 , 0.662286]
       - orientation : [0.707107 , 0.707107 , -4.8187e-08 , 3.39037e-08]
  RingCirclePositionError : 0
  position_error : 0.152912
  orientation_error : 1.5708
  found_in_gazebo : 1

 ErrorResults 
  stamp : 2025-11-28T21:55:19Z
  target_type : sphere
  model_name : sphere
  pose : 
       - position : [-0.299767 , 3.85938 , 0.662286]
       - orientation : [0.707107 , 0.707107 , -4.8187e-08 , 3.39037e-08]
  RingCirclePositionError : 0
  position_error : 0.152832
  orientation_error : 1.5708
  found_in_gazebo : 1

 ErrorResults 
  stamp : 2025-11-28T21:55:19Z
  target_type : sphere
  model_name : sphere
  pose : 
       - position : [-0.299221 , 3.85952 , 0.661486]
       - orientation : [0.707107 , 0.707107 , 1.20483e-11 , -4.87744e-12]
  RingCirclePositionError : 0
  position_error : 0.152921
  orientation_error : 1.5708
  found_in_gazebo : 1

 ErrorResults 
  stamp : 2025-11-28T21:55:19Z
  target_type : sphere
  model_name : sphere
  pose : 
       - position : [-0.299192 , 3.85953 , 0.661435]
       - orientation : [0.707107 , 0.707107 , -3.89067e-11 , 4.03816e-11]
  RingCirclePositionError : 0
  position_error : 0.152848
  orientation_error : 1.5708
  found_in_gazebo : 1

 ErrorResults 
  stamp : 2025-11-28T21:55:19Z
  target_type : sphere
  model_name : sphere
  pose : 
       - position : [-0.298669 , 3.85904 , 0.661557]
       - orientation : [0.707107 , 0.707107 , 7.14718e-12 , -5.93506e-12]
  RingCirclePositionError : 0
  position_error : 0.153172
  orientation_error : 1.5708
  found_in_gazebo : 1

 ErrorResults 
  stamp : 2025-11-28T21:55:19Z
  target_type : sphere
  model_name : sphere
  pose : 
       - position : [-0.299115 , 3.85887 , 0.661237]
       - orientation : [0.707107 , 0.707107 , 2.36208e-11 , -2.42009e-11]
  RingCirclePositionError : 0
  position_error : 0.153357
  orientation_error : 1.5708
  found_in_gazebo : 1

 ErrorResults 
  stamp : 2025-11-28T21:55:19Z
  target_type : sphere
  model_name : sphere
  pose : 
       - position : [-0.299115 , 3.85887 , 0.661237]
       - orientation : [0.707107 , 0.707107 , 2.36208e-11 , -2.42009e-11]
  RingCirclePositionError : 0
  position_error : 0.153277
  orientation_error : 1.5708
  found_in_gazebo : 1

 ErrorResults 
  stamp : 2025-11-28T21:55:19Z
  target_type : sphere
  model_name : sphere
  pose : 
       - position : [-0.299115 , 3.85887 , 0.661237]
       - orientation : [0.707107 , 0.707107 , 2.36208e-11 , -2.42009e-11]
  RingCirclePositionError : 0
  position_error : 0.153216
  orientation_error : 1.5708
  found_in_gazebo : 1

 ErrorResults 
  stamp : 2025-11-28T21:55:19Z
  target_type : sphere
  model_name : sphere
  pose : 
       - position : [-0.299094 , 3.86104 , 0.66138]
       - orientation : [0.707107 , 0.707107 , -9.90425e-08 , 7.00725e-08]
  RingCirclePositionError : 0
  position_error : 0.151077
  orientation_error : 1.5708
  found_in_gazebo : 1

 ErrorResults 
  stamp : 2025-11-28T21:55:19Z
  target_type : sphere
  model_name : sphere
  pose : 
       - position : [-0.299384 , 3.85793 , 0.659967]
       - orientation : [0.707107 , 0.707107 , -4.82483e-08 , 3.39874e-08]
  RingCirclePositionError : 0
  position_error : 0.154407
  orientation_error : 1.5708
  found_in_gazebo : 1

 ErrorResults 
  stamp : 2025-11-28T21:55:19Z
  target_type : sphere
  model_name : sphere
  pose : 
       - position : [-0.299086 , 3.85799 , 0.660125]
       - orientation : [0.707107 , 0.707107 , -9.90277e-08 , 7.00894e-08]
  RingCirclePositionError : 0
  position_error : 0.154207
  orientation_error : 1.5708
  found_in_gazebo : 1

 ErrorResults 
  stamp : 2025-11-28T21:55:19Z
  target_type : sphere
  model_name : sphere
  pose : 
       - position : [-0.298232 , 3.85999 , 0.66022]
       - orientation : [0.707107 , 0.707107 , 1.36641e-11 , -4.53989e-12]
  RingCirclePositionError : 0
  position_error : 0.152253
  orientation_error : 1.5708
  found_in_gazebo : 1

 ErrorResults 
  stamp : 2025-11-28T21:55:19Z
  target_type : sphere
  model_name : sphere
  pose : 
       - position : [-0.297902 , 3.85921 , 0.660068]
       - orientation : [0.707107 , 0.707107 , 2.98621e-11 , -3.39615e-11]
  RingCirclePositionError : 0
  position_error : 0.152951
  orientation_error : 1.5708
  found_in_gazebo : 1

 ErrorResults 
  stamp : 2025-11-28T21:55:19Z
  target_type : sphere
  model_name : sphere
  pose : 
       - position : [-0.298787 , 3.85806 , 0.659401]
       - orientation : [0.707107 , 0.707107 , -3.91607e-11 , 3.9515e-11]
  RingCirclePositionError : 0
  position_error : 0.154169
  orientation_error : 1.5708
  found_in_gazebo : 1

 ErrorResults 
  stamp : 2025-11-28T21:55:19Z
  target_type : sphere
  model_name : sphere
  pose : 
       - position : [-0.298954 , 3.86052 , 0.659454]
       - orientation : [0.707107 , 0.707107 , -3.30478e-11 , 2.30659e-11]
  RingCirclePositionError : 0
  position_error : 0.151806
  orientation_error : 1.5708
  found_in_gazebo : 1

 ErrorResults 
  stamp : 2025-11-28T21:55:19Z
  target_type : sphere
  model_name : sphere
  pose : 
       - position : [-0.298954 , 3.86052 , 0.659454]
       - orientation : [0.707107 , 0.707107 , -3.30478e-11 , 2.30659e-11]
  RingCirclePositionError : 0
  position_error : 0.151744
  orientation_error : 1.5708
  found_in_gazebo : 1

 ErrorResults 
  stamp : 2025-11-28T21:55:19Z
  target_type : sphere
  model_name : sphere
  pose : 
       - position : [-0.298518 , 3.85992 , 0.659141]
       - orientation : [0.707107 , 0.707107 , 9.90691e-08 , -7.0168e-08]
  RingCirclePositionError : 0
  position_error : 0.152335
  orientation_error : 1.5708
  found_in_gazebo : 1

 ErrorResults 
  stamp : 2025-11-28T21:55:19Z
  target_type : sphere
  model_name : sphere
  pose : 
       - position : [-0.298541 , 3.85985 , 0.659103]
       - orientation : [0.707107 , 0.707107 , -9.90755e-08 , 7.01735e-08]
  RingCirclePositionError : 0
  position_error : 0.152333
  orientation_error : 1.5708
  found_in_gazebo : 1

 ErrorResults 
  stamp : 2025-11-28T21:55:19Z
  target_type : sphere
  model_name : sphere
  pose : 
       - position : [-0.298849 , 3.85897 , 0.658591]
       - orientation : [0.707107 , 0.707107 , -9.91718e-08 , 7.02552e-08]
  RingCirclePositionError : 0
  position_error : 0.15326
  orientation_error : 1.5708
  found_in_gazebo : 1

 ErrorResults 
  stamp : 2025-11-28T21:55:19Z
  target_type : sphere
  model_name : sphere
  pose : 
       - position : [-0.298901 , 3.85882 , 0.658504]
       - orientation : [0.707107 , 0.707107 , 3.98425e-11 , -3.17697e-11]
  RingCirclePositionError : 0
  position_error : 0.153366
  orientation_error : 1.5708
  found_in_gazebo : 1

 ErrorResults 
  stamp : 2025-11-28T21:55:19Z
  target_type : sphere
  model_name : sphere
  pose : 
       - position : [-0.298908 , 3.86065 , 0.65859]
       - orientation : [0.707107 , 0.707107 , -9.92686e-08 , 7.03346e-08]
  RingCirclePositionError : 0
  position_error : 0.151563
  orientation_error : 1.5708
  found_in_gazebo : 1

 ErrorResults 
  stamp : 2025-11-28T21:55:19Z
  target_type : sphere
  model_name : sphere
  pose : 
       - position : [-0.299519 , 3.85907 , 0.657579]
       - orientation : [0.707107 , 0.707107 , 9.94675e-08 , -7.05035e-08]
  RingCirclePositionError : 0
  position_error : 0.153337
  orientation_error : 1.5708
  found_in_gazebo : 1

 ErrorResults 
  stamp : 2025-11-28T21:55:19Z
  target_type : sphere
  model_name : sphere
  pose : 
       - position : [-0.299519 , 3.85907 , 0.657579]
       - orientation : [0.707107 , 0.707107 , 9.94675e-08 , -7.05035e-08]
  RingCirclePositionError : 0
  position_error : 0.153252
  orientation_error : 1.5708
  found_in_gazebo : 1

 ErrorResults 
  stamp : 2025-11-28T21:55:19Z
  target_type : sphere
  model_name : sphere
  pose : 
       - position : [-0.29892 , 3.85988 , 0.657741]
       - orientation : [0.707107 , 0.707107 , -1.76702e-11 , 1.51932e-11]
  RingCirclePositionError : 0
  position_error : 0.152353
  orientation_error : 1.5708
  found_in_gazebo : 1

 ErrorResults 
  stamp : 2025-11-28T21:55:19Z
  target_type : sphere
  model_name : sphere
  pose : 
       - position : [-0.29892 , 3.85988 , 0.657741]
       - orientation : [0.707107 , 0.707107 , -1.76702e-11 , 1.51932e-11]
  RingCirclePositionError : 0
  position_error : 0.152261
  orientation_error : 1.5708
  found_in_gazebo : 1

 ErrorResults 
  stamp : 2025-11-28T21:55:19Z
  target_type : sphere
  model_name : sphere
  pose : 
       - position : [-0.298695 , 3.85627 , 0.656557]
       - orientation : [0.707107 , 0.707107 , 4.82613e-08 , -3.40551e-08]
  RingCirclePositionError : 0
  position_error : 0.15598
  orientation_error : 1.5708
  found_in_gazebo : 1

 ErrorResults 
  stamp : 2025-11-28T21:55:19Z
  target_type : sphere
  model_name : sphere
  pose : 
       - position : [-0.298695 , 3.85627 , 0.656557]
       - orientation : [0.707107 , 0.707107 , 4.82613e-08 , -3.40551e-08]
  RingCirclePositionError : 0
  position_error : 0.155888
  orientation_error : 1.5708
  found_in_gazebo : 1

 ErrorResults 
  stamp : 2025-11-28T21:55:19Z
  target_type : sphere
  model_name : sphere
  pose : 
       - position : [-0.299477 , 3.86157 , 0.65648]
       - orientation : [0.707107 , 0.707107 , -9.96918e-08 , 7.07199e-08]
  RingCirclePositionError : 0
  position_error : 0.150953
  orientation_error : 1.5708
  found_in_gazebo : 1

 ErrorResults 
  stamp : 2025-11-28T21:55:19Z
  target_type : sphere
  model_name : sphere
  pose : 
       - position : [-0.299217 , 3.86149 , 0.656615]
       - orientation : [0.707107 , 0.707107 , 9.96031e-08 , -7.06515e-08]
  RingCirclePositionError : 0
  position_error : 0.150891
  orientation_error : 1.5708
  found_in_gazebo : 1

 ErrorResults 
  stamp : 2025-11-28T21:55:19Z
  target_type : sphere
  model_name : sphere
  pose : 
       - position : [-0.299405 , 3.86086 , 0.656263]
       - orientation : [0.707107 , 0.707107 , 4.8529e-08 , -3.4273e-08]
  RingCirclePositionError : 0
  position_error : 0.151507
  orientation_error : 1.5708
  found_in_gazebo : 1

 ErrorResults 
  stamp : 2025-11-28T21:55:20Z
  target_type : sphere
  model_name : sphere
  pose : 
       - position : [-0.299794 , 3.85896 , 0.655313]
       - orientation : [0.707107 , 0.707107 , 5.1492e-11 , -5.05399e-11]
  RingCirclePositionError : 0
  position_error : 0.153556
  orientation_error : 1.5708
  found_in_gazebo : 1

 ErrorResults 
  stamp : 2025-11-28T21:55:20Z
  target_type : sphere
  model_name : sphere
  pose : 
       - position : [-0.299795 , 3.85896 , 0.655312]
       - orientation : [0.707107 , 0.707107 , -9.97779e-08 , 7.08083e-08]
  RingCirclePositionError : 0
  position_error : 0.153471
  orientation_error : 1.5708
  found_in_gazebo : 1

 ErrorResults 
  stamp : 2025-11-28T21:55:20Z
  target_type : sphere
  model_name : sphere
  pose : 
       - position : [-0.299693 , 3.85941 , 0.655384]
       - orientation : [0.707107 , 0.707107 , 4.53485e-11 , -4.12077e-11]
  RingCirclePositionError : 0
  position_error : 0.152932
  orientation_error : 1.5708
  found_in_gazebo : 1

 ErrorResults 
  stamp : 2025-11-28T21:55:20Z
  target_type : sphere
  model_name : sphere
  pose : 
       - position : [-0.299693 , 3.85941 , 0.655384]
       - orientation : [0.707107 , 0.707107 , 4.53485e-11 , -4.12077e-11]
  RingCirclePositionError : 0
  position_error : 0.152851
  orientation_error : 1.5708
  found_in_gazebo : 1

 ErrorResults 
  stamp : 2025-11-28T21:55:20Z
  target_type : sphere
  model_name : sphere
  pose : 
       - position : [-0.299693 , 3.85941 , 0.655384]
       - orientation : [0.707107 , 0.707107 , 4.53485e-11 , -4.12077e-11]
  RingCirclePositionError : 0
  position_error : 0.152794
  orientation_error : 1.5708
  found_in_gazebo : 1

 ErrorResults 
  stamp : 2025-11-28T21:55:20Z
  target_type : sphere
  model_name : sphere
  pose : 
       - position : [-0.299857 , 3.86327 , 0.655501]
       - orientation : [0.707107 , 0.707107 , 1.38837e-11 , -6.85862e-12]
  RingCirclePositionError : 0
  position_error : 0.149123
  orientation_error : 1.5708
  found_in_gazebo : 1

 ErrorResults 
  stamp : 2025-11-28T21:55:20Z
  target_type : sphere
  model_name : sphere
  pose : 
       - position : [-0.298427 , 3.86045 , 0.65556]
       - orientation : [0.707107 , 0.707107 , 4.8425e-08 , -3.4215e-08]
  RingCirclePositionError : 0
  position_error : 0.15161
  orientation_error : 1.5708
  found_in_gazebo : 1

 ErrorResults 
  stamp : 2025-11-28T21:55:20Z
  target_type : sphere
  model_name : sphere
  pose : 
       - position : [-0.29846 , 3.86032 , 0.655182]
       - orientation : [0.707107 , 0.707107 , 4.95157e-11 , -5.13195e-11]
  RingCirclePositionError : 0
  position_error : 0.151789
  orientation_error : 1.5708
  found_in_gazebo : 1

 ErrorResults 
  stamp : 2025-11-28T21:55:20Z
  target_type : sphere
  model_name : sphere
  pose : 
       - position : [-0.299192 , 3.85953 , 0.654468]
       - orientation : [0.707107 , 0.707107 , -3.33162e-11 , 2.72642e-11]
  RingCirclePositionError : 0
  position_error : 0.152701
  orientation_error : 1.5708
  found_in_gazebo : 1

 ErrorResults 
  stamp : 2025-11-28T21:55:20Z
  target_type : sphere
  model_name : sphere
  pose : 
       - position : [-0.299115 , 3.85887 , 0.654272]
       - orientation : [0.707107 , 0.707107 , 9.12446e-13 , 2.96739e-12]
  RingCirclePositionError : 0
  position_error : 0.153291
  orientation_error : 1.5708
  found_in_gazebo : 1

 ErrorResults 
  stamp : 2025-11-28T21:55:20Z
  target_type : sphere
  model_name : sphere
  pose : 
       - position : [-0.299115 , 3.85887 , 0.654272]
       - orientation : [0.707107 , 0.707107 , 9.12446e-13 , 2.96739e-12]
  RingCirclePositionError : 0
  position_error : 0.153203
  orientation_error : 1.5708
  found_in_gazebo : 1

 ErrorResults 
  stamp : 2025-11-28T21:55:20Z
  target_type : sphere
  model_name : sphere
  pose : 
       - position : [-0.299094 , 3.86104 , 0.654411]
       - orientation : [0.707107 , 0.707107 , -9.97808e-08 , 7.08578e-08]
  RingCirclePositionError : 0
  position_error : 0.15105
  orientation_error : 1.5708
  found_in_gazebo : 1

 ErrorResults 
  stamp : 2025-11-28T21:55:20Z
  target_type : sphere
  model_name : sphere
  pose : 
       - position : [-0.299088 , 3.86165 , 0.654451]
       - orientation : [0.707107 , 0.707107 , 4.86137e-08 , -3.43751e-08]
  RingCirclePositionError : 0
  position_error : 0.150381
  orientation_error : 1.5708
  found_in_gazebo : 1

 ErrorResults 
  stamp : 2025-11-28T21:55:20Z
  target_type : sphere
  model_name : sphere
  pose : 
       - position : [-0.297873 , 3.86202 , 0.654041]
       - orientation : [0.707107 , 0.707107 , -4.29959e-11 , 4.16834e-11]
  RingCirclePositionError : 0
  position_error : 0.150139
  orientation_error : 1.5708
  found_in_gazebo : 1

 ErrorResults 
  stamp : 2025-11-28T21:55:20Z
  target_type : sphere
  model_name : sphere
  pose : 
       - position : [-0.299135 , 3.86096 , 0.653281]
       - orientation : [0.707107 , 0.707107 , 9.99092e-08 , -7.09914e-08]
  RingCirclePositionError : 0
  position_error : 0.15132
  orientation_error : 1.5708
  found_in_gazebo : 1

 ErrorResults 
  stamp : 2025-11-28T21:55:20Z
  target_type : sphere
  model_name : sphere
  pose : 
       - position : [-0.298232 , 3.85999 , 0.653253]
       - orientation : [0.707107 , 0.707107 , 1.93081e-11 , -1.77091e-11]
  RingCirclePositionError : 0
  position_error : 0.152141
  orientation_error : 1.5708
  found_in_gazebo : 1

 ErrorResults 
  stamp : 2025-11-28T21:55:20Z
  target_type : sphere
  model_name : sphere
  pose : 
       - position : [-0.298789 , 3.86047 , 0.652592]
       - orientation : [0.707107 , 0.707107 , -9.98629e-08 , 7.09813e-08]
  RingCirclePositionError : 0
  position_error : 0.151858
  orientation_error : 1.5708
  found_in_gazebo : 1

 ErrorResults 
  stamp : 2025-11-28T21:55:20Z
  target_type : sphere
  model_name : sphere
  pose : 
       - position : [-0.299407 , 3.86063 , 0.652189]
       - orientation : [0.707107 , 0.707107 , 4.11985e-11 , -4.47114e-11]
  RingCirclePositionError : 0
  position_error : 0.151782
  orientation_error : 1.5708
  found_in_gazebo : 1

 ErrorResults 
  stamp : 2025-11-28T21:55:20Z
  target_type : sphere
  model_name : sphere
  pose : 
       - position : [-0.298954 , 3.86052 , 0.652485]
       - orientation : [0.707107 , 0.707107 , -5.59e-11 , 5.03835e-11]
  RingCirclePositionError : 0
  position_error : 0.151698
  orientation_error : 1.5708
  found_in_gazebo : 1

 ErrorResults 
  stamp : 2025-11-28T21:55:20Z
  target_type : sphere
  model_name : sphere
  pose : 
       - position : [-0.298864 , 3.86171 , 0.652622]
       - orientation : [0.707107 , 0.707107 , 5.42366e-12 , -1.33248e-11]
  RingCirclePositionError : 0
  position_error : 0.150497
  orientation_error : 1.5708
  found_in_gazebo : 1

 ErrorResults 
  stamp : 2025-11-28T21:55:20Z
  target_type : sphere
  model_name : sphere
  pose : 
       - position : [-0.298518 , 3.85992 , 0.652174]
       - orientation : [0.707107 , 0.707107 , 9.98072e-08 , -7.09541e-08]
  RingCirclePositionError : 0
  position_error : 0.152232
  orientation_error : 1.5708
  found_in_gazebo : 1

 ErrorResults 
  stamp : 2025-11-28T21:55:20Z
  target_type : sphere
  model_name : sphere
  pose : 
       - position : [-0.298849 , 3.85897 , 0.651625]
       - orientation : [0.707107 , 0.707107 , -9.99101e-08 , 7.10418e-08]
  RingCirclePositionError : 0
  position_error : 0.153229
  orientation_error : 1.5708
  found_in_gazebo : 1

 ErrorResults 
  stamp : 2025-11-28T21:55:20Z
  target_type : sphere
  model_name : sphere
  pose : 
       - position : [-0.298833 , 3.86085 , 0.651745]
       - orientation : [0.707107 , 0.707107 , -3.57013e-11 , 2.61846e-11]
  RingCirclePositionError : 0
  position_error : 0.151376
  orientation_error : 1.5708
  found_in_gazebo : 1

 ErrorResults 
  stamp : 2025-11-28T21:55:20Z
  target_type : sphere
  model_name : sphere
  pose : 
       - position : [-0.298908 , 3.86065 , 0.651621]
       - orientation : [0.707107 , 0.707107 , -1.00008e-07 , 7.11222e-08]
  RingCirclePositionError : 0
  position_error : 0.151551
  orientation_error : 1.5708
  found_in_gazebo : 1

 ErrorResults 
  stamp : 2025-11-28T21:55:20Z
  target_type : sphere
  model_name : sphere
  pose : 
       - position : [-0.298908 , 3.86065 , 0.651621]
       - orientation : [0.707107 , 0.707107 , -1.00008e-07 , 7.11222e-08]
  RingCirclePositionError : 0
  position_error : 0.151459
  orientation_error : 1.5708
  found_in_gazebo : 1

 ErrorResults 
  stamp : 2025-11-28T21:55:20Z
  target_type : sphere
  model_name : sphere
  pose : 
       - position : [-0.299513 , 3.86004 , 0.650664]
       - orientation : [0.707107 , 0.707107 , -4.36235e-11 , 3.63929e-11]
  RingCirclePositionError : 0
  position_error : 0.152307
  orientation_error : 1.5708
  found_in_gazebo : 1

 ErrorResults 
  stamp : 2025-11-28T21:55:20Z
  target_type : sphere
  model_name : sphere
  pose : 
       - position : [-0.29951 , 3.86048 , 0.650688]
       - orientation : [0.707107 , 0.707107 , 1.2e-11 , -1.37629e-11]
  RingCirclePositionError : 0
  position_error : 0.151814
  orientation_error : 1.5708
  found_in_gazebo : 1

 ErrorResults 
  stamp : 2025-11-28T21:55:20Z
  target_type : sphere
  model_name : sphere
  pose : 
       - position : [-0.29892 , 3.85988 , 0.650774]
       - orientation : [0.707107 , 0.707107 , -4.00746e-11 , 4.20995e-11]
  RingCirclePositionError : 0
  position_error : 0.15228
  orientation_error : 1.5708
  found_in_gazebo : 1

 ErrorResults 
  stamp : 2025-11-28T21:55:20Z
  target_type : sphere
  model_name : sphere
  pose : 
       - position : [-0.29892 , 3.85988 , 0.650774]
       - orientation : [0.707107 , 0.707107 , -4.00746e-11 , 4.20995e-11]
  RingCirclePositionError : 0
  position_error : 0.152188
  orientation_error : 1.5708
  found_in_gazebo : 1

 ErrorResults 
  stamp : 2025-11-28T21:55:20Z
  target_type : sphere
  model_name : sphere
  pose : 
       - position : [-0.298543 , 3.85764 , 0.650175]
       - orientation : [0.707107 , 0.707107 , -9.99156e-08 , 7.10922e-08]
  RingCirclePositionError : 0
  position_error : 0.154406
  orientation_error : 1.5708
  found_in_gazebo : 1

 ErrorResults 
  stamp : 2025-11-28T21:55:20Z
  target_type : sphere
  model_name : sphere
  pose : 
       - position : [-0.298553 , 3.86113 , 0.649978]
       - orientation : [0.707107 , 0.707107 , -1.00108e-07 , 7.12588e-08]
  RingCirclePositionError : 0
  position_error : 0.151192
  orientation_error : 1.5708
  found_in_gazebo : 1

 ErrorResults 
  stamp : 2025-11-28T21:55:20Z
  target_type : sphere
  model_name : sphere
  pose : 
       - position : [-0.299477 , 3.86157 , 0.649509]
       - orientation : [0.707107 , 0.707107 , -1.00434e-07 , 7.15115e-08]
  RingCirclePositionError : 0
  position_error : 0.150879
  orientation_error : 1.5708
  found_in_gazebo : 1

 ErrorResults 
  stamp : 2025-11-28T21:55:20Z
  target_type : sphere
  model_name : sphere
  pose : 
       - position : [-0.299217 , 3.86149 , 0.649645]
       - orientation : [0.707107 , 0.707107 , 1.00344e-07 , -7.14424e-08]
  RingCirclePositionError : 0
  position_error : 0.150806
  orientation_error : 1.5708
  found_in_gazebo : 1

 ErrorResults 
  stamp : 2025-11-28T21:55:20Z
  target_type : sphere
  model_name : sphere
  pose : 
       - position : [-0.299405 , 3.86086 , 0.649294]
       - orientation : [0.707107 , 0.707107 , 4.88812e-08 , -3.46593e-08]
  RingCirclePositionError : 0
  position_error : 0.151441
  orientation_error : 1.5708
  found_in_gazebo : 1

 ErrorResults 
  stamp : 2025-11-28T21:55:20Z
  target_type : sphere
  model_name : sphere
  pose : 
       - position : [-0.299403 , 3.86124 , 0.649315]
       - orientation : [0.707107 , 0.707107 , -1.00418e-07 , 7.15057e-08]
  RingCirclePositionError : 0
  position_error : 0.150979
  orientation_error : 1.5708
  found_in_gazebo : 1

 ErrorResults 
  stamp : 2025-11-28T21:55:20Z
  target_type : sphere
  model_name : sphere
  pose : 
       - position : [-0.299795 , 3.8595 , 0.64838]
       - orientation : [0.707107 , 0.707107 , 1.00542e-07 , -7.16189e-08]
  RingCirclePositionError : 0
  position_error : 0.152882
  orientation_error : 1.5708
  found_in_gazebo : 1

 ErrorResults 
  stamp : 2025-11-28T21:55:20Z
  target_type : sphere
  model_name : sphere
  pose : 
       - position : [-0.299693 , 3.85941 , 0.648418]
       - orientation : [0.707107 , 0.707107 , 2.3056e-11 , -1.4411e-11]
  RingCirclePositionError : 0
  position_error : 0.152862
  orientation_error : 1.5708
  found_in_gazebo : 1

 ErrorResults 
  stamp : 2025-11-28T21:55:20Z
  target_type : sphere
  model_name : sphere
  pose : 
       - position : [-0.298391 , 3.86164 , 0.649101]
       - orientation : [0.707107 , 0.707107 , 4.86901e-08 , -3.45107e-08]
  RingCirclePositionError : 0
  position_error : 0.15046
  orientation_error : 1.5708
  found_in_gazebo : 1

 ErrorResults 
  stamp : 2025-11-28T21:55:20Z
  target_type : sphere
  model_name : sphere
  pose : 
       - position : [-0.299857 , 3.86327 , 0.648528]
       - orientation : [0.707107 , 0.707107 , 3.88862e-11 , -3.80809e-11]
  RingCirclePositionError : 0
  position_error : 0.149101
  orientation_error : 1.5708
  found_in_gazebo : 1

 ErrorResults 
  stamp : 2025-11-28T21:55:20Z
  target_type : sphere
  model_name : sphere
  pose : 
       - position : [-0.299859 , 3.86346 , 0.648536]
       - orientation : [0.707107 , 0.707107 , -4.90271e-08 , 3.47782e-08]
  RingCirclePositionError : 0
  position_error : 0.148837
  orientation_error : 1.5708
  found_in_gazebo : 1

 ErrorResults 
  stamp : 2025-11-28T21:55:20Z
  target_type : sphere
  model_name : sphere
  pose : 
       - position : [-0.298436 , 3.86145 , 0.648639]
       - orientation : [0.707107 , 0.707107 , -4.29081e-11 , 3.50238e-11]
  RingCirclePositionError : 0
  position_error : 0.150568
  orientation_error : 1.5708
  found_in_gazebo : 1

 ErrorResults 
  stamp : 2025-11-28T21:55:20Z
  target_type : sphere
  model_name : sphere
  pose : 
       - position : [-0.29846 , 3.86032 , 0.648214]
       - orientation : [0.707107 , 0.707107 , 4.65075e-11 , -4.24624e-11]
  RingCirclePositionError : 0
  position_error : 0.151686
  orientation_error : 1.5708
  found_in_gazebo : 1

 ErrorResults 
  stamp : 2025-11-28T21:55:20Z
  target_type : sphere
  model_name : sphere
  pose : 
       - position : [-0.299192 , 3.85953 , 0.647502]
       - orientation : [0.707107 , 0.707107 , -3.62023e-11 , 3.60746e-11]
  RingCirclePositionError : 0
  position_error : 0.152597
  orientation_error : 1.5708
  found_in_gazebo : 1

 ErrorResults 
  stamp : 2025-11-28T21:55:20Z
  target_type : sphere
  model_name : sphere
  pose : 
       - position : [-0.298669 , 3.85904 , 0.647625]
       - orientation : [0.707107 , 0.707107 , 2.89963e-11 , -2.81099e-11]
  RingCirclePositionError : 0
  position_error : 0.15295
  orientation_error : 1.5708
  found_in_gazebo : 1

 ErrorResults 
  stamp : 2025-11-28T21:55:20Z
  target_type : sphere
  model_name : sphere
  pose : 
       - position : [-0.299094 , 3.86104 , 0.647442]
       - orientation : [0.707107 , 0.707107 , -1.00523e-07 , 7.16505e-08]
  RingCirclePositionError : 0
  position_error : 0.151086
  orientation_error : 1.5708
  found_in_gazebo : 1

 ErrorResults 
  stamp : 2025-11-28T21:55:20Z
  target_type : sphere
  model_name : sphere
  pose : 
       - position : [-0.299088 , 3.86165 , 0.64748]
       - orientation : [0.707107 , 0.707107 , 4.89584e-08 , -3.47407e-08]
  RingCirclePositionError : 0
  position_error : 0.15042
  orientation_error : 1.5708
  found_in_gazebo : 1

 ErrorResults 
  stamp : 2025-11-28T21:55:21Z
  target_type : sphere
  model_name : sphere
  pose : 
       - position : [-0.299003 , 3.8651 , 0.647716]
       - orientation : [0.707107 , 0.707107 , -4.89347e-08 , 3.47202e-08]
  RingCirclePositionError : 0
  position_error : 0.147075
  orientation_error : 1.5708
  found_in_gazebo : 1

 ErrorResults 
  stamp : 2025-11-28T21:55:21Z
  target_type : sphere
  model_name : sphere
  pose : 
       - position : [-0.297873 , 3.86202 , 0.64707]
       - orientation : [0.707107 , 0.707107 , -3.80017e-11 , 2.90999e-11]
  RingCirclePositionError : 0
  position_error : 0.15009
  orientation_error : 1.5708
  found_in_gazebo : 1

 ErrorResults 
  stamp : 2025-11-28T21:55:21Z
  target_type : sphere
  model_name : sphere
  pose : 
       - position : [-0.297873 , 3.86202 , 0.64707]
       - orientation : [0.707107 , 0.707107 , -3.80017e-11 , 2.90999e-11]
  RingCirclePositionError : 0
  position_error : 0.149994
  orientation_error : 1.5708
  found_in_gazebo : 1

 ErrorResults 
  stamp : 2025-11-28T21:55:21Z
  target_type : sphere
  model_name : sphere
  pose : 
       - position : [-0.299109 , 3.86309 , 0.646395]
       - orientation : [0.707107 , 0.707107 , 4.89993e-08 , -3.47918e-08]
  RingCirclePositionError : 0
  position_error : 0.149184
  orientation_error : 1.5708
  found_in_gazebo : 1

 ErrorResults 
  stamp : 2025-11-28T21:55:21Z
  target_type : sphere
  model_name : sphere
  pose : 
       - position : [-0.299308 , 3.86196 , 0.64581]
       - orientation : [0.707107 , 0.707107 , -1.00801e-07 , 7.19172e-08]
  RingCirclePositionError : 0
  position_error : 0.150387
  orientation_error : 1.5708
  found_in_gazebo : 1

 ErrorResults 
  stamp : 2025-11-28T21:55:21Z
  target_type : sphere
  model_name : sphere
  pose : 
       - position : [-0.299407 , 3.86063 , 0.64522]
       - orientation : [0.707107 , 0.707107 , 1.87208e-11 , -1.7759e-11]
  RingCirclePositionError : 0
  position_error : 0.151752
  orientation_error : 1.5708
  found_in_gazebo : 1

 ErrorResults 
  stamp : 2025-11-28T21:55:21Z
  target_type : sphere
  model_name : sphere
  pose : 
       - position : [-0.298864 , 3.86171 , 0.645652]
       - orientation : [0.707107 , 0.707107 , 2.34414e-12 , -4.35738e-12]
  RingCirclePositionError : 0
  position_error : 0.150505
  orientation_error : 1.5708
  found_in_gazebo : 1

 ErrorResults 
  stamp : 2025-11-28T21:55:21Z
  target_type : sphere
  model_name : sphere
  pose : 
       - position : [-0.298864 , 3.86171 , 0.645652]
       - orientation : [0.707107 , 0.707107 , 2.34414e-12 , -4.35738e-12]
  RingCirclePositionError : 0
  position_error : 0.150428
  orientation_error : 1.5708
  found_in_gazebo : 1

 ErrorResults 
  stamp : 2025-11-28T21:55:21Z
  target_type : sphere
  model_name : sphere
  pose : 
       - position : [-0.298518 , 3.85992 , 0.645206]
       - orientation : [0.707107 , 0.707107 , 1.00549e-07 , -7.17473e-08]
  RingCirclePositionError : 0
  position_error : 0.152166
  orientation_error : 1.5708
  found_in_gazebo : 1

 ErrorResults 
  stamp : 2025-11-28T21:55:21Z
  target_type : sphere
  model_name : sphere
  pose : 
       - position : [-0.298549 , 3.86157 , 0.645241]
       - orientation : [0.707107 , 0.707107 , 1.80108e-11 , -2.33873e-11]
  RingCirclePositionError : 0
  position_error : 0.150545
  orientation_error : 1.5708
  found_in_gazebo : 1

 ErrorResults 
  stamp : 2025-11-28T21:55:21Z
  target_type : sphere
  model_name : sphere
  pose : 
       - position : [-0.298833 , 3.86085 , 0.644776]
       - orientation : [0.707107 , 0.707107 , -3.86328e-11 , 3.50359e-11]
  RingCirclePositionError : 0
  position_error : 0.151299
  orientation_error : 1.5708
  found_in_gazebo : 1

 ErrorResults 
  stamp : 2025-11-28T21:55:21Z
  target_type : sphere
  model_name : sphere
  pose : 
       - position : [-0.298908 , 3.86065 , 0.644653]
       - orientation : [0.707107 , 0.707107 , -1.00751e-07 , 7.19173e-08]
  RingCirclePositionError : 0
  position_error : 0.151448
  orientation_error : 1.5708
  found_in_gazebo : 1

 ErrorResults 
  stamp : 2025-11-28T21:55:21Z
  target_type : sphere
  model_name : sphere
  pose : 
       - position : [-0.298915 , 3.86245 , 0.64473]
       - orientation : [0.707107 , 0.707107 , -1.00831e-07 , 7.19834e-08]
  RingCirclePositionError : 0
  position_error : 0.149677
  orientation_error : 1.5708
  found_in_gazebo : 1

 ErrorResults 
  stamp : 2025-11-28T21:55:21Z
  target_type : sphere
  model_name : sphere
  pose : 
       - position : [-0.29951 , 3.86048 , 0.64372]
       - orientation : [0.707107 , 0.707107 , -1.01712e-11 , 1.29289e-11]
  RingCirclePositionError : 0
  position_error : 0.151794
  orientation_error : 1.5708
  found_in_gazebo : 1

 ErrorResults 
  stamp : 2025-11-28T21:55:21Z
  target_type : sphere
  model_name : sphere
  pose : 
       - position : [-0.29951 , 3.86048 , 0.64372]
       - orientation : [0.707107 , 0.707107 , -1.01712e-11 , 1.29289e-11]
  RingCirclePositionError : 0
  position_error : 0.151714
  orientation_error : 1.5708
  found_in_gazebo : 1

 ErrorResults 
  stamp : 2025-11-28T21:55:21Z
  target_type : sphere
  model_name : sphere
  pose : 
       - position : [-0.29892 , 3.85988 , 0.643807]
       - orientation : [0.707107 , 0.707107 , -1.55926e-11 , 1.1406e-11]
  RingCirclePositionError : 0
  position_error : 0.152138
  orientation_error : 1.5708
  found_in_gazebo : 1

 ErrorResults 
  stamp : 2025-11-28T21:55:21Z
  target_type : sphere
  model_name : sphere
  pose : 
       - position : [-0.298666 , 3.86238 , 0.643411]
       - orientation : [0.707107 , 0.707107 , 4.99845e-11 , -4.23318e-11]
  RingCirclePositionError : 0
  position_error : 0.149917
  orientation_error : 1.5708
  found_in_gazebo : 1

 ErrorResults 
  stamp : 2025-11-28T21:55:21Z
  target_type : sphere
  model_name : sphere
  pose : 
       - position : [-0.299477 , 3.86157 , 0.642539]
       - orientation : [0.707107 , 0.707107 , -1.01179e-07 , 7.23103e-08]
  RingCirclePositionError : 0
  position_error : 0.150915
  orientation_error : 1.5708
  found_in_gazebo : 1

 ErrorResults 
  stamp : 2025-11-28T21:55:21Z
  target_type : sphere
  model_name : sphere
  pose : 
       - position : [-0.299477 , 3.86157 , 0.642539]
       - orientation : [0.707107 , 0.707107 , -1.01179e-07 , 7.23103e-08]
  RingCirclePositionError : 0
  position_error : 0.15083
  orientation_error : 1.5708
  found_in_gazebo : 1

 ErrorResults 
  stamp : 2025-11-28T21:55:21Z
  target_type : sphere
  model_name : sphere
  pose : 
       - position : [-0.299217 , 3.86149 , 0.642674]
       - orientation : [0.707107 , 0.707107 , 1.01089e-07 , -7.22405e-08]
  RingCirclePositionError : 0
  position_error : 0.150765
  orientation_error : 1.5708
  found_in_gazebo : 1

 ErrorResults 
  stamp : 2025-11-28T21:55:21Z
  target_type : sphere
  model_name : sphere
  pose : 
       - position : [-0.299217 , 3.86149 , 0.642674]
       - orientation : [0.707107 , 0.707107 , 1.01089e-07 , -7.22405e-08]
  RingCirclePositionError : 0
  position_error : 0.150668
  orientation_error : 1.5708
  found_in_gazebo : 1

 ErrorResults 
  stamp : 2025-11-28T21:55:21Z
  target_type : sphere
  model_name : sphere
  pose : 
       - position : [-0.299403 , 3.86124 , 0.642345]
       - orientation : [0.707107 , 0.707107 , -1.01163e-07 , 7.23044e-08]
  RingCirclePositionError : 0
  position_error : 0.150945
  orientation_error : 1.5708
  found_in_gazebo : 1

 ErrorResults 
  stamp : 2025-11-28T21:55:21Z
  target_type : sphere
  model_name : sphere
  pose : 
       - position : [-0.299937 , 3.85962 , 0.64136]
       - orientation : [0.707107 , 0.707107 , -2.4907e-11 , 1.89537e-11]
  RingCirclePositionError : 0
  position_error : 0.152731
  orientation_error : 1.5708
  found_in_gazebo : 1

 ErrorResults 
  stamp : 2025-11-28T21:55:21Z
  target_type : sphere
  model_name : sphere
  pose : 
       - position : [-0.298391 , 3.86164 , 0.642131]
       - orientation : [0.707107 , 0.707107 , 4.90162e-08 , -3.48603e-08]
  RingCirclePositionError : 0
  position_error : 0.150488
  orientation_error : 1.5708
  found_in_gazebo : 1

 ErrorResults 
  stamp : 2025-11-28T21:55:21Z
  target_type : sphere
  model_name : sphere
  pose : 
       - position : [-0.299857 , 3.86327 , 0.641554]
       - orientation : [0.707107 , 0.707107 , 1.67752e-11 , -1.14391e-11]
  RingCirclePositionError : 0
  position_error : 0.149127
  orientation_error : 1.5708
  found_in_gazebo : 1

 ErrorResults 
  stamp : 2025-11-28T21:55:21Z
  target_type : sphere
  model_name : sphere
  pose : 
       - position : [-0.299732 , 3.86357 , 0.641678]
       - orientation : [0.707107 , 0.707107 , 1.0144e-07 , -7.25433e-08]
  RingCirclePositionError : 0
  position_error : 0.148717
  orientation_error : 1.5708
  found_in_gazebo : 1

 ErrorResults 
  stamp : 2025-11-28T21:55:21Z
  target_type : sphere
  model_name : sphere
  pose : 
       - position : [-0.299859 , 3.86346 , 0.641563]
       - orientation : [0.707107 , 0.707107 , -4.93524e-08 , 3.51259e-08]
  RingCirclePositionError : 0
  position_error : 0.148781
  orientation_error : 1.5708
  found_in_gazebo : 1

 ErrorResults 
  stamp : 2025-11-28T21:55:21Z
  target_type : sphere
  model_name : sphere
  pose : 
       - position : [-0.298436 , 3.86145 , 0.641668]
       - orientation : [0.707107 , 0.707107 , -6.496e-11 , 6.16176e-11]
  RingCirclePositionError : 0
  position_error : 0.1505
  orientation_error : 1.5708
  found_in_gazebo : 1

 ErrorResults 
  stamp : 2025-11-28T21:55:21Z
  target_type : sphere
  model_name : sphere
  pose : 
       - position : [-0.29846 , 3.86032 , 0.641246]
       - orientation : [0.707107 , 0.707107 , 2.47436e-11 , -1.61745e-11]
  RingCirclePositionError : 0
  position_error : 0.151625
  orientation_error : 1.5708
  found_in_gazebo : 1

 ErrorResults 
  stamp : 2025-11-28T21:55:21Z
  target_type : sphere
  model_name : sphere
  pose : 
       - position : [-0.299192 , 3.85953 , 0.640535]
       - orientation : [0.707107 , 0.707107 , -3.14477e-11 , 2.36472e-11]
  RingCirclePositionError : 0
  position_error : 0.15257
  orientation_error : 1.5708
  found_in_gazebo : 1

 ErrorResults 
  stamp : 2025-11-28T21:55:21Z
  target_type : sphere
  model_name : sphere
  pose : 
       - position : [-0.299376 , 3.86127 , 0.640357]
       - orientation : [0.707107 , 0.707107 , 3.68404e-11 , -3.57889e-11]
  RingCirclePositionError : 0
  position_error : 0.150951
  orientation_error : 1.5708
  found_in_gazebo : 1

 ErrorResults 
  stamp : 2025-11-28T21:55:21Z
  target_type : sphere
  model_name : sphere
  pose : 
       - position : [-0.299094 , 3.86104 , 0.640472]
       - orientation : [0.707107 , 0.707107 , -1.01268e-07 , 7.24504e-08]
  RingCirclePositionError : 0
  position_error : 0.151032
  orientation_error : 1.5708
  found_in_gazebo : 1

 ErrorResults 
  stamp : 2025-11-28T21:55:21Z
  target_type : sphere
  model_name : sphere
  pose : 
       - position : [-0.299088 , 3.86165 , 0.64051]
       - orientation : [0.707107 , 0.707107 , 4.93315e-08 , -3.51488e-08]
  RingCirclePositionError : 0
  position_error : 0.15039
  orientation_error : 1.5708
  found_in_gazebo : 1

 ErrorResults 
  stamp : 2025-11-28T21:55:21Z
  target_type : sphere
  model_name : sphere
  pose : 
       - position : [-0.299003 , 3.8651 , 0.640739]
       - orientation : [0.707107 , 0.707107 , -4.92868e-08 , 3.51069e-08]
  RingCirclePositionError : 0
  position_error : 0.147055
  orientation_error : 1.5708
  found_in_gazebo : 1

 ErrorResults 
  stamp : 2025-11-28T21:55:21Z
  target_type : sphere
  model_name : sphere
  pose : 
       - position : [-0.299003 , 3.8651 , 0.640739]
       - orientation : [0.707107 , 0.707107 , -4.92868e-08 , 3.51069e-08]
  RingCirclePositionError : 0
  position_error : 0.146961
  orientation_error : 1.5708
  found_in_gazebo : 1

 ErrorResults 
  stamp : 2025-11-28T21:55:21Z
  target_type : sphere
  model_name : sphere
  pose : 
       - position : [-0.299182 , 3.86346 , 0.639511]
       - orientation : [0.707107 , 0.707107 , -1.01514e-07 , 7.26792e-08]
  RingCirclePositionError : 0
  position_error : 0.148878
  orientation_error : 1.5708
  found_in_gazebo : 1

 ErrorResults 
  stamp : 2025-11-28T21:55:21Z
  target_type : sphere
  model_name : sphere
  pose : 
       - position : [-0.299496 , 3.86368 , 0.639362]
       - orientation : [0.707107 , 0.707107 , 1.01629e-07 , -7.27687e-08]
  RingCirclePositionError : 0
  position_error : 0.148667
  orientation_error : 1.5708
  found_in_gazebo : 1

 ErrorResults 
  stamp : 2025-11-28T21:55:21Z
  target_type : sphere
  model_name : sphere
  pose : 
       - position : [-0.299484 , 3.86358 , 0.639331]
       - orientation : [0.707107 , 0.707107 , -6.26879e-11 , 5.8341e-11]
  RingCirclePositionError : 0
  position_error : 0.148713
  orientation_error : 1.5708
  found_in_gazebo : 1

 ErrorResults 
  stamp : 2025-11-28T21:55:21Z
  target_type : sphere
  model_name : sphere
  pose : 
       - position : [-0.299579 , 3.86212 , 0.638697]
       - orientation : [0.707107 , 0.707107 , 1.01647e-07 , -7.27974e-08]
  RingCirclePositionError : 0
  position_error : 0.150222
  orientation_error : 1.5708
  found_in_gazebo : 1

 ErrorResults 
  stamp : 2025-11-28T21:55:21Z
  target_type : sphere
  model_name : sphere
  pose : 
       - position : [-0.298 , 3.86189 , 0.639269]
       - orientation : [0.707107 , 0.707107 , 1.01135e-07 , -7.24065e-08]
  RingCirclePositionError : 0
  position_error : 0.15012
  orientation_error : 1.5708
  found_in_gazebo : 1

 ErrorResults 
  stamp : 2025-11-28T21:55:21Z
  target_type : sphere
  model_name : sphere
  pose : 
       - position : [-0.298864 , 3.86171 , 0.638681]
       - orientation : [0.707107 , 0.707107 , -1.94901e-11 , 2.20341e-11]
  RingCirclePositionError : 0
  position_error : 0.150429
  orientation_error : 1.5708
  found_in_gazebo : 1

 ErrorResults 
  stamp : 2025-11-28T21:55:21Z
  target_type : sphere
  model_name : sphere
  pose : 
       - position : [-0.298864 , 3.86171 , 0.638681]
       - orientation : [0.707107 , 0.707107 , -1.94901e-11 , 2.20341e-11]
  RingCirclePositionError : 0
  position_error : 0.150341
  orientation_error : 1.5708
  found_in_gazebo : 1

 ErrorResults 
  stamp : 2025-11-28T21:55:21Z
  target_type : sphere
  model_name : sphere
  pose : 
       - position : [-0.298518 , 3.86166 , 0.638322]
       - orientation : [0.707107 , 0.707107 , -4.93255e-08 , 3.51804e-08]
  RingCirclePositionError : 0
  position_error : 0.150444
  orientation_error : 1.5708
  found_in_gazebo : 1

 ErrorResults 
  stamp : 2025-11-28T21:55:21Z
  target_type : sphere
  model_name : sphere
  pose : 
       - position : [-0.298549 , 3.86157 , 0.638271]
       - orientation : [0.707107 , 0.707107 , 1.53197e-11 , -1.47563e-11]
  RingCirclePositionError : 0
  position_error : 0.150446
  orientation_error : 1.5708
  found_in_gazebo : 1

 ErrorResults 
  stamp : 2025-11-28T21:55:21Z
  target_type : sphere
  model_name : sphere
  pose : 
       - position : [-0.298833 , 3.86085 , 0.637807]
       - orientation : [0.707107 , 0.707107 , -3.42093e-11 , 2.28979e-11]
  RingCirclePositionError : 0
  position_error : 0.151208
  orientation_error : 1.5708
  found_in_gazebo : 1

 ErrorResults 
  stamp : 2025-11-28T21:55:21Z
  target_type : sphere
  model_name : sphere
  pose : 
       - position : [-0.298915 , 3.86245 , 0.637758]
       - orientation : [0.707107 , 0.707107 , -1.01579e-07 , 7.27868e-08]
  RingCirclePositionError : 0
  position_error : 0.149678
  orientation_error : 1.5708
  found_in_gazebo : 1

 ErrorResults 
  stamp : 2025-11-28T21:55:22Z
  target_type : sphere
  model_name : sphere
  pose : 
       - position : [-0.298915 , 3.86245 , 0.637758]
       - orientation : [0.707107 , 0.707107 , -1.01579e-07 , 7.27868e-08]
  RingCirclePositionError : 0
  position_error : 0.14959
  orientation_error : 1.5708
  found_in_gazebo : 1

 ErrorResults 
  stamp : 2025-11-28T21:55:22Z
  target_type : sphere
  model_name : sphere
  pose : 
       - position : [-0.29951 , 3.86048 , 0.636751]
       - orientation : [0.707107 , 0.707107 , 1.38286e-11 , -1.73749e-11]
  RingCirclePositionError : 0
  position_error : 0.151702
  orientation_error : 1.5708
  found_in_gazebo : 1

 ErrorResults 
  stamp : 2025-11-28T21:55:22Z
  target_type : sphere
  model_name : sphere
  pose : 
       - position : [-0.299509 , 3.86057 , 0.636756]
       - orientation : [0.707107 , 0.707107 , -3.55397e-11 , 2.91569e-11]
  RingCirclePositionError : 0
  position_error : 0.151531
  orientation_error : 1.5708
  found_in_gazebo : 1

 ErrorResults 
  stamp : 2025-11-28T21:55:22Z
  target_type : sphere
  model_name : sphere
  pose : 
       - position : [-0.298855 , 3.86436 , 0.637068]
       - orientation : [0.707107 , 0.707107 , 5.38613e-11 , -4.4462e-11]
  RingCirclePositionError : 0
  position_error : 0.147836
  orientation_error : 1.5708
  found_in_gazebo : 1

 ErrorResults 
  stamp : 2025-11-28T21:55:22Z
  target_type : sphere
  model_name : sphere
  pose : 
       - position : [-0.29872 , 3.86249 , 0.636438]
       - orientation : [0.707107 , 0.707107 , -1.01669e-07 , 7.29025e-08]
  RingCirclePositionError : 0
  position_error : 0.149735
  orientation_error : 1.5708
  found_in_gazebo : 1

 ErrorResults 
  stamp : 2025-11-28T21:55:22Z
  target_type : sphere
  model_name : sphere
  pose : 
       - position : [-0.299477 , 3.86157 , 0.635569]
       - orientation : [0.707107 , 0.707107 , -1.01928e-07 , 7.31165e-08]
  RingCirclePositionError : 0
  position_error : 0.150819
  orientation_error : 1.5708
  found_in_gazebo : 1

 ErrorResults 
  stamp : 2025-11-28T21:55:22Z
  target_type : sphere
  model_name : sphere
  pose : 
       - position : [-0.299477 , 3.86157 , 0.635569]
       - orientation : [0.707107 , 0.707107 , -1.01928e-07 , 7.31165e-08]
  RingCirclePositionError : 0
  position_error : 0.150734
  orientation_error : 1.5708
  found_in_gazebo : 1

 ErrorResults 
  stamp : 2025-11-28T21:55:22Z
  target_type : sphere
  model_name : sphere
  pose : 
       - position : [-0.299212 , 3.86182 , 0.635726]
       - orientation : [0.707107 , 0.707107 , -1.6249e-11 , 1.11884e-11]
  RingCirclePositionError : 0
  position_error : 0.150358
  orientation_error : 1.5708
  found_in_gazebo : 1

 ErrorResults 
  stamp : 2025-11-28T21:55:22Z
  target_type : sphere
  model_name : sphere
  pose : 
       - position : [-0.299212 , 3.86182 , 0.635726]
       - orientation : [0.707107 , 0.707107 , -1.6249e-11 , 1.11884e-11]
  RingCirclePositionError : 0
  position_error : 0.150266
  orientation_error : 1.5708
  found_in_gazebo : 1

 ErrorResults 
  stamp : 2025-11-28T21:55:22Z
  target_type : sphere
  model_name : sphere
  pose : 
       - position : [-0.299403 , 3.86124 , 0.635375]
       - orientation : [0.707107 , 0.707107 , -1.01912e-07 , 7.31105e-08]
  RingCirclePositionError : 0
  position_error : 0.150861
  orientation_error : 1.5708
  found_in_gazebo : 1

 ErrorResults 
  stamp : 2025-11-28T21:55:22Z
  target_type : sphere
  model_name : sphere
  pose : 
       - position : [-0.299403 , 3.86124 , 0.635375]
       - orientation : [0.707107 , 0.707107 , -1.01912e-07 , 7.31105e-08]
  RingCirclePositionError : 0
  position_error : 0.150811
  orientation_error : 1.5708
  found_in_gazebo : 1

 ErrorResults 
  stamp : 2025-11-28T21:55:22Z
  target_type : sphere
  model_name : sphere
  pose : 
       - position : [-0.299788 , 3.86334 , 0.634667]
       - orientation : [0.707107 , 0.707107 , 4.96797e-08 , -3.54854e-08]
  RingCirclePositionError : 0
  position_error : 0.149064
  orientation_error : 1.5708
  found_in_gazebo : 1

 ErrorResults 
  stamp : 2025-11-28T21:55:22Z
  target_type : sphere
  model_name : sphere
  pose : 
       - position : [-0.299857 , 3.86327 , 0.634581]
       - orientation : [0.707107 , 0.707107 , 4.07196e-11 , -4.17249e-11]
  RingCirclePositionError : 0
  position_error : 0.149075
  orientation_error : 1.5708
  found_in_gazebo : 1

 ErrorResults 
  stamp : 2025-11-28T21:55:22Z
  target_type : sphere
  model_name : sphere
  pose : 
       - position : [-0.299732 , 3.86357 , 0.634704]
       - orientation : [0.707107 , 0.707107 , 1.02191e-07 , -7.3352e-08]
  RingCirclePositionError : 0
  position_error : 0.148677
  orientation_error : 1.5708
  found_in_gazebo : 1

 ErrorResults 
  stamp : 2025-11-28T21:55:22Z
  target_type : sphere
  model_name : sphere
  pose : 
       - position : [-0.299732 , 3.86357 , 0.634704]
       - orientation : [0.707107 , 0.707107 , 1.02191e-07 , -7.3352e-08]
  RingCirclePositionError : 0
  position_error : 0.148591
  orientation_error : 1.5708
  found_in_gazebo : 1

 ErrorResults 
  stamp : 2025-11-28T21:55:22Z
  target_type : sphere
  model_name : sphere
  pose : 
       - position : [-0.299859 , 3.86345 , 0.634589]
       - orientation : [0.707107 , 0.707107 , -1.02233e-07 , 7.33857e-08]
  RingCirclePositionError : 0
  position_error : 0.148656
  orientation_error : 1.5708
  found_in_gazebo : 1

 ErrorResults 
  stamp : 2025-11-28T21:55:22Z
  target_type : sphere
  model_name : sphere
  pose : 
       - position : [-0.298451 , 3.86314 , 0.634771]
       - orientation : [0.707107 , 0.707107 , -5.5737e-12 , 5.80837e-12]
  RingCirclePositionError : 0
  position_error : 0.148784
  orientation_error : 1.5708
  found_in_gazebo : 1

 ErrorResults 
  stamp : 2025-11-28T21:55:22Z
  target_type : sphere
  model_name : sphere
  pose : 
       - position : [-0.298486 , 3.86215 , 0.634367]
       - orientation : [0.707107 , 0.707107 , 1.0181e-07 , -7.30821e-08]
  RingCirclePositionError : 0
  position_error : 0.149762
  orientation_error : 1.5708
  found_in_gazebo : 1

 ErrorResults 
  stamp : 2025-11-28T21:55:22Z
  target_type : sphere
  model_name : sphere
  pose : 
       - position : [-0.299184 , 3.86229 , 0.633713]
       - orientation : [0.707107 , 0.707107 , -4.40883e-11 , 3.6512e-11]
  RingCirclePositionError : 0
  position_error : 0.149812
  orientation_error : 1.5708
  found_in_gazebo : 1

 ErrorResults 
  stamp : 2025-11-28T21:55:22Z
  target_type : sphere
  model_name : sphere
  pose : 
       - position : [-0.298954 , 3.86511 , 0.633782]
       - orientation : [0.707107 , 0.707107 , -5.57414e-14 , 5.21411e-12]
  RingCirclePositionError : 0
  position_error : 0.147103
  orientation_error : 1.5708
  found_in_gazebo : 1

 ErrorResults 
  stamp : 2025-11-28T21:55:22Z
  target_type : sphere
  model_name : sphere
  pose : 
       - position : [-0.299003 , 3.8651 , 0.633763]
       - orientation : [0.707107 , 0.707107 , -4.96333e-08 , 3.54762e-08]
  RingCirclePositionError : 0
  position_error : 0.147039
  orientation_error : 1.5708
  found_in_gazebo : 1

 ErrorResults 
  stamp : 2025-11-28T21:55:22Z
  target_type : sphere
  model_name : sphere
  pose : 
       - position : [-0.299045 , 3.86653 , 0.63382]
       - orientation : [0.707107 , 0.707107 , 1.0224e-07 , -7.34407e-08]
  RingCirclePositionError : 0
  position_error : 0.145608
  orientation_error : 1.5708
  found_in_gazebo : 1

 ErrorResults 
  stamp : 2025-11-28T21:55:22Z
  target_type : sphere
  model_name : sphere
  pose : 
       - position : [-0.299045 , 3.86653 , 0.63382]
       - orientation : [0.707107 , 0.707107 , 1.0224e-07 , -7.34407e-08]
  RingCirclePositionError : 0
  position_error : 0.145522
  orientation_error : 1.5708
  found_in_gazebo : 1

 ErrorResults 
  stamp : 2025-11-28T21:55:22Z
  target_type : sphere
  model_name : sphere
  pose : 
       - position : [-0.299496 , 3.86368 , 0.632388]
       - orientation : [0.707107 , 0.707107 , 1.02381e-07 , -7.35796e-08]
  RingCirclePositionError : 0
  position_error : 0.148614
  orientation_error : 1.5708
  found_in_gazebo : 1

 ErrorResults 
  stamp : 2025-11-28T21:55:22Z
  target_type : sphere
  model_name : sphere
  pose : 
       - position : [-0.299496 , 3.86368 , 0.632388]
       - orientation : [0.707107 , 0.707107 , 1.02381e-07 , -7.35796e-08]
  RingCirclePositionError : 0
  position_error : 0.148564
  orientation_error : 1.5708
  found_in_gazebo : 1

 ErrorResults 
  stamp : 2025-11-28T21:55:22Z
  target_type : sphere
  model_name : sphere
  pose : 
       - position : [-0.299151 , 3.86435 , 0.632493]
       - orientation : [0.707107 , 0.707107 , 3.8532e-11 , -3.82837e-11]
  RingCirclePositionError : 0
  position_error : 0.147809
  orientation_error : 1.5708
  found_in_gazebo : 1

 ErrorResults 
  stamp : 2025-11-28T21:55:22Z
  target_type : sphere
  model_name : sphere
  pose : 
       - position : [-0.298 , 3.86189 , 0.632298]
       - orientation : [0.707107 , 0.707107 , 1.01883e-07 , -7.32136e-08]
  RingCirclePositionError : 0
  position_error : 0.150082
  orientation_error : 1.5708
  found_in_gazebo : 1

 ErrorResults 
  stamp : 2025-11-28T21:55:22Z
  target_type : sphere
  model_name : sphere
  pose : 
       - position : [-0.298864 , 3.86171 , 0.63171]
       - orientation : [0.707107 , 0.707107 , 4.08775e-12 , -7.86073e-12]
  RingCirclePositionError : 0
  position_error : 0.150388
  orientation_error : 1.5708
  found_in_gazebo : 1

 ErrorResults 
  stamp : 2025-11-28T21:55:22Z
  target_type : sphere
  model_name : sphere
  pose : 
       - position : [-0.299753 , 3.86355 , 0.631225]
       - orientation : [0.707107 , 0.707107 , 6.16242e-11 , -6.15956e-11]
  RingCirclePositionError : 0
  position_error : 0.148776
  orientation_error : 1.5708
  found_in_gazebo : 1

 ErrorResults 
  stamp : 2025-11-28T21:55:22Z
  target_type : sphere
  model_name : sphere
  pose : 
       - position : [-0.298899 , 3.86349 , 0.631776]
       - orientation : [0.707107 , 0.707107 , 4.97014e-08 , -3.55597e-08]
  RingCirclePositionError : 0
  position_error : 0.148546
  orientation_error : 1.5708
  found_in_gazebo : 1

 ErrorResults 
  stamp : 2025-11-28T21:55:22Z
  target_type : sphere
  model_name : sphere
  pose : 
       - position : [-0.298518 , 3.86166 , 0.631352]
       - orientation : [0.707107 , 0.707107 , -4.96523e-08 , 3.55319e-08]
  RingCirclePositionError : 0
  position_error : 0.150322
  orientation_error : 1.5708
  found_in_gazebo : 1

 ErrorResults 
  stamp : 2025-11-28T21:55:22Z
  target_type : sphere
  model_name : sphere
  pose : 
       - position : [-0.298558 , 3.8634 , 0.631371]
       - orientation : [0.707107 , 0.707107 , -1.02439e-11 , 1.15937e-11]
  RingCirclePositionError : 0
  position_error : 0.148624
  orientation_error : 1.5708
  found_in_gazebo : 1

 ErrorResults 
  stamp : 2025-11-28T21:55:22Z
  target_type : sphere
  model_name : sphere
  pose : 
       - position : [-0.298817 , 3.86275 , 0.630949]
       - orientation : [0.707107 , 0.707107 , 2.37304e-11 , -2.61542e-11]
  RingCirclePositionError : 0
  position_error : 0.149279
  orientation_error : 1.5708
  found_in_gazebo : 1

 ErrorResults 
  stamp : 2025-11-28T21:55:22Z
  target_type : sphere
  model_name : sphere
  pose : 
       - position : [-0.298915 , 3.86245 , 0.630786]
       - orientation : [0.707107 , 0.707107 , -1.0233e-07 , 7.35975e-08]
  RingCirclePositionError : 0
  position_error : 0.14953
  orientation_error : 1.5708
  found_in_gazebo : 1

 ErrorResults 
  stamp : 2025-11-28T21:55:22Z
  target_type : sphere
  model_name : sphere
  pose : 
       - position : [-0.299509 , 3.86057 , 0.629787]
       - orientation : [0.707107 , 0.707107 , -3.77219e-11 , 3.73962e-11]
  RingCirclePositionError : 0
  position_error : 0.151558
  orientation_error : 1.5708
  found_in_gazebo : 1

 ErrorResults 
  stamp : 2025-11-28T21:55:22Z
  target_type : sphere
  model_name : sphere
  pose : 
       - position : [-0.298925 , 3.86449 , 0.630085]
       - orientation : [0.707107 , 0.707107 , -4.98848e-08 , 3.57442e-08]
  RingCirclePositionError : 0
  position_error : 0.147752
  orientation_error : 1.5708
  found_in_gazebo : 1

 ErrorResults 
  stamp : 2025-11-28T21:55:22Z
  target_type : sphere
  model_name : sphere
  pose : 
       - position : [-0.298855 , 3.86436 , 0.630093]
       - orientation : [0.707107 , 0.707107 , 5.81605e-11 , -5.65675e-11]
  RingCirclePositionError : 0
  position_error : 0.147777
  orientation_error : 1.5708
  found_in_gazebo : 1

 ErrorResults 
  stamp : 2025-11-28T21:55:22Z
  target_type : sphere
  model_name : sphere
  pose : 
       - position : [-0.298855 , 3.86436 , 0.630093]
       - orientation : [0.707107 , 0.707107 , 5.81605e-11 , -5.65675e-11]
  RingCirclePositionError : 0
  position_error : 0.147676
  orientation_error : 1.5708
  found_in_gazebo : 1

 ErrorResults 
  stamp : 2025-11-28T21:55:22Z
  target_type : sphere
  model_name : sphere
  pose : 
       - position : [-0.299477 , 3.86157 , 0.628598]
       - orientation : [0.707107 , 0.707107 , -1.02681e-07 , 7.393e-08]
  RingCirclePositionError : 0
  position_error : 0.150746
  orientation_error : 1.5708
  found_in_gazebo : 1

 ErrorResults 
  stamp : 2025-11-28T21:55:22Z
  target_type : sphere
  model_name : sphere
  pose : 
       - position : [-0.299468 , 3.86195 , 0.628625]
       - orientation : [0.707107 , 0.707107 , -4.81965e-12 , 1.07863e-11]
  RingCirclePositionError : 0
  position_error : 0.150285
  orientation_error : 1.5708
  found_in_gazebo : 1

 ErrorResults 
  stamp : 2025-11-28T21:55:22Z
  target_type : sphere
  model_name : sphere
  pose : 
       - position : [-0.299468 , 3.86195 , 0.628625]
       - orientation : [0.707107 , 0.707107 , -4.81965e-12 , 1.07863e-11]
  RingCirclePositionError : 0
  position_error : 0.150219
  orientation_error : 1.5708
  found_in_gazebo : 1

 ErrorResults 
  stamp : 2025-11-28T21:55:22Z
  target_type : sphere
  model_name : sphere
  pose : 
       - position : [-0.299212 , 3.86182 , 0.628755]
       - orientation : [0.707107 , 0.707107 , -1.84224e-11 , 1.94192e-11]
  RingCirclePositionError : 0
  position_error : 0.150209
  orientation_error : 1.5708
  found_in_gazebo : 1

 ErrorResults 
  stamp : 2025-11-28T21:55:22Z
  target_type : sphere
  model_name : sphere
  pose : 
       - position : [-0.299384 , 3.86471 , 0.628572]
       - orientation : [0.707107 , 0.707107 , 3.12313e-11 , -2.73219e-11]
  RingCirclePositionError : 0
  position_error : 0.147532
  orientation_error : 1.5708
  found_in_gazebo : 1

 ErrorResults 
  stamp : 2025-11-28T21:55:22Z
  target_type : sphere
  model_name : sphere
  pose : 
       - position : [-0.299384 , 3.86471 , 0.628572]
       - orientation : [0.707107 , 0.707107 , 3.12313e-11 , -2.73219e-11]
  RingCirclePositionError : 0
  position_error : 0.147442
  orientation_error : 1.5708
  found_in_gazebo : 1

 ErrorResults 
  stamp : 2025-11-28T21:55:22Z
  target_type : sphere
  model_name : sphere
  pose : 
       - position : [-0.299788 , 3.8636 , 0.627707]
       - orientation : [0.707107 , 0.707107 , 1.02965e-07 , -7.41832e-08]
  RingCirclePositionError : 0
  position_error : 0.148711
  orientation_error : 1.5708
  found_in_gazebo : 1

 ErrorResults 
  stamp : 2025-11-28T21:55:23Z
  target_type : sphere
  model_name : sphere
  pose : 
       - position : [-0.299732 , 3.86357 , 0.62773]
       - orientation : [0.707107 , 0.707107 , 1.02946e-07 , -7.41681e-08]
  RingCirclePositionError : 0
  position_error : 0.148644
  orientation_error : 1.5708
  found_in_gazebo : 1

 ErrorResults 
  stamp : 2025-11-28T21:55:23Z
  target_type : sphere
  model_name : sphere
  pose : 
       - position : [-0.299732 , 3.86357 , 0.62773]
       - orientation : [0.707107 , 0.707107 , 1.02946e-07 , -7.41681e-08]
  RingCirclePositionError : 0
  position_error : 0.148555
  orientation_error : 1.5708
  found_in_gazebo : 1

 ErrorResults 
  stamp : 2025-11-28T21:55:23Z
  target_type : sphere
  model_name : sphere
  pose : 
       - position : [-0.299859 , 3.86345 , 0.627615]
       - orientation : [0.707107 , 0.707107 , -1.02988e-07 , 7.42021e-08]
  RingCirclePositionError : 0
  position_error : 0.14862
  orientation_error : 1.5708
  found_in_gazebo : 1

 ErrorResults 
  stamp : 2025-11-28T21:55:23Z
  target_type : sphere
  model_name : sphere
  pose : 
       - position : [-0.299881 , 3.86564 , 0.627705]
       - orientation : [0.707107 , 0.707107 , 5.68593e-11 , -5.09412e-11]
  RingCirclePositionError : 0
  position_error : 0.146494
  orientation_error : 1.5708
  found_in_gazebo : 1

 ErrorResults 
  stamp : 2025-11-28T21:55:23Z
  target_type : sphere
  model_name : sphere
  pose : 
       - position : [-0.298451 , 3.86314 , 0.627798]
       - orientation : [0.707107 , 0.707107 , -1.62341e-12 , -5.9624e-12]
  RingCirclePositionError : 0
  position_error : 0.148702
  orientation_error : 1.5708
  found_in_gazebo : 1

 ErrorResults 
  stamp : 2025-11-28T21:55:23Z
  target_type : sphere
  model_name : sphere
  pose : 
       - position : [-0.298502 , 3.86325 , 0.627447]
       - orientation : [0.707107 , 0.707107 , 5.58643e-12 , -2.70221e-14]
  RingCirclePositionError : 0
  position_error : 0.148657
  orientation_error : 1.5708
  found_in_gazebo : 1

 ErrorResults 
  stamp : 2025-11-28T21:55:23Z
  target_type : sphere
  model_name : sphere
  pose : 
       - position : [-0.299175 , 3.86567 , 0.626913]
       - orientation : [0.707107 , 0.707107 , 5.00796e-08 , -3.59345e-08]
  RingCirclePositionError : 0
  position_error : 0.146554
  orientation_error : 1.5708
  found_in_gazebo : 1

 ErrorResults 
  stamp : 2025-11-28T21:55:23Z
  target_type : sphere
  model_name : sphere
  pose : 
       - position : [-0.298829 , 3.86562 , 0.62701]
       - orientation : [0.707107 , 0.707107 , -5.97759e-11 , 5.83336e-11]
  RingCirclePositionError : 0
  position_error : 0.146474
  orientation_error : 1.5708
  found_in_gazebo : 1

 ErrorResults 
  stamp : 2025-11-28T21:55:23Z
  target_type : sphere
  model_name : sphere
  pose : 
       - position : [-0.299045 , 3.86653 , 0.626841]
       - orientation : [0.707107 , 0.707107 , 1.02996e-07 , -7.42583e-08]
  RingCirclePositionError : 0
  position_error : 0.145612
  orientation_error : 1.5708
  found_in_gazebo : 1

 ErrorResults 
  stamp : 2025-11-28T21:55:23Z
  target_type : sphere
  model_name : sphere
  pose : 
       - position : [-0.299045 , 3.86653 , 0.626841]
       - orientation : [0.707107 , 0.707107 , 1.02996e-07 , -7.42583e-08]
  RingCirclePositionError : 0
  position_error : 0.145522
  orientation_error : 1.5708
  found_in_gazebo : 1

 ErrorResults 
  stamp : 2025-11-28T21:55:23Z
  target_type : sphere
  model_name : sphere
  pose : 
       - position : [-0.299045 , 3.86653 , 0.626841]
       - orientation : [0.707107 , 0.707107 , 1.02996e-07 , -7.42583e-08]
  RingCirclePositionError : 0
  position_error : 0.145437
  orientation_error : 1.5708
  found_in_gazebo : 1

 ErrorResults 
  stamp : 2025-11-28T21:55:23Z
  target_type : sphere
  model_name : sphere
  pose : 
       - position : [-0.299496 , 3.86368 , 0.625414]
       - orientation : [0.707107 , 0.707107 , 1.03136e-07 , -7.43977e-08]
  RingCirclePositionError : 0
  position_error : 0.148531
  orientation_error : 1.5708
  found_in_gazebo : 1

 ErrorResults 
  stamp : 2025-11-28T21:55:23Z
  target_type : sphere
  model_name : sphere
  pose : 
       - position : [-0.299171 , 3.86473 , 0.625641]
       - orientation : [0.707107 , 0.707107 , -1.03071e-07 , 7.43484e-08]
  RingCirclePositionError : 0
  position_error : 0.147425
  orientation_error : 1.5708
  found_in_gazebo : 1

 ErrorResults 
  stamp : 2025-11-28T21:55:23Z
  target_type : sphere
  model_name : sphere
  pose : 
       - position : [-0.299429 , 3.86469 , 0.625471]
       - orientation : [0.707107 , 0.707107 , 3.02352e-11 , -3.04169e-11]
  RingCirclePositionError : 0
  position_error : 0.14744
  orientation_error : 1.5708
  found_in_gazebo : 1

 ErrorResults 
  stamp : 2025-11-28T21:55:23Z
  target_type : sphere
  model_name : sphere
  pose : 
       - position : [-0.30018 , 3.86319 , 0.624479]
       - orientation : [0.707107 , 0.707107 , -1.03405e-07 , 7.46256e-08]
  RingCirclePositionError : 0
  position_error : 0.149124
  orientation_error : 1.5708
  found_in_gazebo : 1

 ErrorResults 
  stamp : 2025-11-28T21:55:23Z
  target_type : sphere
  model_name : sphere
  pose : 
       - position : [-0.299363 , 3.86355 , 0.624513]
       - orientation : [0.707107 , 0.707107 , 5.01286e-08 , -3.60079e-08]
  RingCirclePositionError : 0
  position_error : 0.148701
  orientation_error : 1.5708
  found_in_gazebo : 1

 ErrorResults 
  stamp : 2025-11-28T21:55:23Z
  target_type : sphere
  model_name : sphere
  pose : 
       - position : [-0.299753 , 3.86355 , 0.624251]
       - orientation : [0.707107 , 0.707107 , 4.03515e-11 , -3.57283e-11]
  RingCirclePositionError : 0
  position_error : 0.148708
  orientation_error : 1.5708
  found_in_gazebo : 1

 ErrorResults 
  stamp : 2025-11-28T21:55:23Z
  target_type : sphere
  model_name : sphere
  pose : 
       - position : [-0.298899 , 3.86349 , 0.624802]
       - orientation : [0.707107 , 0.707107 , 5.00769e-08 , -3.59745e-08]
  RingCirclePositionError : 0
  position_error : 0.148456
  orientation_error : 1.5708
  found_in_gazebo : 1

 ErrorResults 
  stamp : 2025-11-28T21:55:23Z
  target_type : sphere
  model_name : sphere
  pose : 
       - position : [-0.298518 , 3.86367 , 0.62447]
       - orientation : [0.707107 , 0.707107 , 5.15068e-11 , -4.58264e-11]
  RingCirclePositionError : 0
  position_error : 0.148335
  orientation_error : 1.5708
  found_in_gazebo : 1

 ErrorResults 
  stamp : 2025-11-28T21:55:23Z
  target_type : sphere
  model_name : sphere
  pose : 
       - position : [-0.298558 , 3.86355 , 0.624403]
       - orientation : [0.707107 , 0.707107 , -1.02974e-07 , 7.43197e-08]
  RingCirclePositionError : 0
  position_error : 0.148387
  orientation_error : 1.5708
  found_in_gazebo : 1

 ErrorResults 
  stamp : 2025-11-28T21:55:23Z
  target_type : sphere
  model_name : sphere
  pose : 
       - position : [-0.298817 , 3.86275 , 0.623977]
       - orientation : [0.707107 , 0.707107 , 2.60714e-12 , -4.20805e-13]
  RingCirclePositionError : 0
  position_error : 0.1492
  orientation_error : 1.5708
  found_in_gazebo : 1

 ErrorResults 
  stamp : 2025-11-28T21:55:23Z
  target_type : sphere
  model_name : sphere
  pose : 
       - position : [-0.298915 , 3.86245 , 0.623814]
       - orientation : [0.707107 , 0.707107 , -1.03084e-07 , 7.44155e-08]
  RingCirclePositionError : 0
  position_error : 0.149458
  orientation_error : 1.5708
  found_in_gazebo : 1

 ErrorResults 
  stamp : 2025-11-28T21:55:23Z
  target_type : sphere
  model_name : sphere
  pose : 
       - position : [-0.298952 , 3.865 , 0.623287]
       - orientation : [0.707107 , 0.707107 , 5.01982e-08 , -3.60896e-08]
  RingCirclePositionError : 0
  position_error : 0.147237
  orientation_error : 1.5708
  found_in_gazebo : 1

 ErrorResults 
  stamp : 2025-11-28T21:55:23Z
  target_type : sphere
  model_name : sphere
  pose : 
       - position : [-0.298925 , 3.86449 , 0.623109]
       - orientation : [0.707107 , 0.707107 , -5.02148e-08 , 3.61013e-08]
  RingCirclePositionError : 0
  position_error : 0.147685
  orientation_error : 1.5708
  found_in_gazebo : 1

 ErrorResults 
  stamp : 2025-11-28T21:55:23Z
  target_type : sphere
  model_name : sphere
  pose : 
       - position : [-0.298855 , 3.86436 , 0.623118]
       - orientation : [0.707107 , 0.707107 , 5.62507e-11 , -4.85949e-11]
  RingCirclePositionError : 0
  position_error : 0.147706
  orientation_error : 1.5708
  found_in_gazebo : 1

 ErrorResults 
  stamp : 2025-11-28T21:55:23Z
  target_type : sphere
  model_name : sphere
  pose : 
       - position : [-0.298851 , 3.86463 , 0.62313]
       - orientation : [0.707107 , 0.707107 , -1.03249e-07 , 7.4575e-08]
  RingCirclePositionError : 0
  position_error : 0.147381
  orientation_error : 1.5708
  found_in_gazebo : 1

 ErrorResults 
  stamp : 2025-11-28T21:55:23Z
  target_type : sphere
  model_name : sphere
  pose : 
       - position : [-0.299119 , 3.86354 , 0.622492]
       - orientation : [0.707107 , 0.707107 , 1.0334e-07 , -7.46596e-08]
  RingCirclePositionError : 0
  position_error : 0.148528
  orientation_error : 1.5708
  found_in_gazebo : 1

 ErrorResults 
  stamp : 2025-11-28T21:55:23Z
  target_type : sphere
  model_name : sphere
  pose : 
       - position : [-0.299468 , 3.86195 , 0.621654]
       - orientation : [0.707107 , 0.707107 , -8.53655e-13 , -1.03915e-12]
  RingCirclePositionError : 0
  position_error : 0.150248
  orientation_error : 1.5708
  found_in_gazebo : 1

 ErrorResults 
  stamp : 2025-11-28T21:55:23Z
  target_type : sphere
  model_name : sphere
  pose : 
       - position : [-0.299468 , 3.86195 , 0.621654]
       - orientation : [0.707107 , 0.707107 , -8.53655e-13 , -1.03915e-12]
  RingCirclePositionError : 0
  position_error : 0.150159
  orientation_error : 1.5708
  found_in_gazebo : 1

 ErrorResults 
  stamp : 2025-11-28T21:55:23Z
  target_type : sphere
  model_name : sphere
  pose : 
       - position : [-0.299157 , 3.86526 , 0.622006]
       - orientation : [0.707107 , 0.707107 , -1.03489e-07 , 7.47973e-08]
  RingCirclePositionError : 0
  position_error : 0.146892
  orientation_error : 1.5708
  found_in_gazebo : 1

 ErrorResults 
  stamp : 2025-11-28T21:55:23Z
  target_type : sphere
  model_name : sphere
  pose : 
       - position : [-0.299227 , 3.86509 , 0.62188]
       - orientation : [0.707107 , 0.707107 , -2.81186e-11 , 2.61401e-11]
  RingCirclePositionError : 0
  position_error : 0.147011
  orientation_error : 1.5708
  found_in_gazebo : 1

 ErrorResults 
  stamp : 2025-11-28T21:55:23Z
  target_type : sphere
  model_name : sphere
  pose : 
       - position : [-0.299384 , 3.86471 , 0.621596]
       - orientation : [0.707107 , 0.707107 , 3.48774e-11 , -3.88693e-11]
  RingCirclePositionError : 0
  position_error : 0.147418
  orientation_error : 1.5708
  found_in_gazebo : 1

 ErrorResults 
  stamp : 2025-11-28T21:55:23Z
  target_type : sphere
  model_name : sphere
  pose : 
       - position : [-0.299814 , 3.86361 , 0.620723]
       - orientation : [0.707107 , 0.707107 , 4.94741e-11 , -4.14279e-11]
  RingCirclePositionError : 0
  position_error : 0.148682
  orientation_error : 1.5708
  found_in_gazebo : 1

 ErrorResults 
  stamp : 2025-11-28T21:55:23Z
  target_type : sphere
  model_name : sphere
  pose : 
       - position : [-0.299788 , 3.8636 , 0.620733]
       - orientation : [0.707107 , 0.707107 , 1.03723e-07 , -7.50067e-08]
  RingCirclePositionError : 0
  position_error : 0.148597
  orientation_error : 1.5708
  found_in_gazebo : 1

 ErrorResults 
  stamp : 2025-11-28T21:55:23Z
  target_type : sphere
  model_name : sphere
  pose : 
       - position : [-0.299732 , 3.86357 , 0.620756]
       - orientation : [0.707107 , 0.707107 , 1.03704e-07 , -7.49915e-08]
  RingCirclePositionError : 0
  position_error : 0.148538
  orientation_error : 1.5708
  found_in_gazebo : 1

 ErrorResults 
  stamp : 2025-11-28T21:55:23Z
  target_type : sphere
  model_name : sphere
  pose : 
       - position : [-0.299752 , 3.86575 , 0.620863]
       - orientation : [0.707107 , 0.707107 , 4.83638e-11 , -4.54787e-11]
  RingCirclePositionError : 0
  position_error : 0.146389
  orientation_error : 1.5708
  found_in_gazebo : 1

 ErrorResults 
  stamp : 2025-11-28T21:55:23Z
  target_type : sphere
  model_name : sphere
  pose : 
       - position : [-0.299881 , 3.86564 , 0.620727]
       - orientation : [0.707107 , 0.707107 , 3.60791e-11 , -2.55017e-11]
  RingCirclePositionError : 0
  position_error : 0.146471
  orientation_error : 1.5708
  found_in_gazebo : 1

 ErrorResults 
  stamp : 2025-11-28T21:55:23Z
  target_type : sphere
  model_name : sphere
  pose : 
       - position : [-0.299876 , 3.86617 , 0.62075]
       - orientation : [0.707107 , 0.707107 , 2.61387e-11 , -3.02776e-11]
  RingCirclePositionError : 0
  position_error : 0.145896
  orientation_error : 1.5708
  found_in_gazebo : 1

 ErrorResults 
  stamp : 2025-11-28T21:55:23Z
  target_type : sphere
  model_name : sphere
  pose : 
       - position : [-0.299122 , 3.86627 , 0.620148]
       - orientation : [0.707107 , 0.707107 , -1.37764e-11 , 1.2726e-11]
  RingCirclePositionError : 0
  position_error : 0.145959
  orientation_error : 1.5708
  found_in_gazebo : 1

 ErrorResults 
  stamp : 2025-11-28T21:55:23Z
  target_type : sphere
  model_name : sphere
  pose : 
       - position : [-0.299175 , 3.86567 , 0.619935]
       - orientation : [0.707107 , 0.707107 , 5.0447e-08 , -3.63435e-08]
  RingCirclePositionError : 0
  position_error : 0.146507
  orientation_error : 1.5708
  found_in_gazebo : 1

 ErrorResults 
  stamp : 2025-11-28T21:55:23Z
  target_type : sphere
  model_name : sphere
  pose : 
       - position : [-0.298953 , 3.86676 , 0.62002]
       - orientation : [0.707107 , 0.707107 , -5.28217e-11 , 5.11905e-11]
  RingCirclePositionError : 0
  position_error : 0.145386
  orientation_error : 1.5708
  found_in_gazebo : 1

 ErrorResults 
  stamp : 2025-11-28T21:55:23Z
  target_type : sphere
  model_name : sphere
  pose : 
       - position : [-0.298953 , 3.86676 , 0.62002]
       - orientation : [0.707107 , 0.707107 , -5.28217e-11 , 5.11905e-11]
  RingCirclePositionError : 0
  position_error : 0.145327
  orientation_error : 1.5708
  found_in_gazebo : 1

 ErrorResults 
  stamp : 2025-11-28T21:55:23Z
  target_type : sphere
  model_name : sphere
  pose : 
       - position : [-0.299045 , 3.86653 , 0.619862]
       - orientation : [0.707107 , 0.707107 , 1.03755e-07 , -7.50831e-08]
  RingCirclePositionError : 0
  position_error : 0.145515
  orientation_error : 1.5708
  found_in_gazebo : 1

 ErrorResults 
  stamp : 2025-11-28T21:55:23Z
  target_type : sphere
  model_name : sphere
  pose : 
       - position : [-0.299045 , 3.86653 , 0.619862]
       - orientation : [0.707107 , 0.707107 , 1.03755e-07 , -7.50831e-08]
  RingCirclePositionError : 0
  position_error : 0.145422
  orientation_error : 1.5708
  found_in_gazebo : 1

 ErrorResults 
  stamp : 2025-11-28T21:55:23Z
  target_type : sphere
  model_name : sphere
  pose : 
       - position : [-0.299044 , 3.86803 , 0.619924]
       - orientation : [0.707107 , 0.707107 , 5.39304e-11 , -5.48449e-11]
  RingCirclePositionError : 0
  position_error : 0.143937
  orientation_error : 1.5708
  found_in_gazebo : 1

 ErrorResults 
  stamp : 2025-11-28T21:55:23Z
  target_type : sphere
  model_name : sphere
  pose : 
       - position : [-0.299442 , 3.86481 , 0.618529]
       - orientation : [0.707107 , 0.707107 , -2.18102e-11 , 1.74637e-11]
  RingCirclePositionError : 0
  position_error : 0.147358
  orientation_error : 1.5708
  found_in_gazebo : 1

 ErrorResults 
  stamp : 2025-11-28T21:55:23Z
  target_type : sphere
  model_name : sphere
  pose : 
       - position : [-0.299442 , 3.86481 , 0.618529]
       - orientation : [0.707107 , 0.707107 , -2.18102e-11 , 1.74637e-11]
  RingCirclePositionError : 0
  position_error : 0.147276
  orientation_error : 1.5708
  found_in_gazebo : 1

 ErrorResults 
  stamp : 2025-11-28T21:55:24Z
  target_type : sphere
  model_name : sphere
  pose : 
       - position : [-0.29939 , 3.86498 , 0.618046]
       - orientation : [0.707107 , 0.707107 , 5.0472e-08 , -3.63782e-08]
  RingCirclePositionError : 0
  position_error : 0.147224
  orientation_error : 1.5708
  found_in_gazebo : 1

 ErrorResults 
  stamp : 2025-11-28T21:55:24Z
  target_type : sphere
  model_name : sphere
  pose : 
       - position : [-0.299363 , 3.86355 , 0.617539]
       - orientation : [0.707107 , 0.707107 , 5.04619e-08 , -3.63716e-08]
  RingCirclePositionError : 0
  position_error : 0.148648
  orientation_error : 1.5708
  found_in_gazebo : 1

 ErrorResults 
  stamp : 2025-11-28T21:55:24Z
  target_type : sphere
  model_name : sphere
  pose : 
       - position : [-0.299753 , 3.86355 , 0.617277]
       - orientation : [0.707107 , 0.707107 , 3.88845e-11 , -2.81077e-11]
  RingCirclePositionError : 0
  position_error : 0.148652
  orientation_error : 1.5708
  found_in_gazebo : 1

 ErrorResults 
  stamp : 2025-11-28T21:55:24Z
  target_type : sphere
  model_name : sphere
  pose : 
       - position : [-0.299087 , 3.86555 , 0.617835]
       - orientation : [0.707107 , 0.707107 , 1.46099e-11 , -1.08934e-11]
  RingCirclePositionError : 0
  position_error : 0.146534
  orientation_error : 1.5708
  found_in_gazebo : 1

 ErrorResults 
  stamp : 2025-11-28T21:55:24Z
  target_type : sphere
  model_name : sphere
  pose : 
       - position : [-0.299122 , 3.86441 , 0.617417]
       - orientation : [0.707107 , 0.707107 , 3.00092e-11 , -3.33803e-11]
  RingCirclePositionError : 0
  position_error : 0.147642
  orientation_error : 1.5708
  found_in_gazebo : 1

 ErrorResults 
  stamp : 2025-11-28T21:55:24Z
  target_type : sphere
  model_name : sphere
  pose : 
       - position : [-0.298518 , 3.86367 , 0.617496]
       - orientation : [0.707107 , 0.707107 , 6.43981e-11 , -6.59181e-11]
  RingCirclePositionError : 0
  position_error : 0.148214
  orientation_error : 1.5708
  found_in_gazebo : 1

 ErrorResults 
  stamp : 2025-11-28T21:55:24Z
  target_type : sphere
  model_name : sphere
  pose : 
       - position : [-0.298817 , 3.86275 , 0.617004]
       - orientation : [0.707107 , 0.707107 , 1.56026e-11 , -2.06154e-11]
  RingCirclePositionError : 0
  position_error : 0.149164
  orientation_error : 1.5708
  found_in_gazebo : 1

 ErrorResults 
  stamp : 2025-11-28T21:55:24Z
  target_type : sphere
  model_name : sphere
  pose : 
       - position : [-0.298932 , 3.86672 , 0.616995]
       - orientation : [0.707107 , 0.707107 , 3.48552e-11 , -3.68726e-11]
  RingCirclePositionError : 0
  position_error : 0.145428
  orientation_error : 1.5708
  found_in_gazebo : 1

 ErrorResults 
  stamp : 2025-11-28T21:55:24Z
  target_type : sphere
  model_name : sphere
  pose : 
       - position : [-0.298932 , 3.86672 , 0.616995]
       - orientation : [0.707107 , 0.707107 , 3.48552e-11 , -3.68726e-11]
  RingCirclePositionError : 0
  position_error : 0.145357
  orientation_error : 1.5708
  found_in_gazebo : 1

 ErrorResults 
  stamp : 2025-11-28T21:55:24Z
  target_type : sphere
  model_name : sphere
  pose : 
       - position : [-0.298925 , 3.86449 , 0.616134]
       - orientation : [0.707107 , 0.707107 , -5.05899e-08 , 3.65164e-08]
  RingCirclePositionError : 0
  position_error : 0.147649
  orientation_error : 1.5708
  found_in_gazebo : 1

 ErrorResults 
  stamp : 2025-11-28T21:55:24Z
  target_type : sphere
  model_name : sphere
  pose : 
       - position : [-0.298878 , 3.86466 , 0.61615]
       - orientation : [0.707107 , 0.707107 , -1.23825e-11 , 1.51211e-11]
  RingCirclePositionError : 0
  position_error : 0.147399
  orientation_error : 1.5708
  found_in_gazebo : 1

 ErrorResults 
  stamp : 2025-11-28T21:55:24Z
  target_type : sphere
  model_name : sphere
  pose : 
       - position : [-0.298851 , 3.86463 , 0.616154]
       - orientation : [0.707107 , 0.707107 , -1.04008e-07 , 7.54022e-08]
  RingCirclePositionError : 0
  position_error : 0.147334
  orientation_error : 1.5708
  found_in_gazebo : 1

 ErrorResults 
  stamp : 2025-11-28T21:55:24Z
  target_type : sphere
  model_name : sphere
  pose : 
       - position : [-0.298849 , 3.86476 , 0.61616]
       - orientation : [0.707107 , 0.707107 , 4.9558e-11 , -4.82151e-11]
  RingCirclePositionError : 0
  position_error : 0.147128
  orientation_error : 1.5708
  found_in_gazebo : 1

 ErrorResults 
  stamp : 2025-11-28T21:55:24Z
  target_type : sphere
  model_name : sphere
  pose : 
       - position : [-0.299468 , 3.86195 , 0.614683]
       - orientation : [0.707107 , 0.707107 , -2.38525e-12 , 6.6641e-12]
  RingCirclePositionError : 0
  position_error : 0.150203
  orientation_error : 1.5708
  found_in_gazebo : 1

 ErrorResults 
  stamp : 2025-11-28T21:55:24Z
  target_type : sphere
  model_name : sphere
  pose : 
       - position : [-0.299468 , 3.86195 , 0.614683]
       - orientation : [0.707107 , 0.707107 , -2.38525e-12 , 6.6641e-12]
  RingCirclePositionError : 0
  position_error : 0.150122
  orientation_error : 1.5708
  found_in_gazebo : 1

 ErrorResults 
  stamp : 2025-11-28T21:55:24Z
  target_type : sphere
  model_name : sphere
  pose : 
       - position : [-0.299385 , 3.86547 , 0.614917]
       - orientation : [0.707107 , 0.707107 , 5.06584e-08 , -3.6575e-08]
  RingCirclePositionError : 0
  position_error : 0.146712
  orientation_error : 1.5708
  found_in_gazebo : 1

 ErrorResults 
  stamp : 2025-11-28T21:55:24Z
  target_type : sphere
  model_name : sphere
  pose : 
       - position : [-0.299157 , 3.86526 , 0.615029]
       - orientation : [0.707107 , 0.707107 , -1.04249e-07 , 7.56265e-08]
  RingCirclePositionError : 0
  position_error : 0.146759
  orientation_error : 1.5708
  found_in_gazebo : 1

 ErrorResults 
  stamp : 2025-11-28T21:55:24Z
  target_type : sphere
  model_name : sphere
  pose : 
       - position : [-0.29938 , 3.86545 , 0.614653]
       - orientation : [0.707107 , 0.707107 , 4.10771e-11 , -3.91623e-11]
  RingCirclePositionError : 0
  position_error : 0.146645
  orientation_error : 1.5708
  found_in_gazebo : 1

 ErrorResults 
  stamp : 2025-11-28T21:55:24Z
  target_type : sphere
  model_name : sphere
  pose : 
       - position : [-0.29938 , 3.86545 , 0.614653]
       - orientation : [0.707107 , 0.707107 , 4.10771e-11 , -3.91623e-11]
  RingCirclePositionError : 0
  position_error : 0.146567
  orientation_error : 1.5708
  found_in_gazebo : 1

 ErrorResults 
  stamp : 2025-11-28T21:55:24Z
  target_type : sphere
  model_name : sphere
  pose : 
       - position : [-0.299788 , 3.8636 , 0.613759]
       - orientation : [0.707107 , 0.707107 , 1.04484e-07 , -7.58374e-08]
  RingCirclePositionError : 0
  position_error : 0.148541
  orientation_error : 1.5708
  found_in_gazebo : 1

 ErrorResults 
  stamp : 2025-11-28T21:55:24Z
  target_type : sphere
  model_name : sphere
  pose : 
       - position : [-0.299752 , 3.86575 , 0.613885]
       - orientation : [0.707107 , 0.707107 , 3.73191e-11 , -2.89965e-11]
  RingCirclePositionError : 0
  position_error : 0.146425
  orientation_error : 1.5708
  found_in_gazebo : 1

 ErrorResults 
  stamp : 2025-11-28T21:55:24Z
  target_type : sphere
  model_name : sphere
  pose : 
       - position : [-0.299752 , 3.86575 , 0.613885]
       - orientation : [0.707107 , 0.707107 , 3.73191e-11 , -2.89965e-11]
  RingCirclePositionError : 0
  position_error : 0.146331
  orientation_error : 1.5708
  found_in_gazebo : 1

 ErrorResults 
  stamp : 2025-11-28T21:55:24Z
  target_type : sphere
  model_name : sphere
  pose : 
       - position : [-0.299752 , 3.86575 , 0.613885]
       - orientation : [0.707107 , 0.707107 , 3.73191e-11 , -2.89965e-11]
  RingCirclePositionError : 0
  position_error : 0.146241
  orientation_error : 1.5708
  found_in_gazebo : 1

 ErrorResults 
  stamp : 2025-11-28T21:55:24Z
  target_type : sphere
  model_name : sphere
  pose : 
       - position : [-0.299835 , 3.86928 , 0.613898]
       - orientation : [0.707107 , 0.707107 , -5.09155e-08 , 3.68017e-08]
  RingCirclePositionError : 0
  position_error : 0.142925
  orientation_error : 1.5708
  found_in_gazebo : 1

 ErrorResults 
  stamp : 2025-11-28T21:55:24Z
  target_type : sphere
  model_name : sphere
  pose : 
       - position : [-0.298666 , 3.8671 , 0.613581]
       - orientation : [0.707107 , 0.707107 , 4.52102e-11 , -4.14702e-11]
  RingCirclePositionError : 0
  position_error : 0.144961
  orientation_error : 1.5708
  found_in_gazebo : 1

 ErrorResults 
  stamp : 2025-11-28T21:55:24Z
  target_type : sphere
  model_name : sphere
  pose : 
       - position : [-0.299171 , 3.86717 , 0.613028]
       - orientation : [0.707107 , 0.707107 , -5.08112e-08 , 3.67401e-08]
  RingCirclePositionError : 0
  position_error : 0.145036
  orientation_error : 1.5708
  found_in_gazebo : 1

 ErrorResults 
  stamp : 2025-11-28T21:55:24Z
  target_type : sphere
  model_name : sphere
  pose : 
       - position : [-0.299171 , 3.86717 , 0.613028]
       - orientation : [0.707107 , 0.707107 , -5.08112e-08 , 3.67401e-08]
  RingCirclePositionError : 0
  position_error : 0.144942
  orientation_error : 1.5708
  found_in_gazebo : 1

 ErrorResults 
  stamp : 2025-11-28T21:55:24Z
  target_type : sphere
  model_name : sphere
  pose : 
       - position : [-0.299045 , 3.86653 , 0.612882]
       - orientation : [0.707107 , 0.707107 , 1.04517e-07 , -7.59152e-08]
  RingCirclePositionError : 0
  position_error : 0.145492
  orientation_error : 1.5708
  found_in_gazebo : 1

 ErrorResults 
  stamp : 2025-11-28T21:55:24Z
  target_type : sphere
  model_name : sphere
  pose : 
       - position : [-0.299045 , 3.86653 , 0.612882]
       - orientation : [0.707107 , 0.707107 , 1.04517e-07 , -7.59152e-08]
  RingCirclePositionError : 0
  position_error : 0.145415
  orientation_error : 1.5708
  found_in_gazebo : 1

 ErrorResults 
  stamp : 2025-11-28T21:55:24Z
  target_type : sphere
  model_name : sphere
  pose : 
       - position : [-0.299044 , 3.86803 , 0.612942]
       - orientation : [0.707107 , 0.707107 , 4.2743e-11 , -3.82495e-11]
  RingCirclePositionError : 0
  position_error : 0.143923
  orientation_error : 1.5708
  found_in_gazebo : 1

 ErrorResults 
  stamp : 2025-11-28T21:55:24Z
  target_type : sphere
  model_name : sphere
  pose : 
       - position : [-0.299044 , 3.86803 , 0.612942]
       - orientation : [0.707107 , 0.707107 , 4.2743e-11 , -3.82495e-11]
  RingCirclePositionError : 0
  position_error : 0.143829
  orientation_error : 1.5708
  found_in_gazebo : 1

 ErrorResults 
  stamp : 2025-11-28T21:55:24Z
  target_type : sphere
  model_name : sphere
  pose : 
       - position : [-0.299442 , 3.86481 , 0.611553]
       - orientation : [0.707107 , 0.707107 , -3.27824e-11 , 3.39082e-11]
  RingCirclePositionError : 0
  position_error : 0.147244
  orientation_error : 1.5708
  found_in_gazebo : 1

 ErrorResults 
  stamp : 2025-11-28T21:55:24Z
  target_type : sphere
  model_name : sphere
  pose : 
       - position : [-0.299592 , 3.86664 , 0.611542]
       - orientation : [0.707107 , 0.707107 , 1.04825e-07 , -7.6194e-08]
  RingCirclePositionError : 0
  position_error : 0.145482
  orientation_error : 1.5708
  found_in_gazebo : 1

 ErrorResults 
  stamp : 2025-11-28T21:55:24Z
  target_type : sphere
  model_name : sphere
  pose : 
       - position : [-0.299528 , 3.86503 , 0.610995]
       - orientation : [0.707107 , 0.707107 , -3.25466e-12 , 5.87146e-12]
  RingCirclePositionError : 0
  position_error : 0.1471
  orientation_error : 1.5708
  found_in_gazebo : 1

 ErrorResults 
  stamp : 2025-11-28T21:55:24Z
  target_type : sphere
  model_name : sphere
  pose : 
       - position : [-0.299879 , 3.86356 , 0.610219]
       - orientation : [0.707107 , 0.707107 , 1.48364e-11 , -1.13691e-11]
  RingCirclePositionError : 0
  position_error : 0.148671
  orientation_error : 1.5708
  found_in_gazebo : 1

 ErrorResults 
  stamp : 2025-11-28T21:55:24Z
  target_type : sphere
  model_name : sphere
  pose : 
       - position : [-0.298947 , 3.8656 , 0.610954]
       - orientation : [0.707107 , 0.707107 , -3.21885e-11 , 3.53738e-11]
  RingCirclePositionError : 0
  position_error : 0.146416
  orientation_error : 1.5708
  found_in_gazebo : 1

 ErrorResults 
  stamp : 2025-11-28T21:55:24Z
  target_type : sphere
  model_name : sphere
  pose : 
       - position : [-0.298864 , 3.86553 , 0.610976]
       - orientation : [0.707107 , 0.707107 , 1.04623e-07 , -7.60629e-08]
  RingCirclePositionError : 0
  position_error : 0.146387
  orientation_error : 1.5708
  found_in_gazebo : 1

 ErrorResults 
  stamp : 2025-11-28T21:55:24Z
  target_type : sphere
  model_name : sphere
  pose : 
       - position : [-0.299122 , 3.86441 , 0.610442]
       - orientation : [0.707107 , 0.707107 , 1.89496e-11 , -1.68953e-11]
  RingCirclePositionError : 0
  position_error : 0.147533
  orientation_error : 1.5708
  found_in_gazebo : 1

 ErrorResults 
  stamp : 2025-11-28T21:55:24Z
  target_type : sphere
  model_name : sphere
  pose : 
       - position : [-0.298518 , 3.86367 , 0.610522]
       - orientation : [0.707107 , 0.707107 , 5.33177e-11 , -4.94433e-11]
  RingCirclePositionError : 0
  position_error : 0.148109
  orientation_error : 1.5708
  found_in_gazebo : 1

 ErrorResults 
  stamp : 2025-11-28T21:55:24Z
  target_type : sphere
  model_name : sphere
  pose : 
       - position : [-0.29878 , 3.86703 , 0.610258]
       - orientation : [0.707107 , 0.707107 , 1.04753e-07 , -7.61962e-08]
  RingCirclePositionError : 0
  position_error : 0.145033
  orientation_error : 1.5708
  found_in_gazebo : 1

 ErrorResults 
  stamp : 2025-11-28T21:55:24Z
  target_type : sphere
  model_name : sphere
  pose : 
       - position : [-0.298932 , 3.86672 , 0.610015]
       - orientation : [0.707107 , 0.707107 , 2.39535e-11 , -2.05578e-11]
  RingCirclePositionError : 0
  position_error : 0.145327
  orientation_error : 1.5708
  found_in_gazebo : 1

 ErrorResults 
  stamp : 2025-11-28T21:55:24Z
  target_type : sphere
  model_name : sphere
  pose : 
       - position : [-0.298932 , 3.86672 , 0.610015]
       - orientation : [0.707107 , 0.707107 , 2.39535e-11 , -2.05578e-11]
  RingCirclePositionError : 0
  position_error : 0.145237
  orientation_error : 1.5708
  found_in_gazebo : 1

 ErrorResults 
  stamp : 2025-11-28T21:55:24Z
  target_type : sphere
  model_name : sphere
  pose : 
       - position : [-0.298878 , 3.86466 , 0.609175]
       - orientation : [0.707107 , 0.707107 , 1.88572e-13 , -4.68951e-12]
  RingCirclePositionError : 0
  position_error : 0.14736
  orientation_error : 1.5708
  found_in_gazebo : 1

 ErrorResults 
  stamp : 2025-11-28T21:55:24Z
  target_type : sphere
  model_name : sphere
  pose : 
       - position : [-0.299473 , 3.86571 , 0.6091]
       - orientation : [0.707107 , 0.707107 , -5.85127e-11 , 5.42271e-11]
  RingCirclePositionError : 0
  position_error : 0.14635
  orientation_error : 1.5708
  found_in_gazebo : 1

 ErrorResults 
  stamp : 2025-11-28T21:55:24Z
  target_type : sphere
  model_name : sphere
  pose : 
       - position : [-0.298849 , 3.86476 , 0.609184]
       - orientation : [0.707107 , 0.707107 , 3.87679e-11 , -3.19917e-11]
  RingCirclePositionError : 0
  position_error : 0.147146
  orientation_error : 1.5708
  found_in_gazebo : 1

 ErrorResults 
  stamp : 2025-11-28T21:55:25Z
  target_type : sphere
  model_name : sphere
  pose : 
       - position : [-0.298849 , 3.86476 , 0.609184]
       - orientation : [0.707107 , 0.707107 , 3.87679e-11 , -3.19917e-11]
  RingCirclePositionError : 0
  position_error : 0.147096
  orientation_error : 1.5708
  found_in_gazebo : 1

 ErrorResults 
  stamp : 2025-11-28T21:55:25Z
  target_type : sphere
  model_name : sphere
  pose : 
       - position : [-0.299119 , 3.86354 , 0.608544]
       - orientation : [0.707107 , 0.707107 , 1.04862e-07 , -7.63221e-08]
  RingCirclePositionError : 0
  position_error : 0.148379
  orientation_error : 1.5708
  found_in_gazebo : 1

 ErrorResults 
  stamp : 2025-11-28T21:55:25Z
  target_type : sphere
  model_name : sphere
  pose : 
       - position : [-0.299385 , 3.86547 , 0.60794]
       - orientation : [0.707107 , 0.707107 , 5.10272e-08 , -3.6989e-08]
  RingCirclePositionError : 0
  position_error : 0.146747
  orientation_error : 1.5708
  found_in_gazebo : 1

 ErrorResults 
  stamp : 2025-11-28T21:55:25Z
  target_type : sphere
  model_name : sphere
  pose : 
       - position : [-0.299385 , 3.86547 , 0.60794]
       - orientation : [0.707107 , 0.707107 , 5.10272e-08 , -3.6989e-08]
  RingCirclePositionError : 0
  position_error : 0.146665
  orientation_error : 1.5708
  found_in_gazebo : 1

 ErrorResults 
  stamp : 2025-11-28T21:55:25Z
  target_type : sphere
  model_name : sphere
  pose : 
       - position : [-0.29914 , 3.8663 , 0.608115]
       - orientation : [0.707107 , 0.707107 , 1.05055e-07 , -7.64976e-08]
  RingCirclePositionError : 0
  position_error : 0.145747
  orientation_error : 1.5708
  found_in_gazebo : 1

 ErrorResults 
  stamp : 2025-11-28T21:55:25Z
  target_type : sphere
  model_name : sphere
  pose : 
       - position : [-0.299214 , 3.86604 , 0.60798]
       - orientation : [0.707107 , 0.707107 , 1.10411e-11 , -1.65062e-11]
  RingCirclePositionError : 0
  position_error : 0.145945
  orientation_error : 1.5708
  found_in_gazebo : 1

 ErrorResults 
  stamp : 2025-11-28T21:55:25Z
  target_type : sphere
  model_name : sphere
  pose : 
       - position : [-0.29938 , 3.86545 , 0.607676]
       - orientation : [0.707107 , 0.707107 , 3.04295e-11 , -2.30612e-11]
  RingCirclePositionError : 0
  position_error : 0.146524
  orientation_error : 1.5708
  found_in_gazebo : 1

 ErrorResults 
  stamp : 2025-11-28T21:55:25Z
  target_type : sphere
  model_name : sphere
  pose : 
       - position : [-0.299886 , 3.86365 , 0.606746]
       - orientation : [0.707107 , 0.707107 , -9.40015e-12 , 7.77141e-12]
  RingCirclePositionError : 0
  position_error : 0.148459
  orientation_error : 1.5708
  found_in_gazebo : 1

 ErrorResults 
  stamp : 2025-11-28T21:55:25Z
  target_type : sphere
  model_name : sphere
  pose : 
       - position : [-0.299784 , 3.86578 , 0.606895]
       - orientation : [0.707107 , 0.707107 , 1.05346e-07 , -7.67561e-08]
  RingCirclePositionError : 0
  position_error : 0.146378
  orientation_error : 1.5708
  found_in_gazebo : 1

 ErrorResults 
  stamp : 2025-11-28T21:55:25Z
  target_type : sphere
  model_name : sphere
  pose : 
       - position : [-0.299752 , 3.86575 , 0.606907]
       - orientation : [0.707107 , 0.707107 , 4.99206e-11 , -4.88933e-11]
  RingCirclePositionError : 0
  position_error : 0.146323
  orientation_error : 1.5708
  found_in_gazebo : 1

 ErrorResults 
  stamp : 2025-11-28T21:55:25Z
  target_type : sphere
  model_name : sphere
  pose : 
       - position : [-0.299764 , 3.86709 , 0.606968]
       - orientation : [0.707107 , 0.707107 , -1.05398e-07 , 7.67995e-08]
  RingCirclePositionError : 0
  position_error : 0.144978
  orientation_error : 1.5708
  found_in_gazebo : 1

 ErrorResults 
  stamp : 2025-11-28T21:55:25Z
  target_type : sphere
  model_name : sphere
  pose : 
       - position : [-0.299657 , 3.86984 , 0.607149]
       - orientation : [0.707107 , 0.707107 , -3.48776e-11 , 2.44041e-11]
  RingCirclePositionError : 0
  position_error : 0.142307
  orientation_error : 1.5708
  found_in_gazebo : 1

 ErrorResults 
  stamp : 2025-11-28T21:55:25Z
  target_type : sphere
  model_name : sphere
  pose : 
       - position : [-0.299453 , 3.87014 , 0.607]
       - orientation : [0.707107 , 0.707107 , -1.05461e-07 , 7.68631e-08]
  RingCirclePositionError : 0
  position_error : 0.142006
  orientation_error : 1.5708
  found_in_gazebo : 1

 ErrorResults 
  stamp : 2025-11-28T21:55:25Z
  target_type : sphere
  model_name : sphere
  pose : 
       - position : [-0.299102 , 3.86764 , 0.606279]
       - orientation : [0.707107 , 0.707107 , 1.05313e-07 , -7.6769e-08]
  RingCirclePositionError : 0
  position_error : 0.144485
  orientation_error : 1.5708
  found_in_gazebo : 1

 ErrorResults 
  stamp : 2025-11-28T21:55:25Z
  target_type : sphere
  model_name : sphere
  pose : 
       - position : [-0.299171 , 3.86717 , 0.606047]
       - orientation : [0.707107 , 0.707107 , -5.11556e-08 , 3.71157e-08]
  RingCirclePositionError : 0
  position_error : 0.144923
  orientation_error : 1.5708
  found_in_gazebo : 1

 ErrorResults 
  stamp : 2025-11-28T21:55:25Z
  target_type : sphere
  model_name : sphere
  pose : 
       - position : [-0.299277 , 3.86689 , 0.605865]
       - orientation : [0.707107 , 0.707107 , 5.83339e-11 , -5.19754e-11]
  RingCirclePositionError : 0
  position_error : 0.145161
  orientation_error : 1.5708
  found_in_gazebo : 1

 ErrorResults 
  stamp : 2025-11-28T21:55:25Z
  target_type : sphere
  model_name : sphere
  pose : 
       - position : [-0.299045 , 3.86653 , 0.605903]
       - orientation : [0.707107 , 0.707107 , 1.05282e-07 , -7.67545e-08]
  RingCirclePositionError : 0
  position_error : 0.145388
  orientation_error : 1.5708
  found_in_gazebo : 1

 ErrorResults 
  stamp : 2025-11-28T21:55:25Z
  target_type : sphere
  model_name : sphere
  pose : 
       - position : [-0.299044 , 3.86803 , 0.60596]
       - orientation : [0.707107 , 0.707107 , 3.22126e-11 , -2.2219e-11]
  RingCirclePositionError : 0
  position_error : 0.143909
  orientation_error : 1.5708
  found_in_gazebo : 1

 ErrorResults 
  stamp : 2025-11-28T21:55:25Z
  target_type : sphere
  model_name : sphere
  pose : 
       - position : [-0.299044 , 3.86803 , 0.60596]
       - orientation : [0.707107 , 0.707107 , 3.22126e-11 , -2.2219e-11]
  RingCirclePositionError : 0
  position_error : 0.143819
  orientation_error : 1.5708
  found_in_gazebo : 1

 ErrorResults 
  stamp : 2025-11-28T21:55:25Z
  target_type : sphere
  model_name : sphere
  pose : 
       - position : [-0.299042 , 3.86962 , 0.60602]
       - orientation : [0.707107 , 0.707107 , 5.11344e-08 , -3.70993e-08]
  RingCirclePositionError : 0
  position_error : 0.142263
  orientation_error : 1.5708
  found_in_gazebo : 1

 ErrorResults 
  stamp : 2025-11-28T21:55:25Z
  target_type : sphere
  model_name : sphere
  pose : 
       - position : [-0.299605 , 3.86674 , 0.604591]
       - orientation : [0.707107 , 0.707107 , 2.56152e-11 , -2.19343e-11]
  RingCirclePositionError : 0
  position_error : 0.145371
  orientation_error : 1.5708
  found_in_gazebo : 1

 ErrorResults 
  stamp : 2025-11-28T21:55:25Z
  target_type : sphere
  model_name : sphere
  pose : 
       - position : [-0.299718 , 3.86672 , 0.604506]
       - orientation : [0.707107 , 0.707107 , -5.12602e-08 , 3.72153e-08]
  RingCirclePositionError : 0
  position_error : 0.145335
  orientation_error : 1.5708
  found_in_gazebo : 1

 ErrorResults 
  stamp : 2025-11-28T21:55:25Z
  target_type : sphere
  model_name : sphere
  pose : 
       - position : [-0.299544 , 3.86694 , 0.604107]
       - orientation : [0.707107 , 0.707107 , 2.84435e-11 , -2.45843e-11]
  RingCirclePositionError : 0
  position_error : 0.145212
  orientation_error : 1.5708
  found_in_gazebo : 1

 ErrorResults 
  stamp : 2025-11-28T21:55:25Z
  target_type : sphere
  model_name : sphere
  pose : 
       - position : [-0.298146 , 3.86588 , 0.604526]
       - orientation : [0.707107 , 0.707107 , -4.92216e-11 , 4.68065e-11]
  RingCirclePositionError : 0
  position_error : 0.145933
  orientation_error : 1.5708
  found_in_gazebo : 1

 ErrorResults 
  stamp : 2025-11-28T21:55:25Z
  target_type : sphere
  model_name : sphere
  pose : 
       - position : [-0.298947 , 3.8656 , 0.603976]
       - orientation : [0.707107 , 0.707107 , -1.97601e-11 , 1.56698e-11]
  RingCirclePositionError : 0
  position_error : 0.146327
  orientation_error : 1.5708
  found_in_gazebo : 1

 ErrorResults 
  stamp : 2025-11-28T21:55:25Z
  target_type : sphere
  model_name : sphere
  pose : 
       - position : [-0.298864 , 3.86553 , 0.603998]
       - orientation : [0.707107 , 0.707107 , 1.05388e-07 , -7.69032e-08]
  RingCirclePositionError : 0
  position_error : 0.146298
  orientation_error : 1.5708
  found_in_gazebo : 1

 ErrorResults 
  stamp : 2025-11-28T21:55:25Z
  target_type : sphere
  model_name : sphere
  pose : 
       - position : [-0.298892 , 3.86541 , 0.603941]
       - orientation : [0.707107 , 0.707107 , 1.05396e-07 , -7.69107e-08]
  RingCirclePositionError : 0
  position_error : 0.146373
  orientation_error : 1.5708
  found_in_gazebo : 1

 ErrorResults 
  stamp : 2025-11-28T21:55:25Z
  target_type : sphere
  model_name : sphere
  pose : 
       - position : [-0.298517 , 3.86756 , 0.603698]
       - orientation : [0.707107 , 0.707107 , -5.1148e-08 , 3.71541e-08]
  RingCirclePositionError : 0
  position_error : 0.144398
  orientation_error : 1.5708
  found_in_gazebo : 1

 ErrorResults 
  stamp : 2025-11-28T21:55:25Z
  target_type : sphere
  model_name : sphere
  pose : 
       - position : [-0.29878 , 3.86703 , 0.603278]
       - orientation : [0.707107 , 0.707107 , 1.05519e-07 , -7.70379e-08]
  RingCirclePositionError : 0
  position_error : 0.144976
  orientation_error : 1.5708
  found_in_gazebo : 1

 ErrorResults 
  stamp : 2025-11-28T21:55:25Z
  target_type : sphere
  model_name : sphere
  pose : 
       - position : [-0.29878 , 3.86703 , 0.603278]
       - orientation : [0.707107 , 0.707107 , 1.05519e-07 , -7.70379e-08]
  RingCirclePositionError : 0
  position_error : 0.144886
  orientation_error : 1.5708
  found_in_gazebo : 1

 ErrorResults 
  stamp : 2025-11-28T21:55:25Z
  target_type : sphere
  model_name : sphere
  pose : 
       - position : [-0.298934 , 3.86715 , 0.60305]
       - orientation : [0.707107 , 0.707107 , 4.14181e-12 , -8.30801e-13]
  RingCirclePositionError : 0
  position_error : 0.144782
  orientation_error : 1.5708
  found_in_gazebo : 1

 ErrorResults 
  stamp : 2025-11-28T21:55:25Z
  target_type : sphere
  model_name : sphere
  pose : 
       - position : [-0.299473 , 3.86571 , 0.602122]
       - orientation : [0.707107 , 0.707107 , -3.69515e-11 , 2.60827e-11]
  RingCirclePositionError : 0
  position_error : 0.146381
  orientation_error : 1.5708
  found_in_gazebo : 1

 ErrorResults 
  stamp : 2025-11-28T21:55:25Z
  target_type : sphere
  model_name : sphere
  pose : 
       - position : [-0.299473 , 3.86571 , 0.602122]
       - orientation : [0.707107 , 0.707107 , -3.69515e-11 , 2.60827e-11]
  RingCirclePositionError : 0
  position_error : 0.146295
  orientation_error : 1.5708
  found_in_gazebo : 1

 ErrorResults 
  stamp : 2025-11-28T21:55:25Z
  target_type : sphere
  model_name : sphere
  pose : 
       - position : [-0.298849 , 3.86476 , 0.602208]
       - orientation : [0.707107 , 0.707107 , 5.09486e-11 , -5.15101e-11]
  RingCirclePositionError : 0
  position_error : 0.147061
  orientation_error : 1.5708
  found_in_gazebo : 1

 ErrorResults 
  stamp : 2025-11-28T21:55:25Z
  target_type : sphere
  model_name : sphere
  pose : 
       - position : [-0.298806 , 3.86773 , 0.602333]
       - orientation : [0.707107 , 0.707107 , 1.05666e-07 , -7.71885e-08]
  RingCirclePositionError : 0
  position_error : 0.144198
  orientation_error : 1.5708
  found_in_gazebo : 1

 ErrorResults 
  stamp : 2025-11-28T21:55:25Z
  target_type : sphere
  model_name : sphere
  pose : 
       - position : [-0.299082 , 3.86665 , 0.60168]
       - orientation : [0.707107 , 0.707107 , -1.05762e-07 , 7.72781e-08]
  RingCirclePositionError : 0
  position_error : 0.145346
  orientation_error : 1.5708
  found_in_gazebo : 1

 ErrorResults 
  stamp : 2025-11-28T21:55:25Z
  target_type : sphere
  model_name : sphere
  pose : 
       - position : [-0.299385 , 3.86547 , 0.600962]
       - orientation : [0.707107 , 0.707107 , 5.13739e-08 , -3.73702e-08]
  RingCirclePositionError : 0
  position_error : 0.146653
  orientation_error : 1.5708
  found_in_gazebo : 1

 ErrorResults 
  stamp : 2025-11-28T21:55:25Z
  target_type : sphere
  model_name : sphere
  pose : 
       - position : [-0.299364 , 3.86634 , 0.601017]
       - orientation : [0.707107 , 0.707107 , -1.059e-07 , 7.74042e-08]
  RingCirclePositionError : 0
  position_error : 0.145757
  orientation_error : 1.5708
  found_in_gazebo : 1

 ErrorResults 
  stamp : 2025-11-28T21:55:25Z
  target_type : sphere
  model_name : sphere
  pose : 
       - position : [-0.29914 , 3.8663 , 0.601136]
       - orientation : [0.707107 , 0.707107 , 1.05821e-07 , -7.73417e-08]
  RingCirclePositionError : 0
  position_error : 0.145654
  orientation_error : 1.5708
  found_in_gazebo : 1

 ErrorResults 
  stamp : 2025-11-28T21:55:25Z
  target_type : sphere
  model_name : sphere
  pose : 
       - position : [-0.29914 , 3.8663 , 0.601136]
       - orientation : [0.707107 , 0.707107 , 1.05821e-07 , -7.73417e-08]
  RingCirclePositionError : 0
  position_error : 0.145572
  orientation_error : 1.5708
  found_in_gazebo : 1

 ErrorResults 
  stamp : 2025-11-28T21:55:25Z
  target_type : sphere
  model_name : sphere
  pose : 
       - position : [-0.29938 , 3.86545 , 0.600698]
       - orientation : [0.707107 , 0.707107 , 5.20627e-11 , -5.12979e-11]
  RingCirclePositionError : 0
  position_error : 0.146458
  orientation_error : 1.5708
  found_in_gazebo : 1

 ErrorResults 
  stamp : 2025-11-28T21:55:25Z
  target_type : sphere
  model_name : sphere
  pose : 
       - position : [-0.29937 , 3.86728 , 0.600773]
       - orientation : [0.707107 , 0.707107 , -1.05976e-07 , 7.7476e-08]
  RingCirclePositionError : 0
  position_error : 0.144658
  orientation_error : 1.5708
  found_in_gazebo : 1

 ErrorResults 
  stamp : 2025-11-28T21:55:25Z
  target_type : sphere
  model_name : sphere
  pose : 
       - position : [-0.299784 , 3.86578 , 0.599917]
       - orientation : [0.707107 , 0.707107 , 1.06114e-07 , -7.76023e-08]
  RingCirclePositionError : 0
  position_error : 0.146285
  orientation_error : 1.5708
  found_in_gazebo : 1

 ErrorResults 
  stamp : 2025-11-28T21:55:25Z
  target_type : sphere
  model_name : sphere
  pose : 
       - position : [-0.299174 , 3.86902 , 0.600329]
       - orientation : [0.707107 , 0.707107 , 5.14811e-08 , -3.74705e-08]
  RingCirclePositionError : 0
  position_error : 0.143072
  orientation_error : 1.5708
  found_in_gazebo : 1

 ErrorResults 
  stamp : 2025-11-28T21:55:26Z
  target_type : sphere
  model_name : sphere
  pose : 
       - position : [-0.299657 , 3.86984 , 0.600164]
       - orientation : [0.707107 , 0.707107 , -4.55465e-11 , 4.05906e-11]
  RingCirclePositionError : 0
  position_error : 0.142298
  orientation_error : 1.5708
  found_in_gazebo : 1

 ErrorResults 
  stamp : 2025-11-28T21:55:26Z
  target_type : sphere
  model_name : sphere
  pose : 
       - position : [-0.299453 , 3.87014 , 0.600014]
       - orientation : [0.707107 , 0.707107 , -1.06231e-07 , 7.77114e-08]
  RingCirclePositionError : 0
  position_error : 0.141997
  orientation_error : 1.5708
  found_in_gazebo : 1

 ErrorResults 
  stamp : 2025-11-28T21:55:26Z
  target_type : sphere
  model_name : sphere
  pose : 
       - position : [-0.299453 , 3.87014 , 0.600014]
       - orientation : [0.707107 , 0.707107 , -1.06231e-07 , 7.77114e-08]
  RingCirclePositionError : 0
  position_error : 0.141942
  orientation_error : 1.5708
  found_in_gazebo : 1

 ErrorResults 
  stamp : 2025-11-28T21:55:26Z
  target_type : sphere
  model_name : sphere
  pose : 
       - position : [-0.299102 , 3.86764 , 0.599298]
       - orientation : [0.707107 , 0.707107 , 1.06081e-07 , -7.76159e-08]
  RingCirclePositionError : 0
  position_error : 0.14442
  orientation_error : 1.5708
  found_in_gazebo : 1

 ErrorResults 
  stamp : 2025-11-28T21:55:26Z
  target_type : sphere
  model_name : sphere
  pose : 
       - position : [-0.298566 , 3.86772 , 0.599732]
       - orientation : [0.707107 , 0.707107 , -5.1442e-08 , 3.74695e-08]
  RingCirclePositionError : 0
  position_error : 0.144088
  orientation_error : 1.5708
  found_in_gazebo : 1

 ErrorResults 
  stamp : 2025-11-28T21:55:26Z
  target_type : sphere
  model_name : sphere
  pose : 
       - position : [-0.299167 , 3.86868 , 0.599133]
       - orientation : [0.707107 , 0.707107 , 1.06171e-07 , -7.7695e-08]
  RingCirclePositionError : 0
  position_error : 0.143346
  orientation_error : 1.5708
  found_in_gazebo : 1

 ErrorResults 
  stamp : 2025-11-28T21:55:26Z
  target_type : sphere
  model_name : sphere
  pose : 
       - position : [-0.299044 , 3.86803 , 0.598978]
       - orientation : [0.707107 , 0.707107 , 4.43838e-11 , -4.17287e-11]
  RingCirclePositionError : 0
  position_error : 0.143923
  orientation_error : 1.5708
  found_in_gazebo : 1

 ErrorResults 
  stamp : 2025-11-28T21:55:26Z
  target_type : sphere
  model_name : sphere
  pose : 
       - position : [-0.299044 , 3.86803 , 0.598978]
       - orientation : [0.707107 , 0.707107 , 4.43838e-11 , -4.17287e-11]
  RingCirclePositionError : 0
  position_error : 0.143841
  orientation_error : 1.5708
  found_in_gazebo : 1

 ErrorResults 
  stamp : 2025-11-28T21:55:26Z
  target_type : sphere
  model_name : sphere
  pose : 
       - position : [-0.299042 , 3.86962 , 0.599035]
       - orientation : [0.707107 , 0.707107 , 5.15049e-08 , -3.75178e-08]
  RingCirclePositionError : 0
  position_error : 0.142269
  orientation_error : 1.5708
  found_in_gazebo : 1

 ErrorResults 
  stamp : 2025-11-28T21:55:26Z
  target_type : sphere
  model_name : sphere
  pose : 
       - position : [-0.299042 , 3.86962 , 0.599035]
       - orientation : [0.707107 , 0.707107 , 5.15049e-08 , -3.75178e-08]
  RingCirclePositionError : 0
  position_error : 0.142179
  orientation_error : 1.5708
  found_in_gazebo : 1

 ErrorResults 
  stamp : 2025-11-28T21:55:26Z
  target_type : sphere
  model_name : sphere
  pose : 
       - position : [-0.299727 , 3.8668 , 0.597551]
       - orientation : [0.707107 , 0.707107 , -2.58112e-11 , 2.21861e-11]
  RingCirclePositionError : 0
  position_error : 0.14525
  orientation_error : 1.5708
  found_in_gazebo : 1

 ErrorResults 
  stamp : 2025-11-28T21:55:26Z
  target_type : sphere
  model_name : sphere
  pose : 
       - position : [-0.299751 , 3.86873 , 0.597633]
       - orientation : [0.707107 , 0.707107 , -1.00079e-11 , 1.58291e-11]
  RingCirclePositionError : 0
  position_error : 0.143392
  orientation_error : 1.5708
  found_in_gazebo : 1

 ErrorResults 
  stamp : 2025-11-28T21:55:26Z
  target_type : sphere
  model_name : sphere
  pose : 
       - position : [-0.299609 , 3.86694 , 0.597091]
       - orientation : [0.707107 , 0.707107 , -1.06434e-07 , 7.79603e-08]
  RingCirclePositionError : 0
  position_error : 0.145157
  orientation_error : 1.5708
  found_in_gazebo : 1

 ErrorResults 
  stamp : 2025-11-28T21:55:26Z
  target_type : sphere
  model_name : sphere
  pose : 
       - position : [-0.298146 , 3.86588 , 0.597548]
       - orientation : [0.707107 , 0.707107 , -3.75172e-11 , 2.7777e-11]
  RingCirclePositionError : 0
  position_error : 0.145864
  orientation_error : 1.5708
  found_in_gazebo : 1

 ErrorResults 
  stamp : 2025-11-28T21:55:26Z
  target_type : sphere
  model_name : sphere
  pose : 
       - position : [-0.298947 , 3.8656 , 0.596998]
       - orientation : [0.707107 , 0.707107 , -2.99574e-11 , 3.14183e-11]
  RingCirclePositionError : 0
  position_error : 0.146257
  orientation_error : 1.5708
  found_in_gazebo : 1

 ErrorResults 
  stamp : 2025-11-28T21:55:26Z
  target_type : sphere
  model_name : sphere
  pose : 
       - position : [-0.299149 , 3.86984 , 0.597079]
       - orientation : [0.707107 , 0.707107 , 4.44052e-11 , -3.50008e-11]
  RingCirclePositionError : 0
  position_error : 0.142236
  orientation_error : 1.5708
  found_in_gazebo : 1

 ErrorResults 
  stamp : 2025-11-28T21:55:26Z
  target_type : sphere
  model_name : sphere
  pose : 
       - position : [-0.299085 , 3.8686 , 0.596652]
       - orientation : [0.707107 , 0.707107 , 5.16294e-08 , -3.76485e-08]
  RingCirclePositionError : 0
  position_error : 0.143471
  orientation_error : 1.5708
  found_in_gazebo : 1

 ErrorResults 
  stamp : 2025-11-28T21:55:26Z
  target_type : sphere
  model_name : sphere
  pose : 
       - position : [-0.298517 , 3.86756 , 0.596717]
       - orientation : [0.707107 , 0.707107 , -5.1516e-08 , 3.75688e-08]
  RingCirclePositionError : 0
  position_error : 0.144309
  orientation_error : 1.5708
  found_in_gazebo : 1

 ErrorResults 
  stamp : 2025-11-28T21:55:26Z
  target_type : sphere
  model_name : sphere
  pose : 
       - position : [-0.29878 , 3.86703 , 0.596298]
       - orientation : [0.707107 , 0.707107 , 1.06288e-07 , -7.78868e-08]
  RingCirclePositionError : 0
  position_error : 0.14486
  orientation_error : 1.5708
  found_in_gazebo : 1

 ErrorResults 
  stamp : 2025-11-28T21:55:26Z
  target_type : sphere
  model_name : sphere
  pose : 
       - position : [-0.298934 , 3.86715 , 0.596069]
       - orientation : [0.707107 , 0.707107 , 2.53271e-11 , -2.86502e-11]
  RingCirclePositionError : 0
  position_error : 0.144764
  orientation_error : 1.5708
  found_in_gazebo : 1

 ErrorResults 
  stamp : 2025-11-28T21:55:26Z
  target_type : sphere
  model_name : sphere
  pose : 
       - position : [-0.298934 , 3.86721 , 0.596071]
       - orientation : [0.707107 , 0.707107 , 5.16169e-08 , -3.76575e-08]
  RingCirclePositionError : 0
  position_error : 0.144624
  orientation_error : 1.5708
  found_in_gazebo : 1

 ErrorResults 
  stamp : 2025-11-28T21:55:26Z
  target_type : sphere
  model_name : sphere
  pose : 
       - position : [-0.299473 , 3.86571 , 0.595144]
       - orientation : [0.707107 , 0.707107 , -4.73554e-11 , 4.20285e-11]
  RingCirclePositionError : 0
  position_error : 0.146272
  orientation_error : 1.5708
  found_in_gazebo : 1

 ErrorResults 
  stamp : 2025-11-28T21:55:26Z
  target_type : sphere
  model_name : sphere
  pose : 
       - position : [-0.299473 , 3.86571 , 0.595144]
       - orientation : [0.707107 , 0.707107 , -4.73554e-11 , 4.20285e-11]
  RingCirclePositionError : 0
  position_error : 0.146191
  orientation_error : 1.5708
  found_in_gazebo : 1

 ErrorResults 
  stamp : 2025-11-28T21:55:26Z
  target_type : sphere
  model_name : sphere
  pose : 
       - position : [-0.298806 , 3.86773 , 0.595351]
       - orientation : [0.707107 , 0.707107 , 1.06436e-07 , -7.80387e-08]
  RingCirclePositionError : 0
  position_error : 0.144165
  orientation_error : 1.5708
  found_in_gazebo : 1

 ErrorResults 
  stamp : 2025-11-28T21:55:26Z
  target_type : sphere
  model_name : sphere
  pose : 
       - position : [-0.298806 , 3.86773 , 0.595351]
       - orientation : [0.707107 , 0.707107 , 1.06436e-07 , -7.80387e-08]
  RingCirclePositionError : 0
  position_error : 0.144079
  orientation_error : 1.5708
  found_in_gazebo : 1

 ErrorResults 
  stamp : 2025-11-28T21:55:26Z
  target_type : sphere
  model_name : sphere
  pose : 
       - position : [-0.299068 , 3.86786 , 0.594741]
       - orientation : [0.707107 , 0.707107 , -4.61888e-11 , 4.21447e-11]
  RingCirclePositionError : 0
  position_error : 0.144122
  orientation_error : 1.5708
  found_in_gazebo : 1

 ErrorResults 
  stamp : 2025-11-28T21:55:26Z
  target_type : sphere
  model_name : sphere
  pose : 
       - position : [-0.299364 , 3.86634 , 0.594038]
       - orientation : [0.707107 , 0.707107 , -1.0667e-07 , 7.82559e-08]
  RingCirclePositionError : 0
  position_error : 0.145734
  orientation_error : 1.5708
  found_in_gazebo : 1

 ErrorResults 
  stamp : 2025-11-28T21:55:26Z
  target_type : sphere
  model_name : sphere
  pose : 
       - position : [-0.299364 , 3.86634 , 0.594038]
       - orientation : [0.707107 , 0.707107 , -1.0667e-07 , 7.82559e-08]
  RingCirclePositionError : 0
  position_error : 0.145648
  orientation_error : 1.5708
  found_in_gazebo : 1

 ErrorResults 
  stamp : 2025-11-28T21:55:26Z
  target_type : sphere
  model_name : sphere
  pose : 
       - position : [-0.299113 , 3.86802 , 0.594255]
       - orientation : [0.707107 , 0.707107 , 5.18176e-08 , -3.78518e-08]
  RingCirclePositionError : 0
  position_error : 0.143911
  orientation_error : 1.5708
  found_in_gazebo : 1

 ErrorResults 
  stamp : 2025-11-28T21:55:26Z
  target_type : sphere
  model_name : sphere
  pose : 
       - position : [-0.29919 , 3.8678 , 0.594117]
       - orientation : [0.707107 , 0.707107 , -1.06686e-07 , 7.82739e-08]
  RingCirclePositionError : 0
  position_error : 0.144091
  orientation_error : 1.5708
  found_in_gazebo : 1

 ErrorResults 
  stamp : 2025-11-28T21:55:26Z
  target_type : sphere
  model_name : sphere
  pose : 
       - position : [-0.29937 , 3.86728 , 0.593792]
       - orientation : [0.707107 , 0.707107 , -1.06747e-07 , 7.83286e-08]
  RingCirclePositionError : 0
  position_error : 0.144609
  orientation_error : 1.5708
  found_in_gazebo : 1

 ErrorResults 
  stamp : 2025-11-28T21:55:26Z
  target_type : sphere
  model_name : sphere
  pose : 
       - position : [-0.299813 , 3.86713 , 0.592988]
       - orientation : [0.707107 , 0.707107 , -5.26481e-11 , 4.6976e-11]
  RingCirclePositionError : 0
  position_error : 0.144976
  orientation_error : 1.5708
  found_in_gazebo : 1

 ErrorResults 
  stamp : 2025-11-28T21:55:26Z
  target_type : sphere
  model_name : sphere
  pose : 
       - position : [-0.299174 , 3.86902 , 0.593345]
       - orientation : [0.707107 , 0.707107 , 5.18521e-08 , -3.78913e-08]
  RingCirclePositionError : 0
  position_error : 0.143023
  orientation_error : 1.5708
  found_in_gazebo : 1

 ErrorResults 
  stamp : 2025-11-28T21:55:26Z
  target_type : sphere
  model_name : sphere
  pose : 
       - position : [-0.299752 , 3.87 , 0.593146]
       - orientation : [0.707107 , 0.707107 , 1.0707e-07 , -7.861e-08]
  RingCirclePositionError : 0
  position_error : 0.142147
  orientation_error : 1.5708
  found_in_gazebo : 1

 ErrorResults 
  stamp : 2025-11-28T21:55:26Z
  target_type : sphere
  model_name : sphere
  pose : 
       - position : [-0.299579 , 3.871 , 0.593265]
       - orientation : [0.707107 , 0.707107 , -1.07058e-07 , 7.86026e-08]
  RingCirclePositionError : 0
  position_error : 0.14109
  orientation_error : 1.5708
  found_in_gazebo : 1

 ErrorResults 
  stamp : 2025-11-28T21:55:26Z
  target_type : sphere
  model_name : sphere
  pose : 
       - position : [-0.299453 , 3.87014 , 0.593028]
       - orientation : [0.707107 , 0.707107 , -1.07004e-07 , 7.85668e-08]
  RingCirclePositionError : 0
  position_error : 0.141878
  orientation_error : 1.5708
  found_in_gazebo : 1

 ErrorResults 
  stamp : 2025-11-28T21:55:26Z
  target_type : sphere
  model_name : sphere
  pose : 
       - position : [-0.299717 , 3.87074 , 0.593011]
       - orientation : [0.707107 , 0.707107 , 1.01256e-11 , -2.49892e-12]
  RingCirclePositionError : 0
  position_error : 0.141259
  orientation_error : 1.5708
  found_in_gazebo : 1

 ErrorResults 
  stamp : 2025-11-28T21:55:26Z
  target_type : sphere
  model_name : sphere
  pose : 
       - position : [-0.298086 , 3.86778 , 0.593137]
       - orientation : [0.707107 , 0.707107 , 4.59915e-11 , -4.51925e-11]
  RingCirclePositionError : 0
  position_error : 0.143848
  orientation_error : 1.5708
  found_in_gazebo : 1

 ErrorResults 
  stamp : 2025-11-28T21:55:26Z
  target_type : sphere
  model_name : sphere
  pose : 
       - position : [-0.299167 , 3.86868 , 0.592149]
       - orientation : [0.707107 , 0.707107 , 1.06943e-07 , -7.85498e-08]
  RingCirclePositionError : 0
  position_error : 0.143316
  orientation_error : 1.5708
  found_in_gazebo : 1

 ErrorResults 
  stamp : 2025-11-28T21:55:26Z
  target_type : sphere
  model_name : sphere
  pose : 
       - position : [-0.298897 , 3.8684 , 0.592216]
       - orientation : [0.707107 , 0.707107 , -6.11647e-11 , 6.03102e-11]
  RingCirclePositionError : 0
  position_error : 0.143457
  orientation_error : 1.5708
  found_in_gazebo : 1

 ErrorResults 
  stamp : 2025-11-28T21:55:26Z
  target_type : sphere
  model_name : sphere
  pose : 
       - position : [-0.298792 , 3.86921 , 0.592075]
       - orientation : [0.707107 , 0.707107 , 2.76377e-12 , 1.92507e-12]
  RingCirclePositionError : 0
  position_error : 0.142687
  orientation_error : 1.5708
  found_in_gazebo : 1

 ErrorResults 
  stamp : 2025-11-28T21:55:26Z
  target_type : sphere
  model_name : sphere
  pose : 
       - position : [-0.299042 , 3.86962 , 0.59205]
       - orientation : [0.707107 , 0.707107 , 5.18544e-08 , -3.79044e-08]
  RingCirclePositionError : 0
  position_error : 0.142245
  orientation_error : 1.5708
  found_in_gazebo : 1

 ErrorResults 
  stamp : 2025-11-28T21:55:26Z
  target_type : sphere
  model_name : sphere
  pose : 
       - position : [-0.299042 , 3.86962 , 0.59205]
       - orientation : [0.707107 , 0.707107 , 5.18544e-08 , -3.79044e-08]
  RingCirclePositionError : 0
  position_error : 0.142151
  orientation_error : 1.5708
  found_in_gazebo : 1

 ErrorResults 
  stamp : 2025-11-28T21:55:26Z
  target_type : sphere
  model_name : sphere
  pose : 
       - position : [-0.299132 , 3.86836 , 0.590952]
       - orientation : [0.707107 , 0.707107 , 4.03713e-11 , -3.73422e-11]
  RingCirclePositionError : 0
  position_error : 0.143644
  orientation_error : 1.5708
  found_in_gazebo : 1

 ErrorResults 
  stamp : 2025-11-28T21:55:26Z
  target_type : sphere
  model_name : sphere
  pose : 
       - position : [-0.299751 , 3.86873 , 0.59065]
       - orientation : [0.707107 , 0.707107 , 1.73636e-12 , -3.33366e-12]
  RingCirclePositionError : 0
  position_error : 0.143339
  orientation_error : 1.5708
  found_in_gazebo : 1

 ErrorResults 
  stamp : 2025-11-28T21:55:26Z
  target_type : sphere
  model_name : sphere
  pose : 
       - position : [-0.299782 , 3.86866 , 0.590606]
       - orientation : [0.707107 , 0.707107 , 2.22303e-11 , -1.41678e-11]
  RingCirclePositionError : 0
  position_error : 0.143343
  orientation_error : 1.5708
  found_in_gazebo : 1

 ErrorResults 
  stamp : 2025-11-28T21:55:27Z
  target_type : sphere
  model_name : sphere
  pose : 
       - position : [-0.300024 , 3.86694 , 0.589879]
       - orientation : [0.707107 , 0.707107 , -7.0143e-12 , 4.95759e-13]
  RingCirclePositionError : 0
  position_error : 0.145122
  orientation_error : 1.5708
  found_in_gazebo : 1

 ErrorResults 
  stamp : 2025-11-28T21:55:27Z
  target_type : sphere
  model_name : sphere
  pose : 
       - position : [-0.299008 , 3.86978 , 0.590184]
       - orientation : [0.707107 , 0.707107 , -1.74106e-11 , 9.4918e-12]
  RingCirclePositionError : 0
  position_error : 0.142308
  orientation_error : 1.5708
  found_in_gazebo : 1

 ErrorResults 
  stamp : 2025-11-28T21:55:27Z
  target_type : sphere
  model_name : sphere
  pose : 
       - position : [-0.299149 , 3.86984 , 0.590093]
       - orientation : [0.707107 , 0.707107 , 5.5978e-11 , -5.40136e-11]
  RingCirclePositionError : 0
  position_error : 0.142195
  orientation_error : 1.5708
  found_in_gazebo : 1

 ErrorResults 
  stamp : 2025-11-28T21:55:27Z
  target_type : sphere
  model_name : sphere
  pose : 
       - position : [-0.298813 , 3.86946 , 0.59022]
       - orientation : [0.707107 , 0.707107 , -1.07094e-07 , 7.87456e-08]
  RingCirclePositionError : 0
  position_error : 0.142414
  orientation_error : 1.5708
  found_in_gazebo : 1

 ErrorResults 
  stamp : 2025-11-28T21:55:27Z
  target_type : sphere
  model_name : sphere
  pose : 
       - position : [-0.298517 , 3.86756 , 0.589736]
       - orientation : [0.707107 , 0.707107 , -5.18633e-08 , 3.7952e-08]
  RingCirclePositionError : 0
  position_error : 0.144268
  orientation_error : 1.5708
  found_in_gazebo : 1

 ErrorResults 
  stamp : 2025-11-28T21:55:27Z
  target_type : sphere
  model_name : sphere
  pose : 
       - position : [-0.298579 , 3.86809 , 0.589659]
       - orientation : [0.707107 , 0.707107 , -3.77876e-11 , 2.85835e-11]
  RingCirclePositionError : 0
  position_error : 0.143729
  orientation_error : 1.5708
  found_in_gazebo : 1

 ErrorResults 
  stamp : 2025-11-28T21:55:27Z
  target_type : sphere
  model_name : sphere
  pose : 
       - position : [-0.298776 , 3.86761 , 0.589345]
       - orientation : [0.707107 , 0.707107 , 1.07085e-07 , -7.87638e-08]
  RingCirclePositionError : 0
  position_error : 0.1442
  orientation_error : 1.5708
  found_in_gazebo : 1

 ErrorResults 
  stamp : 2025-11-28T21:55:27Z
  target_type : sphere
  model_name : sphere
  pose : 
       - position : [-0.298934 , 3.86721 , 0.589091]
       - orientation : [0.707107 , 0.707107 , 5.19662e-08 , -3.80447e-08]
  RingCirclePositionError : 0
  position_error : 0.144575
  orientation_error : 1.5708
  found_in_gazebo : 1

 ErrorResults 
  stamp : 2025-11-28T21:55:27Z
  target_type : sphere
  model_name : sphere
  pose : 
       - position : [-0.298934 , 3.86721 , 0.589091]
       - orientation : [0.707107 , 0.707107 , 5.19662e-08 , -3.80447e-08]
  RingCirclePositionError : 0
  position_error : 0.144497
  orientation_error : 1.5708
  found_in_gazebo : 1

 ErrorResults 
  stamp : 2025-11-28T21:55:27Z
  target_type : sphere
  model_name : sphere
  pose : 
       - position : [-0.29945 , 3.86892 , 0.588285]
       - orientation : [0.707107 , 0.707107 , 1.07466e-07 , -7.90966e-08]
  RingCirclePositionError : 0
  position_error : 0.143159
  orientation_error : 1.5708
  found_in_gazebo : 1

 ErrorResults 
  stamp : 2025-11-28T21:55:27Z
  target_type : sphere
  model_name : sphere
  pose : 
       - position : [-0.29945 , 3.86892 , 0.588285]
       - orientation : [0.707107 , 0.707107 , 1.07466e-07 , -7.90966e-08]
  RingCirclePositionError : 0
  position_error : 0.143077
  orientation_error : 1.5708
  found_in_gazebo : 1

 ErrorResults 
  stamp : 2025-11-28T21:55:27Z
  target_type : sphere
  model_name : sphere
  pose : 
       - position : [-0.298806 , 3.86773 , 0.58837]
       - orientation : [0.707107 , 0.707107 , 1.07208e-07 , -7.88959e-08]
  RingCirclePositionError : 0
  position_error : 0.144046
  orientation_error : 1.5708
  found_in_gazebo : 1

 ErrorResults 
  stamp : 2025-11-28T21:55:27Z
  target_type : sphere
  model_name : sphere
  pose : 
       - position : [-0.298783 , 3.86931 , 0.588431]
       - orientation : [0.707107 , 0.707107 , -8.59551e-12 , 1.77921e-12]
  RingCirclePositionError : 0
  position_error : 0.142479
  orientation_error : 1.5708
  found_in_gazebo : 1

 ErrorResults 
  stamp : 2025-11-28T21:55:27Z
  target_type : sphere
  model_name : sphere
  pose : 
       - position : [-0.299364 , 3.86634 , 0.587059]
       - orientation : [0.707107 , 0.707107 , -1.07443e-07 , 7.91145e-08]
  RingCirclePositionError : 0
  position_error : 0.145668
  orientation_error : 1.5708
  found_in_gazebo : 1

 ErrorResults 
  stamp : 2025-11-28T21:55:27Z
  target_type : sphere
  model_name : sphere
  pose : 
       - position : [-0.299364 , 3.86634 , 0.587059]
       - orientation : [0.707107 , 0.707107 , -1.07443e-07 , 7.91145e-08]
  RingCirclePositionError : 0
  position_error : 0.145579
  orientation_error : 1.5708
  found_in_gazebo : 1

 ErrorResults 
  stamp : 2025-11-28T21:55:27Z
  target_type : sphere
  model_name : sphere
  pose : 
       - position : [-0.299322 , 3.86815 , 0.587167]
       - orientation : [0.707107 , 0.707107 , 4.02541e-11 , -4.11157e-11]
  RingCirclePositionError : 0
  position_error : 0.143792
  orientation_error : 1.5708
  found_in_gazebo : 1

 ErrorResults 
  stamp : 2025-11-28T21:55:27Z
  target_type : sphere
  model_name : sphere
  pose : 
       - position : [-0.299113 , 3.86802 , 0.587273]
       - orientation : [0.707107 , 0.707107 , 5.21676e-08 , -3.82404e-08]
  RingCirclePositionError : 0
  position_error : 0.143776
  orientation_error : 1.5708
  found_in_gazebo : 1

 ErrorResults 
  stamp : 2025-11-28T21:55:27Z
  target_type : sphere
  model_name : sphere
  pose : 
       - position : [-0.299362 , 3.86871 , 0.586865]
       - orientation : [0.707107 , 0.707107 , 1.07587e-07 , -7.92444e-08]
  RingCirclePositionError : 0
  position_error : 0.143215
  orientation_error : 1.5708
  found_in_gazebo : 1

 ErrorResults 
  stamp : 2025-11-28T21:55:27Z
  target_type : sphere
  model_name : sphere
  pose : 
       - position : [-0.299174 , 3.86902 , 0.586361]
       - orientation : [0.707107 , 0.707107 , 5.22025e-08 , -3.82807e-08]
  RingCirclePositionError : 0
  position_error : 0.143053
  orientation_error : 1.5708
  found_in_gazebo : 1

 ErrorResults 
  stamp : 2025-11-28T21:55:27Z
  target_type : sphere
  model_name : sphere
  pose : 
       - position : [-0.299225 , 3.86911 , 0.586343]
       - orientation : [0.707107 , 0.707107 , -5.82101e-11 , 5.917e-11]
  RingCirclePositionError : 0
  position_error : 0.142889
  orientation_error : 1.5708
  found_in_gazebo : 1

 ErrorResults 
  stamp : 2025-11-28T21:55:27Z
  target_type : sphere
  model_name : sphere
  pose : 
       - position : [-0.299579 , 3.871 , 0.586277]
       - orientation : [0.707107 , 0.707107 , -1.07834e-07 , 7.94654e-08]
  RingCirclePositionError : 0
  position_error : 0.141082
  orientation_error : 1.5708
  found_in_gazebo : 1

 ErrorResults 
  stamp : 2025-11-28T21:55:27Z
  target_type : sphere
  model_name : sphere
  pose : 
       - position : [-0.299579 , 3.871 , 0.586277]
       - orientation : [0.707107 , 0.707107 , -1.07834e-07 , 7.94654e-08]
  RingCirclePositionError : 0
  position_error : 0.141011
  orientation_error : 1.5708
  found_in_gazebo : 1

 ErrorResults 
  stamp : 2025-11-28T21:55:27Z
  target_type : sphere
  model_name : sphere
  pose : 
       - position : [-0.299717 , 3.87074 , 0.586024]
       - orientation : [0.707107 , 0.707107 , 3.09442e-11 , -3.00276e-11]
  RingCirclePositionError : 0
  position_error : 0.141255
  orientation_error : 1.5708
  found_in_gazebo : 1

 ErrorResults 
  stamp : 2025-11-28T21:55:27Z
  target_type : sphere
  model_name : sphere
  pose : 
       - position : [-0.299717 , 3.87074 , 0.586024]
       - orientation : [0.707107 , 0.707107 , 3.09442e-11 , -3.00276e-11]
  RingCirclePositionError : 0
  position_error : 0.141168
  orientation_error : 1.5708
  found_in_gazebo : 1

 ErrorResults 
  stamp : 2025-11-28T21:55:27Z
  target_type : sphere
  model_name : sphere
  pose : 
       - position : [-0.298137 , 3.86989 , 0.586215]
       - orientation : [0.707107 , 0.707107 , -4.62316e-11 , 3.54767e-11]
  RingCirclePositionError : 0
  position_error : 0.141804
  orientation_error : 1.5708
  found_in_gazebo : 1

 ErrorResults 
  stamp : 2025-11-28T21:55:27Z
  target_type : sphere
  model_name : sphere
  pose : 
       - position : [-0.299167 , 3.86868 , 0.585166]
       - orientation : [0.707107 , 0.707107 , 1.07718e-07 , -7.94115e-08]
  RingCirclePositionError : 0
  position_error : 0.143229
  orientation_error : 1.5708
  found_in_gazebo : 1

 ErrorResults 
  stamp : 2025-11-28T21:55:27Z
  target_type : sphere
  model_name : sphere
  pose : 
       - position : [-0.298884 , 3.86996 , 0.585298]
       - orientation : [0.707107 , 0.707107 , 1.74854e-12 , -6.94724e-12]
  RingCirclePositionError : 0
  position_error : 0.141919
  orientation_error : 1.5708
  found_in_gazebo : 1

 ErrorResults 
  stamp : 2025-11-28T21:55:27Z
  target_type : sphere
  model_name : sphere
  pose : 
       - position : [-0.299042 , 3.86962 , 0.585065]
       - orientation : [0.707107 , 0.707107 , 5.22259e-08 , -3.83284e-08]
  RingCirclePositionError : 0
  position_error : 0.142244
  orientation_error : 1.5708
  found_in_gazebo : 1

 ErrorResults 
  stamp : 2025-11-28T21:55:27Z
  target_type : sphere
  model_name : sphere
  pose : 
       - position : [-0.299042 , 3.86962 , 0.585065]
       - orientation : [0.707107 , 0.707107 , 5.22259e-08 , -3.83284e-08]
  RingCirclePositionError : 0
  position_error : 0.142154
  orientation_error : 1.5708
  found_in_gazebo : 1

 ErrorResults 
  stamp : 2025-11-28T21:55:27Z
  target_type : sphere
  model_name : sphere
  pose : 
       - position : [-0.29904 , 3.87122 , 0.585118]
       - orientation : [0.707107 , 0.707107 , 1.07818e-07 , -7.9504e-08]
  RingCirclePositionError : 0
  position_error : 0.140568
  orientation_error : 1.5708
  found_in_gazebo : 1

 ErrorResults 
  stamp : 2025-11-28T21:55:27Z
  target_type : sphere
  model_name : sphere
  pose : 
       - position : [-0.299039 , 3.87186 , 0.585138]
       - orientation : [0.707107 , 0.707107 , -5.22778e-08 , 3.8361e-08]
  RingCirclePositionError : 0
  position_error : 0.139891
  orientation_error : 1.5708
  found_in_gazebo : 1

 ErrorResults 
  stamp : 2025-11-28T21:55:27Z
  target_type : sphere
  model_name : sphere
  pose : 
       - position : [-0.29979 , 3.86874 , 0.583647]
       - orientation : [0.707107 , 0.707107 , 9.82921e-12 , -2.56322e-12]
  RingCirclePositionError : 0
  position_error : 0.143258
  orientation_error : 1.5708
  found_in_gazebo : 1

 ErrorResults 
  stamp : 2025-11-28T21:55:27Z
  target_type : sphere
  model_name : sphere
  pose : 
       - position : [-0.29994 , 3.8687 , 0.583549]
       - orientation : [0.707107 , 0.707107 , 7.97281e-12 , -1.43731e-12]
  RingCirclePositionError : 0
  position_error : 0.143248
  orientation_error : 1.5708
  found_in_gazebo : 1

 ErrorResults 
  stamp : 2025-11-28T21:55:27Z
  target_type : sphere
  model_name : sphere
  pose : 
       - position : [-0.298934 , 3.87079 , 0.583684]
       - orientation : [0.707107 , 0.707107 , 5.23271e-08 , -3.84339e-08]
  RingCirclePositionError : 0
  position_error : 0.141193
  orientation_error : 1.5708
  found_in_gazebo : 1

 ErrorResults 
  stamp : 2025-11-28T21:55:27Z
  target_type : sphere
  model_name : sphere
  pose : 
       - position : [-0.299149 , 3.86984 , 0.583108]
       - orientation : [0.707107 , 0.707107 , 4.63125e-11 , -3.87228e-11]
  RingCirclePositionError : 0
  position_error : 0.14221
  orientation_error : 1.5708
  found_in_gazebo : 1

 ErrorResults 
  stamp : 2025-11-28T21:55:27Z
  target_type : sphere
  model_name : sphere
  pose : 
       - position : [-0.299363 , 3.86993 , 0.582969]
       - orientation : [0.707107 , 0.707107 , -1.35514e-11 , 4.86256e-12]
  RingCirclePositionError : 0
  position_error : 0.142076
  orientation_error : 1.5708
  found_in_gazebo : 1

 ErrorResults 
  stamp : 2025-11-28T21:55:27Z
  target_type : sphere
  model_name : sphere
  pose : 
       - position : [-0.298813 , 3.86946 , 0.583235]
       - orientation : [0.707107 , 0.707107 , -1.07869e-07 , 7.96091e-08]
  RingCirclePositionError : 0
  position_error : 0.142335
  orientation_error : 1.5708
  found_in_gazebo : 1

 ErrorResults 
  stamp : 2025-11-28T21:55:27Z
  target_type : sphere
  model_name : sphere
  pose : 
       - position : [-0.29908 , 3.8691 , 0.582704]
       - orientation : [0.707107 , 0.707107 , -7.12652e-11 , 7.07559e-11]
  RingCirclePositionError : 0
  position_error : 0.142793
  orientation_error : 1.5708
  found_in_gazebo : 1

 ErrorResults 
  stamp : 2025-11-28T21:55:27Z
  target_type : sphere
  model_name : sphere
  pose : 
       - position : [-0.298517 , 3.86824 , 0.582777]
       - orientation : [0.707107 , 0.707107 , 5.22441e-08 , -3.83862e-08]
  RingCirclePositionError : 0
  position_error : 0.143464
  orientation_error : 1.5708
  found_in_gazebo : 1

 ErrorResults 
  stamp : 2025-11-28T21:55:27Z
  target_type : sphere
  model_name : sphere
  pose : 
       - position : [-0.298776 , 3.86761 , 0.582364]
       - orientation : [0.707107 , 0.707107 , 1.07859e-07 , -7.96269e-08]
  RingCirclePositionError : 0
  position_error : 0.144151
  orientation_error : 1.5708
  found_in_gazebo : 1

 ErrorResults 
  stamp : 2025-11-28T21:55:27Z
  target_type : sphere
  model_name : sphere
  pose : 
       - position : [-0.298776 , 3.86761 , 0.582364]
       - orientation : [0.707107 , 0.707107 , 1.07859e-07 , -7.96269e-08]
  RingCirclePositionError : 0
  position_error : 0.144074
  orientation_error : 1.5708
  found_in_gazebo : 1

 ErrorResults 
  stamp : 2025-11-28T21:55:27Z
  target_type : sphere
  model_name : sphere
  pose : 
       - position : [-0.298934 , 3.86721 , 0.58211]
       - orientation : [0.707107 , 0.707107 , 5.23371e-08 , -3.8469e-08]
  RingCirclePositionError : 0
  position_error : 0.144479
  orientation_error : 1.5708
  found_in_gazebo : 1

 ErrorResults 
  stamp : 2025-11-28T21:55:27Z
  target_type : sphere
  model_name : sphere
  pose : 
       - position : [-0.298946 , 3.87011 , 0.582188]
       - orientation : [0.707107 , 0.707107 , 5.23803e-08 , -3.85019e-08]
  RingCirclePositionError : 0
  position_error : 0.141704
  orientation_error : 1.5708
  found_in_gazebo : 1

 ErrorResults 
  stamp : 2025-11-28T21:55:27Z
  target_type : sphere
  model_name : sphere
  pose : 
       - position : [-0.29945 , 3.86892 , 0.581302]
       - orientation : [0.707107 , 0.707107 , 1.08242e-07 , -7.99629e-08]
  RingCirclePositionError : 0
  position_error : 0.143063
  orientation_error : 1.5708
  found_in_gazebo : 1

 ErrorResults 
  stamp : 2025-11-28T21:55:27Z
  target_type : sphere
  model_name : sphere
  pose : 
       - position : [-0.29945 , 3.86892 , 0.581302]
       - orientation : [0.707107 , 0.707107 , 1.08242e-07 , -7.99629e-08]
  RingCirclePositionError : 0
  position_error : 0.142973
  orientation_error : 1.5708
  found_in_gazebo : 1

 ErrorResults 
  stamp : 2025-11-28T21:55:27Z
  target_type : sphere
  model_name : sphere
  pose : 
       - position : [-0.298783 , 3.86931 , 0.581446]
       - orientation : [0.707107 , 0.707107 , -9.01006e-12 , 8.59036e-12]
  RingCirclePositionError : 0
  position_error : 0.142477
  orientation_error : 1.5708
  found_in_gazebo : 1

 ErrorResults 
  stamp : 2025-11-28T21:55:28Z
  target_type : sphere
  model_name : sphere
  pose : 
       - position : [-0.298783 , 3.86931 , 0.581446]
       - orientation : [0.707107 , 0.707107 , -9.01006e-12 , 8.59036e-12]
  RingCirclePositionError : 0
  position_error : 0.142388
  orientation_error : 1.5708
  found_in_gazebo : 1

 ErrorResults 
  stamp : 2025-11-28T21:55:28Z
  target_type : sphere
  model_name : sphere
  pose : 
       - position : [-0.299322 , 3.86815 , 0.580185]
       - orientation : [0.707107 , 0.707107 , 3.06603e-11 , -2.58815e-11]
  RingCirclePositionError : 0
  position_error : 0.143872
  orientation_error : 1.5708
  found_in_gazebo : 1

 ErrorResults 
  stamp : 2025-11-28T21:55:28Z
  target_type : sphere
  model_name : sphere
  pose : 
       - position : [-0.299322 , 3.86815 , 0.580185]
       - orientation : [0.707107 , 0.707107 , 3.06603e-11 , -2.58815e-11]
  RingCirclePositionError : 0
  position_error : 0.143774
  orientation_error : 1.5708
  found_in_gazebo : 1

 ErrorResults 
  stamp : 2025-11-28T21:55:28Z
  target_type : sphere
  model_name : sphere
  pose : 
       - position : [-0.299322 , 3.86815 , 0.580185]
       - orientation : [0.707107 , 0.707107 , 3.06603e-11 , -2.58815e-11]
  RingCirclePositionError : 0
  position_error : 0.143692
  orientation_error : 1.5708
  found_in_gazebo : 1

 ErrorResults 
  stamp : 2025-11-28T21:55:28Z
  target_type : sphere
  model_name : sphere
  pose : 
       - position : [-0.299061 , 3.87132 , 0.580467]
       - orientation : [0.707107 , 0.707107 , -1.08347e-07 , 8.00906e-08]
  RingCirclePositionError : 0
  position_error : 0.140587
  orientation_error : 1.5708
  found_in_gazebo : 1

 ErrorResults 
  stamp : 2025-11-28T21:55:28Z
  target_type : sphere
  model_name : sphere
  pose : 
       - position : [-0.299351 , 3.87085 , 0.579957]
       - orientation : [0.707107 , 0.707107 , -1.08463e-07 , 8.01953e-08]
  RingCirclePositionError : 0
  position_error : 0.14114
  orientation_error : 1.5708
  found_in_gazebo : 1

 ErrorResults 
  stamp : 2025-11-28T21:55:28Z
  target_type : sphere
  model_name : sphere
  pose : 
       - position : [-0.299217 , 3.87151 , 0.580008]
       - orientation : [0.707107 , 0.707107 , -5.26653e-08 , 3.87756e-08]
  RingCirclePositionError : 0
  position_error : 0.140428
  orientation_error : 1.5708
  found_in_gazebo : 1

 ErrorResults 
  stamp : 2025-11-28T21:55:28Z
  target_type : sphere
  model_name : sphere
  pose : 
       - position : [-0.299579 , 3.871 , 0.57929]
       - orientation : [0.707107 , 0.707107 , -1.08613e-07 , 8.03352e-08]
  RingCirclePositionError : 0
  position_error : 0.14109
  orientation_error : 1.5708
  found_in_gazebo : 1

 ErrorResults 
  stamp : 2025-11-28T21:55:28Z
  target_type : sphere
  model_name : sphere
  pose : 
       - position : [-0.299579 , 3.871 , 0.57929]
       - orientation : [0.707107 , 0.707107 , -1.08613e-07 , 8.03352e-08]
  RingCirclePositionError : 0
  position_error : 0.141034
  orientation_error : 1.5708
  found_in_gazebo : 1

 ErrorResults 
  stamp : 2025-11-28T21:55:28Z
  target_type : sphere
  model_name : sphere
  pose : 
       - position : [-0.299724 , 3.87131 , 0.579242]
       - orientation : [0.707107 , 0.707107 , 2.51833e-11 , -2.88247e-11]
  RingCirclePositionError : 0
  position_error : 0.140681
  orientation_error : 1.5708
  found_in_gazebo : 1

 ErrorResults 
  stamp : 2025-11-28T21:55:28Z
  target_type : sphere
  model_name : sphere
  pose : 
       - position : [-0.299724 , 3.87131 , 0.579242]
       - orientation : [0.707107 , 0.707107 , 2.51833e-11 , -2.88247e-11]
  RingCirclePositionError : 0
  position_error : 0.140594
  orientation_error : 1.5708
  found_in_gazebo : 1

 ErrorResults 
  stamp : 2025-11-28T21:55:28Z
  target_type : sphere
  model_name : sphere
  pose : 
       - position : [-0.299127 , 3.87135 , 0.579138]
       - orientation : [0.707107 , 0.707107 , -1.87732e-11 , 1.56545e-11]
  RingCirclePositionError : 0
  position_error : 0.140547
  orientation_error : 1.5708
  found_in_gazebo : 1

 ErrorResults 
  stamp : 2025-11-28T21:55:28Z
  target_type : sphere
  model_name : sphere
  pose : 
       - position : [-0.298514 , 3.87045 , 0.579195]
       - orientation : [0.707107 , 0.707107 , -1.18998e-11 , 1.48239e-11]
  RingCirclePositionError : 0
  position_error : 0.141271
  orientation_error : 1.5708
  found_in_gazebo : 1

 ErrorResults 
  stamp : 2025-11-28T21:55:28Z
  target_type : sphere
  model_name : sphere
  pose : 
       - position : [-0.29817 , 3.87127 , 0.579267]
       - orientation : [0.707107 , 0.707107 , -1.08217e-07 , 8.00452e-08]
  RingCirclePositionError : 0
  position_error : 0.140397
  orientation_error : 1.5708
  found_in_gazebo : 1

 ErrorResults 
  stamp : 2025-11-28T21:55:28Z
  target_type : sphere
  model_name : sphere
  pose : 
       - position : [-0.298884 , 3.86996 , 0.578312]
       - orientation : [0.707107 , 0.707107 , -7.80463e-12 , 8.27062e-12]
  RingCirclePositionError : 0
  position_error : 0.141883
  orientation_error : 1.5708
  found_in_gazebo : 1

 ErrorResults 
  stamp : 2025-11-28T21:55:28Z
  target_type : sphere
  model_name : sphere
  pose : 
       - position : [-0.298908 , 3.86999 , 0.578307]
       - orientation : [0.707107 , 0.707107 , 4.92811e-11 , -4.13481e-11]
  RingCirclePositionError : 0
  position_error : 0.141772
  orientation_error : 1.5708
  found_in_gazebo : 1

 ErrorResults 
  stamp : 2025-11-28T21:55:28Z
  target_type : sphere
  model_name : sphere
  pose : 
       - position : [-0.299042 , 3.86962 , 0.578081]
       - orientation : [0.707107 , 0.707107 , 5.25777e-08 , -3.87216e-08]
  RingCirclePositionError : 0
  position_error : 0.142126
  orientation_error : 1.5708
  found_in_gazebo : 1

 ErrorResults 
  stamp : 2025-11-28T21:55:28Z
  target_type : sphere
  model_name : sphere
  pose : 
       - position : [-0.29904 , 3.87122 , 0.57813]
       - orientation : [0.707107 , 0.707107 , 1.08597e-07 , -8.03741e-08]
  RingCirclePositionError : 0
  position_error : 0.140541
  orientation_error : 1.5708
  found_in_gazebo : 1

 ErrorResults 
  stamp : 2025-11-28T21:55:28Z
  target_type : sphere
  model_name : sphere
  pose : 
       - position : [-0.299039 , 3.87186 , 0.578149]
       - orientation : [0.707107 , 0.707107 , -5.26491e-08 , 3.87852e-08]
  RingCirclePositionError : 0
  position_error : 0.139856
  orientation_error : 1.5708
  found_in_gazebo : 1

 ErrorResults 
  stamp : 2025-11-28T21:55:28Z
  target_type : sphere
  model_name : sphere
  pose : 
       - position : [-0.29979 , 3.86874 , 0.576663]
       - orientation : [0.707107 , 0.707107 , 2.07698e-11 , -2.10688e-11]
  RingCirclePositionError : 0
  position_error : 0.143221
  orientation_error : 1.5708
  found_in_gazebo : 1

 ErrorResults 
  stamp : 2025-11-28T21:55:28Z
  target_type : sphere
  model_name : sphere
  pose : 
       - position : [-0.299046 , 3.87196 , 0.577188]
       - orientation : [0.707107 , 0.707107 , -1.08741e-07 , 8.05258e-08]
  RingCirclePositionError : 0
  position_error : 0.139993
  orientation_error : 1.5708
  found_in_gazebo : 1

 ErrorResults 
  stamp : 2025-11-28T21:55:28Z
  target_type : sphere
  model_name : sphere
  pose : 
       - position : [-0.299012 , 3.87128 , 0.576836]
       - orientation : [0.707107 , 0.707107 , 1.08736e-07 , -8.05327e-08]
  RingCirclePositionError : 0
  position_error : 0.140656
  orientation_error : 1.5708
  found_in_gazebo : 1

 ErrorResults 
  stamp : 2025-11-28T21:55:28Z
  target_type : sphere
  model_name : sphere
  pose : 
       - position : [-0.299313 , 3.87121 , 0.576504]
       - orientation : [0.707107 , 0.707107 , -5.2824e-08 , 3.89523e-08]
  RingCirclePositionError : 0
  position_error : 0.140777
  orientation_error : 1.5708
  found_in_gazebo : 1

 ErrorResults 
  stamp : 2025-11-28T21:55:28Z
  target_type : sphere
  model_name : sphere
  pose : 
       - position : [-0.299363 , 3.86993 , 0.575983]
       - orientation : [0.707107 , 0.707107 , -2.31239e-11 , 2.01128e-11]
  RingCirclePositionError : 0
  position_error : 0.142051
  orientation_error : 1.5708
  found_in_gazebo : 1

 ErrorResults 
  stamp : 2025-11-28T21:55:28Z
  target_type : sphere
  model_name : sphere
  pose : 
       - position : [-0.299114 , 3.87045 , 0.576173]
       - orientation : [0.707107 , 0.707107 , -5.27689e-08 , 3.89088e-08]
  RingCirclePositionError : 0
  position_error : 0.141411
  orientation_error : 1.5708
  found_in_gazebo : 1

 ErrorResults 
  stamp : 2025-11-28T21:55:28Z
  target_type : sphere
  model_name : sphere
  pose : 
       - position : [-0.298804 , 3.87014 , 0.576279]
       - orientation : [0.707107 , 0.707107 , -1.08676e-07 , 8.05048e-08]
  RingCirclePositionError : 0
  position_error : 0.141552
  orientation_error : 1.5708
  found_in_gazebo : 1

 ErrorResults 
  stamp : 2025-11-28T21:55:28Z
  target_type : sphere
  model_name : sphere
  pose : 
       - position : [-0.298517 , 3.86824 , 0.575795]
       - orientation : [0.707107 , 0.707107 , 5.25954e-08 , -3.87796e-08]
  RingCirclePositionError : 0
  position_error : 0.143419
  orientation_error : 1.5708
  found_in_gazebo : 1

 ErrorResults 
  stamp : 2025-11-28T21:55:28Z
  target_type : sphere
  model_name : sphere
  pose : 
       - position : [-0.298579 , 3.86809 , 0.575695]
       - orientation : [0.707107 , 0.707107 , -3.71816e-11 , 2.60846e-11]
  RingCirclePositionError : 0
  position_error : 0.143508
  orientation_error : 1.5708
  found_in_gazebo : 1

 ErrorResults 
  stamp : 2025-11-28T21:55:28Z
  target_type : sphere
  model_name : sphere
  pose : 
       - position : [-0.298751 , 3.87049 , 0.57551]
       - orientation : [0.707107 , 0.707107 , -8.56989e-12 , 8.89274e-12]
  RingCirclePositionError : 0
  position_error : 0.141287
  orientation_error : 1.5708
  found_in_gazebo : 1

 ErrorResults 
  stamp : 2025-11-28T21:55:28Z
  target_type : sphere
  model_name : sphere
  pose : 
       - position : [-0.298946 , 3.87011 , 0.575202]
       - orientation : [0.707107 , 0.707107 , 5.27326e-08 , -3.88966e-08]
  RingCirclePositionError : 0
  position_error : 0.141668
  orientation_error : 1.5708
  found_in_gazebo : 1

 ErrorResults 
  stamp : 2025-11-28T21:55:28Z
  target_type : sphere
  model_name : sphere
  pose : 
       - position : [-0.299341 , 3.86921 , 0.574524]
       - orientation : [0.707107 , 0.707107 , 2.25112e-11 , -2.54947e-11]
  RingCirclePositionError : 0
  position_error : 0.142663
  orientation_error : 1.5708
  found_in_gazebo : 1

 ErrorResults 
  stamp : 2025-11-28T21:55:28Z
  target_type : sphere
  model_name : sphere
  pose : 
       - position : [-0.299441 , 3.87013 , 0.574359]
       - orientation : [0.707107 , 0.707107 , 1.09077e-07 , -8.08842e-08]
  RingCirclePositionError : 0
  position_error : 0.141814
  orientation_error : 1.5708
  found_in_gazebo : 1

 ErrorResults 
  stamp : 2025-11-28T21:55:28Z
  target_type : sphere
  model_name : sphere
  pose : 
       - position : [-0.298783 , 3.86931 , 0.574462]
       - orientation : [0.707107 , 0.707107 , -1.80373e-11 , 2.33388e-11]
  RingCirclePositionError : 0
  position_error : 0.142445
  orientation_error : 1.5708
  found_in_gazebo : 1

 ErrorResults 
  stamp : 2025-11-28T21:55:28Z
  target_type : sphere
  model_name : sphere
  pose : 
       - position : [-0.298767 , 3.8704 , 0.5745]
       - orientation : [0.707107 , 0.707107 , 3.61833e-12 , 1.25261e-12]
  RingCirclePositionError : 0
  position_error : 0.141343
  orientation_error : 1.5708
  found_in_gazebo : 1

 ErrorResults 
  stamp : 2025-11-28T21:55:28Z
  target_type : sphere
  model_name : sphere
  pose : 
       - position : [-0.29905 , 3.86933 , 0.573837]
       - orientation : [0.707107 , 0.707107 , 8.38164e-12 , -3.68377e-12]
  RingCirclePositionError : 0
  position_error : 0.142495
  orientation_error : 1.5708
  found_in_gazebo : 1

 ErrorResults 
  stamp : 2025-11-28T21:55:28Z
  target_type : sphere
  model_name : sphere
  pose : 
       - position : [-0.299322 , 3.86815 , 0.573202]
       - orientation : [0.707107 , 0.707107 , 4.10895e-11 , -4.39263e-11]
  RingCirclePositionError : 0
  position_error : 0.143749
  orientation_error : 1.5708
  found_in_gazebo : 1

 ErrorResults 
  stamp : 2025-11-28T21:55:28Z
  target_type : sphere
  model_name : sphere
  pose : 
       - position : [-0.299285 , 3.86967 , 0.573287]
       - orientation : [0.707107 , 0.707107 , 1.09127e-07 , -8.0964e-08]
  RingCirclePositionError : 0
  position_error : 0.142232
  orientation_error : 1.5708
  found_in_gazebo : 1

 ErrorResults 
  stamp : 2025-11-28T21:55:28Z
  target_type : sphere
  model_name : sphere
  pose : 
       - position : [-0.299061 , 3.87132 , 0.573479]
       - orientation : [0.707107 , 0.707107 , -1.09126e-07 , 8.09653e-08]
  RingCirclePositionError : 0
  position_error : 0.140559
  orientation_error : 1.5708
  found_in_gazebo : 1

 ErrorResults 
  stamp : 2025-11-28T21:55:28Z
  target_type : sphere
  model_name : sphere
  pose : 
       - position : [-0.299143 , 3.87119 , 0.573334]
       - orientation : [0.707107 , 0.707107 , -3.1651e-11 , 2.1958e-11]
  RingCirclePositionError : 0
  position_error : 0.140647
  orientation_error : 1.5708
  found_in_gazebo : 1

 ErrorResults 
  stamp : 2025-11-28T21:55:28Z
  target_type : sphere
  model_name : sphere
  pose : 
       - position : [-0.299217 , 3.87151 , 0.57302]
       - orientation : [0.707107 , 0.707107 , -5.30173e-08 , 3.91689e-08]
  RingCirclePositionError : 0
  position_error : 0.140389
  orientation_error : 1.5708
  found_in_gazebo : 1

 ErrorResults 
  stamp : 2025-11-28T21:55:28Z
  target_type : sphere
  model_name : sphere
  pose : 
       - position : [-0.299579 , 3.871 , 0.572302]
       - orientation : [0.707107 , 0.707107 , -1.09393e-07 , 8.12118e-08]
  RingCirclePositionError : 0
  position_error : 0.141054
  orientation_error : 1.5708
  found_in_gazebo : 1

 ErrorResults 
  stamp : 2025-11-28T21:55:28Z
  target_type : sphere
  model_name : sphere
  pose : 
       - position : [-0.299579 , 3.871 , 0.572302]
       - orientation : [0.707107 , 0.707107 , -1.09393e-07 , 8.12118e-08]
  RingCirclePositionError : 0
  position_error : 0.140955
  orientation_error : 1.5708
  found_in_gazebo : 1

 ErrorResults 
  stamp : 2025-11-28T21:55:28Z
  target_type : sphere
  model_name : sphere
  pose : 
       - position : [-0.299724 , 3.87131 , 0.572254]
       - orientation : [0.707107 , 0.707107 , 1.58897e-11 , -1.38387e-11]
  RingCirclePositionError : 0
  position_error : 0.140618
  orientation_error : 1.5708
  found_in_gazebo : 1

 ErrorResults 
  stamp : 2025-11-28T21:55:28Z
  target_type : sphere
  model_name : sphere
  pose : 
       - position : [-0.299261 , 3.87261 , 0.572502]
       - orientation : [0.707107 , 0.707107 , -1.09362e-07 , 8.11903e-08]
  RingCirclePositionError : 0
  position_error : 0.139234
  orientation_error : 1.5708
  found_in_gazebo : 1

 ErrorResults 
  stamp : 2025-11-28T21:55:28Z
  target_type : sphere
  model_name : sphere
  pose : 
       - position : [-0.299127 , 3.87135 , 0.57215]
       - orientation : [0.707107 , 0.707107 , -2.78781e-11 , 3.05081e-11]
  RingCirclePositionError : 0
  position_error : 0.140445
  orientation_error : 1.5708
  found_in_gazebo : 1

 ErrorResults 
  stamp : 2025-11-28T21:55:29Z
  target_type : sphere
  model_name : sphere
  pose : 
       - position : [-0.298527 , 3.87186 , 0.572247]
       - orientation : [0.707107 , 0.707107 , -4.41314e-11 , 4.57962e-11]
  RingCirclePositionError : 0
  position_error : 0.139856
  orientation_error : 1.5708
  found_in_gazebo : 1

 ErrorResults 
  stamp : 2025-11-28T21:55:29Z
  target_type : sphere
  model_name : sphere
  pose : 
       - position : [-0.298614 , 3.8711 , 0.571916]
       - orientation : [0.707107 , 0.707107 , -5.29367e-08 , 3.91269e-08]
  RingCirclePositionError : 0
  position_error : 0.140589
  orientation_error : 1.5708
  found_in_gazebo : 1

 ErrorResults 
  stamp : 2025-11-28T21:55:29Z
  target_type : sphere
  model_name : sphere
  pose : 
       - position : [-0.299163 , 3.8703 , 0.571259]
       - orientation : [0.707107 , 0.707107 , -1.09351e-07 , 8.12206e-08]
  RingCirclePositionError : 0
  position_error : 0.141487
  orientation_error : 1.5708
  found_in_gazebo : 1

 ErrorResults 
  stamp : 2025-11-28T21:55:29Z
  target_type : sphere
  model_name : sphere
  pose : 
       - position : [-0.298794 , 3.87136 , 0.571402]
       - orientation : [0.707107 , 0.707107 , 5.49085e-12 , -5.41347e-12]
  RingCirclePositionError : 0
  position_error : 0.140373
  orientation_error : 1.5708
  found_in_gazebo : 1

 ErrorResults 
  stamp : 2025-11-28T21:55:29Z
  target_type : sphere
  model_name : sphere
  pose : 
       - position : [-0.299039 , 3.87186 , 0.57116]
       - orientation : [0.707107 , 0.707107 , -5.30013e-08 , 3.91792e-08]
  RingCirclePositionError : 0
  position_error : 0.139928
  orientation_error : 1.5708
  found_in_gazebo : 1

 ErrorResults 
  stamp : 2025-11-28T21:55:29Z
  target_type : sphere
  model_name : sphere
  pose : 
       - position : [-0.299039 , 3.87186 , 0.57116]
       - orientation : [0.707107 , 0.707107 , -5.30013e-08 , 3.91792e-08]
  RingCirclePositionError : 0
  position_error : 0.139833
  orientation_error : 1.5708
  found_in_gazebo : 1

 ErrorResults 
  stamp : 2025-11-28T21:55:29Z
  target_type : sphere
  model_name : sphere
  pose : 
       - position : [-0.299039 , 3.87186 , 0.57116]
       - orientation : [0.707107 , 0.707107 , -5.30013e-08 , 3.91792e-08]
  RingCirclePositionError : 0
  position_error : 0.139755
  orientation_error : 1.5708
  found_in_gazebo : 1

 ErrorResults 
  stamp : 2025-11-28T21:55:29Z
  target_type : sphere
  model_name : sphere
  pose : 
       - position : [-0.299046 , 3.87196 , 0.570199]
       - orientation : [0.707107 , 0.707107 , -1.09522e-07 , 8.14041e-08]
  RingCirclePositionError : 0
  position_error : 0.139962
  orientation_error : 1.5708
  found_in_gazebo : 1

 ErrorResults 
  stamp : 2025-11-28T21:55:29Z
  target_type : sphere
  model_name : sphere
  pose : 
       - position : [-0.299388 , 3.8728 , 0.570058]
       - orientation : [0.707107 , 0.707107 , -5.47474e-11 , 5.38614e-11]
  RingCirclePositionError : 0
  position_error : 0.139155
  orientation_error : 1.5708
  found_in_gazebo : 1

 ErrorResults 
  stamp : 2025-11-28T21:55:29Z
  target_type : sphere
  model_name : sphere
  pose : 
       - position : [-0.29945 , 3.87234 , 0.569831]
       - orientation : [0.707107 , 0.707107 , 3.36493e-11 , -3.31273e-11]
  RingCirclePositionError : 0
  position_error : 0.139582
  orientation_error : 1.5708
  found_in_gazebo : 1

 ErrorResults 
  stamp : 2025-11-28T21:55:29Z
  target_type : sphere
  model_name : sphere
  pose : 
       - position : [-0.299363 , 3.86993 , 0.568998]
       - orientation : [0.707107 , 0.707107 , -3.20543e-11 , 3.48175e-11]
  RingCirclePositionError : 0
  position_error : 0.142011
  orientation_error : 1.5708
  found_in_gazebo : 1

 ErrorResults 
  stamp : 2025-11-28T21:55:29Z
  target_type : sphere
  model_name : sphere
  pose : 
       - position : [-0.299267 , 3.87047 , 0.569085]
       - orientation : [0.707107 , 0.707107 , 1.09634e-07 , -8.15257e-08]
  RingCirclePositionError : 0
  position_error : 0.141395
  orientation_error : 1.5708
  found_in_gazebo : 1

 ErrorResults 
  stamp : 2025-11-28T21:55:29Z
  target_type : sphere
  model_name : sphere
  pose : 
       - position : [-0.299451 , 3.87049 , 0.568963]
       - orientation : [0.707107 , 0.707107 , -1.09702e-07 , 8.15819e-08]
  RingCirclePositionError : 0
  position_error : 0.141336
  orientation_error : 1.5708
  found_in_gazebo : 1

 ErrorResults 
  stamp : 2025-11-28T21:55:29Z
  target_type : sphere
  model_name : sphere
  pose : 
       - position : [-0.29908 , 3.86913 , 0.568737]
       - orientation : [0.707107 , 0.707107 , 1.09547e-07 , -8.14676e-08]
  RingCirclePositionError : 0
  position_error : 0.142577
  orientation_error : 1.5708
  found_in_gazebo : 1

 ErrorResults 
  stamp : 2025-11-28T21:55:29Z
  target_type : sphere
  model_name : sphere
  pose : 
       - position : [-0.298516 , 3.87093 , 0.568893]
       - orientation : [0.707107 , 0.707107 , -1.09458e-07 , 8.14059e-08]
  RingCirclePositionError : 0
  position_error : 0.140776
  orientation_error : 1.5708
  found_in_gazebo : 1

 ErrorResults 
  stamp : 2025-11-28T21:55:29Z
  target_type : sphere
  model_name : sphere
  pose : 
       - position : [-0.298751 , 3.87049 , 0.568523]
       - orientation : [0.707107 , 0.707107 , 1.52975e-12 , -8.85273e-12]
  RingCirclePositionError : 0
  position_error : 0.141248
  orientation_error : 1.5708
  found_in_gazebo : 1

 ErrorResults 
  stamp : 2025-11-28T21:55:29Z
  target_type : sphere
  model_name : sphere
  pose : 
       - position : [-0.298946 , 3.87011 , 0.568216]
       - orientation : [0.707107 , 0.707107 , 5.31051e-08 , -3.9327e-08]
  RingCirclePositionError : 0
  position_error : 0.141621
  orientation_error : 1.5708
  found_in_gazebo : 1

 ErrorResults 
  stamp : 2025-11-28T21:55:29Z
  target_type : sphere
  model_name : sphere
  pose : 
       - position : [-0.298953 , 3.87188 , 0.568257]
       - orientation : [0.707107 , 0.707107 , -5.31983e-08 , 3.94058e-08]
  RingCirclePositionError : 0
  position_error : 0.139902
  orientation_error : 1.5708
  found_in_gazebo : 1

 ErrorResults 
  stamp : 2025-11-28T21:55:29Z
  target_type : sphere
  model_name : sphere
  pose : 
       - position : [-0.299441 , 3.87013 , 0.567373]
       - orientation : [0.707107 , 0.707107 , 1.09859e-07 , -8.17647e-08]
  RingCirclePositionError : 0
  position_error : 0.14177
  orientation_error : 1.5708
  found_in_gazebo : 1

 ErrorResults 
  stamp : 2025-11-28T21:55:29Z
  target_type : sphere
  model_name : sphere
  pose : 
       - position : [-0.299441 , 3.87013 , 0.567373]
       - orientation : [0.707107 , 0.707107 , 1.09859e-07 , -8.17647e-08]
  RingCirclePositionError : 0
  position_error : 0.141668
  orientation_error : 1.5708
  found_in_gazebo : 1

 ErrorResults 
  stamp : 2025-11-28T21:55:29Z
  target_type : sphere
  model_name : sphere
  pose : 
       - position : [-0.298767 , 3.8704 , 0.567513]
       - orientation : [0.707107 , 0.707107 , 1.38342e-11 , -1.66015e-11]
  RingCirclePositionError : 0
  position_error : 0.141296
  orientation_error : 1.5708
  found_in_gazebo : 1

 ErrorResults 
  stamp : 2025-11-28T21:55:29Z
  target_type : sphere
  model_name : sphere
  pose : 
       - position : [-0.298767 , 3.8704 , 0.567513]
       - orientation : [0.707107 , 0.707107 , 1.38342e-11 , -1.66015e-11]
  RingCirclePositionError : 0
  position_error : 0.141194
  orientation_error : 1.5708
  found_in_gazebo : 1

 ErrorResults 
  stamp : 2025-11-28T21:55:29Z
  target_type : sphere
  model_name : sphere
  pose : 
       - position : [-0.299285 , 3.86967 , 0.566302]
       - orientation : [0.707107 , 0.707107 , 1.09908e-07 , -8.18449e-08]
  RingCirclePositionError : 0
  position_error : 0.14225
  orientation_error : 1.5708
  found_in_gazebo : 1

 ErrorResults 
  stamp : 2025-11-28T21:55:29Z
  target_type : sphere
  model_name : sphere
  pose : 
       - position : [-0.29924 , 3.87158 , 0.566405]
       - orientation : [0.707107 , 0.707107 , -3.26708e-11 , 3.05947e-11]
  RingCirclePositionError : 0
  position_error : 0.140373
  orientation_error : 1.5708
  found_in_gazebo : 1

 ErrorResults 
  stamp : 2025-11-28T21:55:29Z
  target_type : sphere
  model_name : sphere
  pose : 
       - position : [-0.29924 , 3.87158 , 0.566405]
       - orientation : [0.707107 , 0.707107 , -3.26708e-11 , 3.05947e-11]
  RingCirclePositionError : 0
  position_error : 0.140293
  orientation_error : 1.5708
  found_in_gazebo : 1

 ErrorResults 
  stamp : 2025-11-28T21:55:29Z
  target_type : sphere
  model_name : sphere
  pose : 
       - position : [-0.299048 , 3.8721 , 0.56653]
       - orientation : [0.707107 , 0.707107 , -1.09941e-07 , 8.18749e-08]
  RingCirclePositionError : 0
  position_error : 0.13967
  orientation_error : 1.5708
  found_in_gazebo : 1

 ErrorResults 
  stamp : 2025-11-28T21:55:29Z
  target_type : sphere
  model_name : sphere
  pose : 
       - position : [-0.299345 , 3.87184 , 0.566014]
       - orientation : [0.707107 , 0.707107 , 1.10074e-07 , -8.19943e-08]
  RingCirclePositionError : 0
  position_error : 0.140026
  orientation_error : 1.5708
  found_in_gazebo : 1

 ErrorResults 
  stamp : 2025-11-28T21:55:29Z
  target_type : sphere
  model_name : sphere
  pose : 
       - position : [-0.299579 , 3.871 , 0.565315]
       - orientation : [0.707107 , 0.707107 , -1.10176e-07 , 8.20951e-08]
  RingCirclePositionError : 0
  position_error : 0.140991
  orientation_error : 1.5708
  found_in_gazebo : 1

 ErrorResults 
  stamp : 2025-11-28T21:55:29Z
  target_type : sphere
  model_name : sphere
  pose : 
       - position : [-0.299724 , 3.87131 , 0.565266]
       - orientation : [0.707107 , 0.707107 , 7.23668e-12 , 6.02529e-13]
  RingCirclePositionError : 0
  position_error : 0.140638
  orientation_error : 1.5708
  found_in_gazebo : 1

 ErrorResults 
  stamp : 2025-11-28T21:55:29Z
  target_type : sphere
  model_name : sphere
  pose : 
       - position : [-0.299261 , 3.87261 , 0.565512]
       - orientation : [0.707107 , 0.707107 , -1.10145e-07 , 8.20739e-08]
  RingCirclePositionError : 0
  position_error : 0.139263
  orientation_error : 1.5708
  found_in_gazebo : 1

 ErrorResults 
  stamp : 2025-11-28T21:55:29Z
  target_type : sphere
  model_name : sphere
  pose : 
       - position : [-0.299261 , 3.87261 , 0.565512]
       - orientation : [0.707107 , 0.707107 , -1.10145e-07 , 8.20739e-08]
  RingCirclePositionError : 0
  position_error : 0.139188
  orientation_error : 1.5708
  found_in_gazebo : 1

 ErrorResults 
  stamp : 2025-11-28T21:55:29Z
  target_type : sphere
  model_name : sphere
  pose : 
       - position : [-0.298768 , 3.87375 , 0.565763]
       - orientation : [0.707107 , 0.707107 , -1.10032e-07 , 8.19858e-08]
  RingCirclePositionError : 0
  position_error : 0.137986
  orientation_error : 1.5708
  found_in_gazebo : 1

 ErrorResults 
  stamp : 2025-11-28T21:55:29Z
  target_type : sphere
  model_name : sphere
  pose : 
       - position : [-0.299268 , 3.87309 , 0.565188]
       - orientation : [0.707107 , 0.707107 , 5.33931e-08 , -3.9611e-08]
  RingCirclePositionError : 0
  position_error : 0.138731
  orientation_error : 1.5708
  found_in_gazebo : 1

 ErrorResults 
  stamp : 2025-11-28T21:55:29Z
  target_type : sphere
  model_name : sphere
  pose : 
       - position : [-0.298527 , 3.87186 , 0.565258]
       - orientation : [0.707107 , 0.707107 , -3.39917e-11 , 2.80252e-11]
  RingCirclePositionError : 0
  position_error : 0.139743
  orientation_error : 1.5708
  found_in_gazebo : 1

 ErrorResults 
  stamp : 2025-11-28T21:55:29Z
  target_type : sphere
  model_name : sphere
  pose : 
       - position : [-0.29884 , 3.87234 , 0.5648]
       - orientation : [0.707107 , 0.707107 , -5.34052e-08 , 3.96346e-08]
  RingCirclePositionError : 0
  position_error : 0.13939
  orientation_error : 1.5708
  found_in_gazebo : 1

 ErrorResults 
  stamp : 2025-11-28T21:55:29Z
  target_type : sphere
  model_name : sphere
  pose : 
       - position : [-0.298794 , 3.87136 , 0.564414]
       - orientation : [0.707107 , 0.707107 , -3.11753e-12 , 8.97483e-12]
  RingCirclePositionError : 0
  position_error : 0.14035
  orientation_error : 1.5708
  found_in_gazebo : 1

 ErrorResults 
  stamp : 2025-11-28T21:55:29Z
  target_type : sphere
  model_name : sphere
  pose : 
       - position : [-0.298988 , 3.87203 , 0.564258]
       - orientation : [0.707107 , 0.707107 , 5.33708e-08 , -3.96101e-08]
  RingCirclePositionError : 0
  position_error : 0.139716
  orientation_error : 1.5708
  found_in_gazebo : 1

 ErrorResults 
  stamp : 2025-11-28T21:55:29Z
  target_type : sphere
  model_name : sphere
  pose : 
       - position : [-0.299039 , 3.87186 , 0.564171]
       - orientation : [0.707107 , 0.707107 , -5.33734e-08 , 3.96089e-08]
  RingCirclePositionError : 0
  position_error : 0.13981
  orientation_error : 1.5708
  found_in_gazebo : 1

 ErrorResults 
  stamp : 2025-11-28T21:55:29Z
  target_type : sphere
  model_name : sphere
  pose : 
       - position : [-0.29921 , 3.8737 , 0.563943]
       - orientation : [0.707107 , 0.707107 , 1.10365e-07 , -8.23127e-08]
  RingCirclePositionError : 0
  position_error : 0.138138
  orientation_error : 1.5708
  found_in_gazebo : 1

 ErrorResults 
  stamp : 2025-11-28T21:55:29Z
  target_type : sphere
  model_name : sphere
  pose : 
       - position : [-0.299352 , 3.87384 , 0.563717]
       - orientation : [0.707107 , 0.707107 , 5.3532e-08 , -3.97433e-08]
  RingCirclePositionError : 0
  position_error : 0.138048
  orientation_error : 1.5708
  found_in_gazebo : 1

 ErrorResults 
  stamp : 2025-11-28T21:55:29Z
  target_type : sphere
  model_name : sphere
  pose : 
       - position : [-0.299181 , 3.87235 , 0.563156]
       - orientation : [0.707107 , 0.707107 , 2.10627e-11 , -1.48935e-11]
  RingCirclePositionError : 0
  position_error : 0.139552
  orientation_error : 1.5708
  found_in_gazebo : 1

 ErrorResults 
  stamp : 2025-11-28T21:55:29Z
  target_type : sphere
  model_name : sphere
  pose : 
       - position : [-0.299388 , 3.8728 , 0.563067]
       - orientation : [0.707107 , 0.707107 , -4.47505e-11 , 3.61916e-11]
  RingCirclePositionError : 0
  position_error : 0.139073
  orientation_error : 1.5708
  found_in_gazebo : 1

 ErrorResults 
  stamp : 2025-11-28T21:55:29Z
  target_type : sphere
  model_name : sphere
  pose : 
       - position : [-0.299465 , 3.87246 , 0.562875]
       - orientation : [0.707107 , 0.707107 , -3.94354e-11 , 3.53913e-11]
  RingCirclePositionError : 0
  position_error : 0.139389
  orientation_error : 1.5708
  found_in_gazebo : 1

 ErrorResults 
  stamp : 2025-11-28T21:55:29Z
  target_type : sphere
  model_name : sphere
  pose : 
       - position : [-0.299432 , 3.87189 , 0.56249]
       - orientation : [0.707107 , 0.707107 , 1.10497e-07 , -8.24634e-08]
  RingCirclePositionError : 0
  position_error : 0.139972
  orientation_error : 1.5708
  found_in_gazebo : 1

 ErrorResults 
  stamp : 2025-11-28T21:55:29Z
  target_type : sphere
  model_name : sphere
  pose : 
       - position : [-0.299412 , 3.87048 , 0.562003]
       - orientation : [0.707107 , 0.707107 , 1.10471e-07 , -8.24559e-08]
  RingCirclePositionError : 0
  position_error : 0.14136
  orientation_error : 1.5708
  found_in_gazebo : 1

 ErrorResults 
  stamp : 2025-11-28T21:55:30Z
  target_type : sphere
  model_name : sphere
  pose : 
       - position : [-0.299451 , 3.87049 , 0.561976]
       - orientation : [0.707107 , 0.707107 , -1.10485e-07 , 8.24677e-08]
  RingCirclePositionError : 0
  position_error : 0.141293
  orientation_error : 1.5708
  found_in_gazebo : 1

 ErrorResults 
  stamp : 2025-11-28T21:55:30Z
  target_type : sphere
  model_name : sphere
  pose : 
       - position : [-0.298804 , 3.87014 , 0.562307]
       - orientation : [0.707107 , 0.707107 , -1.10238e-07 , 8.22663e-08]
  RingCirclePositionError : 0
  position_error : 0.14143
  orientation_error : 1.5708
  found_in_gazebo : 1

 ErrorResults 
  stamp : 2025-11-28T21:55:30Z
  target_type : sphere
  model_name : sphere
  pose : 
       - position : [-0.299055 , 3.87195 , 0.561836]
       - orientation : [0.707107 , 0.707107 , -8.70895e-14 , -1.77169e-12]
  RingCirclePositionError : 0
  position_error : 0.13986
  orientation_error : 1.5708
  found_in_gazebo : 1

 ErrorResults 
  stamp : 2025-11-28T21:55:30Z
  target_type : sphere
  model_name : sphere
  pose : 
       - position : [-0.298516 , 3.87093 , 0.561905]
       - orientation : [0.707107 , 0.707107 , -1.1024e-07 , 8.22903e-08]
  RingCirclePositionError : 0
  position_error : 0.140686
  orientation_error : 1.5708
  found_in_gazebo : 1

 ErrorResults 
  stamp : 2025-11-28T21:55:30Z
  target_type : sphere
  model_name : sphere
  pose : 
       - position : [-0.298751 , 3.87049 , 0.561537]
       - orientation : [0.707107 , 0.707107 , -7.28191e-12 , 5.71062e-12]
  RingCirclePositionError : 0
  position_error : 0.141158
  orientation_error : 1.5708
  found_in_gazebo : 1

 ErrorResults 
  stamp : 2025-11-28T21:55:30Z
  target_type : sphere
  model_name : sphere
  pose : 
       - position : [-0.298953 , 3.87188 , 0.561268]
       - orientation : [0.707107 , 0.707107 , -5.35519e-08 , 3.98045e-08]
  RingCirclePositionError : 0
  position_error : 0.13988
  orientation_error : 1.5708
  found_in_gazebo : 1

 ErrorResults 
  stamp : 2025-11-28T21:55:30Z
  target_type : sphere
  model_name : sphere
  pose : 
       - position : [-0.298953 , 3.87188 , 0.561268]
       - orientation : [0.707107 , 0.707107 , -5.35519e-08 , 3.98045e-08]
  RingCirclePositionError : 0
  position_error : 0.139809
  orientation_error : 1.5708
  found_in_gazebo : 1

 ErrorResults 
  stamp : 2025-11-28T21:55:30Z
  target_type : sphere
  model_name : sphere
  pose : 
       - position : [-0.29943 , 3.87167 , 0.560433]
       - orientation : [0.707107 , 0.707107 , -5.36638e-08 , 3.99042e-08]
  RingCirclePositionError : 0
  position_error : 0.140252
  orientation_error : 1.5708
  found_in_gazebo : 1

 ErrorResults 
  stamp : 2025-11-28T21:55:30Z
  target_type : sphere
  model_name : sphere
  pose : 
       - position : [-0.29943 , 3.87167 , 0.560433]
       - orientation : [0.707107 , 0.707107 , -5.36638e-08 , 3.99042e-08]
  RingCirclePositionError : 0
  position_error : 0.140157
  orientation_error : 1.5708
  found_in_gazebo : 1

 ErrorResults 
  stamp : 2025-11-28T21:55:30Z
  target_type : sphere
  model_name : sphere
  pose : 
       - position : [-0.298767 , 3.8704 , 0.560527]
       - orientation : [0.707107 , 0.707107 , 5.24075e-12 , -2.23256e-12]
  RingCirclePositionError : 0
  position_error : 0.141206
  orientation_error : 1.5708
  found_in_gazebo : 1

 ErrorResults 
  stamp : 2025-11-28T21:55:30Z
  target_type : sphere
  model_name : sphere
  pose : 
       - position : [-0.29875 , 3.87154 , 0.560563]
       - orientation : [0.707107 , 0.707107 , -4.28786e-11 , 3.92779e-11]
  RingCirclePositionError : 0
  position_error : 0.140063
  orientation_error : 1.5708
  found_in_gazebo : 1

 ErrorResults 
  stamp : 2025-11-28T21:55:30Z
  target_type : sphere
  model_name : sphere
  pose : 
       - position : [-0.29924 , 3.87158 , 0.559417]
       - orientation : [0.707107 , 0.707107 , -2.76174e-11 , 1.74163e-11]
  RingCirclePositionError : 0
  position_error : 0.140393
  orientation_error : 1.5708
  found_in_gazebo : 1

 ErrorResults 
  stamp : 2025-11-28T21:55:30Z
  target_type : sphere
  model_name : sphere
  pose : 
       - position : [-0.29924 , 3.87158 , 0.559417]
       - orientation : [0.707107 , 0.707107 , -2.76174e-11 , 1.74163e-11]
  RingCirclePositionError : 0
  position_error : 0.140302
  orientation_error : 1.5708
  found_in_gazebo : 1

 ErrorResults 
  stamp : 2025-11-28T21:55:30Z
  target_type : sphere
  model_name : sphere
  pose : 
       - position : [-0.29922 , 3.87242 , 0.559461]
       - orientation : [0.707107 , 0.707107 , -5.35745e-11 , 4.69481e-11]
  RingCirclePositionError : 0
  position_error : 0.13941
  orientation_error : 1.5708
  found_in_gazebo : 1

 ErrorResults 
  stamp : 2025-11-28T21:55:30Z
  target_type : sphere
  model_name : sphere
  pose : 
       - position : [-0.299048 , 3.8721 , 0.55954]
       - orientation : [0.707107 , 0.707107 , -1.10725e-07 , 8.27633e-08]
  RingCirclePositionError : 0
  position_error : 0.139592
  orientation_error : 1.5708
  found_in_gazebo : 1

 ErrorResults 
  stamp : 2025-11-28T21:55:30Z
  target_type : sphere
  model_name : sphere
  pose : 
       - position : [-0.299345 , 3.87184 , 0.559025]
       - orientation : [0.707107 , 0.707107 , 1.10858e-07 , -8.28836e-08]
  RingCirclePositionError : 0
  position_error : 0.13994
  orientation_error : 1.5708
  found_in_gazebo : 1

 ErrorResults 
  stamp : 2025-11-28T21:55:30Z
  target_type : sphere
  model_name : sphere
  pose : 
       - position : [-0.299345 , 3.87184 , 0.559025]
       - orientation : [0.707107 , 0.707107 , 1.10858e-07 , -8.28836e-08]
  RingCirclePositionError : 0
  position_error : 0.139857
  orientation_error : 1.5708
  found_in_gazebo : 1

 ErrorResults 
  stamp : 2025-11-28T21:55:30Z
  target_type : sphere
  model_name : sphere
  pose : 
       - position : [-0.299261 , 3.87261 , 0.558521]
       - orientation : [0.707107 , 0.707107 , -1.1093e-07 , 8.2964e-08]
  RingCirclePositionError : 0
  position_error : 0.139276
  orientation_error : 1.5708
  found_in_gazebo : 1

 ErrorResults 
  stamp : 2025-11-28T21:55:30Z
  target_type : sphere
  model_name : sphere
  pose : 
       - position : [-0.299261 , 3.87261 , 0.558521]
       - orientation : [0.707107 , 0.707107 , -1.1093e-07 , 8.2964e-08]
  RingCirclePositionError : 0
  position_error : 0.139181
  orientation_error : 1.5708
  found_in_gazebo : 1

 ErrorResults 
  stamp : 2025-11-28T21:55:30Z
  target_type : sphere
  model_name : sphere
  pose : 
       - position : [-0.299414 , 3.87428 , 0.558518]
       - orientation : [0.707107 , 0.707107 , -1.11065e-07 , 8.30762e-08]
  RingCirclePositionError : 0
  position_error : 0.137566
  orientation_error : 1.5708
  found_in_gazebo : 1

 ErrorResults 
  stamp : 2025-11-28T21:55:30Z
  target_type : sphere
  model_name : sphere
  pose : 
       - position : [-0.299268 , 3.87309 , 0.558197]
       - orientation : [0.707107 , 0.707107 , 5.37488e-08 , -4.00147e-08]
  RingCirclePositionError : 0
  position_error : 0.138689
  orientation_error : 1.5708
  found_in_gazebo : 1

 ErrorResults 
  stamp : 2025-11-28T21:55:30Z
  target_type : sphere
  model_name : sphere
  pose : 
       - position : [-0.299268 , 3.87309 , 0.558197]
       - orientation : [0.707107 , 0.707107 , 5.37488e-08 , -4.00147e-08]
  RingCirclePositionError : 0
  position_error : 0.138602
  orientation_error : 1.5708
  found_in_gazebo : 1

 ErrorResults 
  stamp : 2025-11-28T21:55:30Z
  target_type : sphere
  model_name : sphere
  pose : 
       - position : [-0.298943 , 3.87246 , 0.557733]
       - orientation : [0.707107 , 0.707107 , -5.86906e-12 , 5.89802e-12]
  RingCirclePositionError : 0
  position_error : 0.139287
  orientation_error : 1.5708
  found_in_gazebo : 1

 ErrorResults 
  stamp : 2025-11-28T21:55:30Z
  target_type : sphere
  model_name : sphere
  pose : 
       - position : [-0.29884 , 3.87234 , 0.55781]
       - orientation : [0.707107 , 0.707107 , -5.37817e-08 , 4.00705e-08]
  RingCirclePositionError : 0
  position_error : 0.139312
  orientation_error : 1.5708
  found_in_gazebo : 1

 ErrorResults 
  stamp : 2025-11-28T21:55:30Z
  target_type : sphere
  model_name : sphere
  pose : 
       - position : [-0.299045 , 3.87248 , 0.55739]
       - orientation : [0.707107 , 0.707107 , 2.24559e-12 , -8.22947e-12]
  RingCirclePositionError : 0
  position_error : 0.139243
  orientation_error : 1.5708
  found_in_gazebo : 1

 ErrorResults 
  stamp : 2025-11-28T21:55:30Z
  target_type : sphere
  model_name : sphere
  pose : 
       - position : [-0.298988 , 3.87203 , 0.557269]
       - orientation : [0.707107 , 0.707107 , 5.37261e-08 , -4.00137e-08]
  RingCirclePositionError : 0
  position_error : 0.13963
  orientation_error : 1.5708
  found_in_gazebo : 1

 ErrorResults 
  stamp : 2025-11-28T21:55:30Z
  target_type : sphere
  model_name : sphere
  pose : 
       - position : [-0.29921 , 3.8737 , 0.556951]
       - orientation : [0.707107 , 0.707107 , 1.11151e-07 , -8.32051e-08]
  RingCirclePositionError : 0
  position_error : 0.138124
  orientation_error : 1.5708
  found_in_gazebo : 1

 ErrorResults 
  stamp : 2025-11-28T21:55:30Z
  target_type : sphere
  model_name : sphere
  pose : 
       - position : [-0.299352 , 3.87384 , 0.556725]
       - orientation : [0.707107 , 0.707107 , 5.39109e-08 , -4.01839e-08]
  RingCirclePositionError : 0
  position_error : 0.138015
  orientation_error : 1.5708
  found_in_gazebo : 1

 ErrorResults 
  stamp : 2025-11-28T21:55:30Z
  target_type : sphere
  model_name : sphere
  pose : 
       - position : [-0.299429 , 3.87391 , 0.556601]
       - orientation : [0.707107 , 0.707107 , 5.38864e-08 , -4.01658e-08]
  RingCirclePositionError : 0
  position_error : 0.137906
  orientation_error : 1.5708
  found_in_gazebo : 1

 ErrorResults 
  stamp : 2025-11-28T21:55:30Z
  target_type : sphere
  model_name : sphere
  pose : 
       - position : [-0.299521 , 3.87292 , 0.556012]
       - orientation : [0.707107 , 0.707107 , -4.61124e-12 , 2.26189e-12]
  RingCirclePositionError : 0
  position_error : 0.138956
  orientation_error : 1.5708
  found_in_gazebo : 1

 ErrorResults 
  stamp : 2025-11-28T21:55:30Z
  target_type : sphere
  model_name : sphere
  pose : 
       - position : [-0.29977 , 3.87312 , 0.555891]
       - orientation : [0.707107 , 0.707107 , 5.39612e-08 , -4.02332e-08]
  RingCirclePositionError : 0
  position_error : 0.138742
  orientation_error : 1.5708
  found_in_gazebo : 1

 ErrorResults 
  stamp : 2025-11-28T21:55:30Z
  target_type : sphere
  model_name : sphere
  pose : 
       - position : [-0.299432 , 3.87189 , 0.555501]
       - orientation : [0.707107 , 0.707107 , 1.11283e-07 , -8.33562e-08]
  RingCirclePositionError : 0
  position_error : 0.139937
  orientation_error : 1.5708
  found_in_gazebo : 1

 ErrorResults 
  stamp : 2025-11-28T21:55:30Z
  target_type : sphere
  model_name : sphere
  pose : 
       - position : [-0.299412 , 3.87048 , 0.555016]
       - orientation : [0.707107 , 0.707107 , 1.11255e-07 , -8.33482e-08]
  RingCirclePositionError : 0
  position_error : 0.141321
  orientation_error : 1.5708
  found_in_gazebo : 1

 ErrorResults 
  stamp : 2025-11-28T21:55:30Z
  target_type : sphere
  model_name : sphere
  pose : 
       - position : [-0.299502 , 3.87049 , 0.554956]
       - orientation : [0.707107 , 0.707107 , -5.39505e-08 , 4.02461e-08]
  RingCirclePositionError : 0
  position_error : 0.141242
  orientation_error : 1.5708
  found_in_gazebo : 1

 ErrorResults 
  stamp : 2025-11-28T21:55:30Z
  target_type : sphere
  model_name : sphere
  pose : 
       - position : [-0.298769 , 3.87282 , 0.555417]
       - orientation : [0.707107 , 0.707107 , -5.38489e-08 , 4.01612e-08]
  RingCirclePositionError : 0
  position_error : 0.138846
  orientation_error : 1.5708
  found_in_gazebo : 1

 ErrorResults 
  stamp : 2025-11-28T21:55:30Z
  target_type : sphere
  model_name : sphere
  pose : 
       - position : [-0.298769 , 3.87282 , 0.555417]
       - orientation : [0.707107 , 0.707107 , -5.38489e-08 , 4.01612e-08]
  RingCirclePositionError : 0
  position_error : 0.138791
  orientation_error : 1.5708
  found_in_gazebo : 1

 ErrorResults 
  stamp : 2025-11-28T21:55:30Z
  target_type : sphere
  model_name : sphere
  pose : 
       - position : [-0.298516 , 3.87093 , 0.554918]
       - orientation : [0.707107 , 0.707107 , -1.11023e-07 , 8.31813e-08]
  RingCirclePositionError : 0
  position_error : 0.140635
  orientation_error : 1.5708
  found_in_gazebo : 1

 ErrorResults 
  stamp : 2025-11-28T21:55:30Z
  target_type : sphere
  model_name : sphere
  pose : 
       - position : [-0.298602 , 3.87293 , 0.554839]
       - orientation : [0.707107 , 0.707107 , 3.45957e-11 , -2.35987e-11]
  RingCirclePositionError : 0
  position_error : 0.138752
  orientation_error : 1.5708
  found_in_gazebo : 1

 ErrorResults 
  stamp : 2025-11-28T21:55:30Z
  target_type : sphere
  model_name : sphere
  pose : 
       - position : [-0.298734 , 3.87253 , 0.554629]
       - orientation : [0.707107 , 0.707107 , -1.11206e-07 , 8.33413e-08]
  RingCirclePositionError : 0
  position_error : 0.139107
  orientation_error : 1.5708
  found_in_gazebo : 1

 ErrorResults 
  stamp : 2025-11-28T21:55:30Z
  target_type : sphere
  model_name : sphere
  pose : 
       - position : [-0.298956 , 3.87281 , 0.554297]
       - orientation : [0.707107 , 0.707107 , -8.91105e-12 , 1.37766e-12]
  RingCirclePositionError : 0
  position_error : 0.138901
  orientation_error : 1.5708
  found_in_gazebo : 1

 ErrorResults 
  stamp : 2025-11-28T21:55:30Z
  target_type : sphere
  model_name : sphere
  pose : 
       - position : [-0.29943 , 3.87167 , 0.553444]
       - orientation : [0.707107 , 0.707107 , -5.40364e-08 , 4.03382e-08]
  RingCirclePositionError : 0
  position_error : 0.140193
  orientation_error : 1.5708
  found_in_gazebo : 1

 ErrorResults 
  stamp : 2025-11-28T21:55:30Z
  target_type : sphere
  model_name : sphere
  pose : 
       - position : [-0.29943 , 3.87167 , 0.553444]
       - orientation : [0.707107 , 0.707107 , -5.40364e-08 , 4.03382e-08]
  RingCirclePositionError : 0
  position_error : 0.140158
  orientation_error : 1.5708
  found_in_gazebo : 1

 ErrorResults 
  stamp : 2025-11-28T21:55:30Z
  target_type : sphere
  model_name : sphere
  pose : 
       - position : [-0.29943 , 3.87167 , 0.553444]
       - orientation : [0.707107 , 0.707107 , -5.40364e-08 , 4.03382e-08]
  RingCirclePositionError : 0
  position_error : 0.140067
  orientation_error : 1.5708
  found_in_gazebo : 1

 ErrorResults 
  stamp : 2025-11-28T21:55:30Z
  target_type : sphere
  model_name : sphere
  pose : 
       - position : [-0.29875 , 3.87154 , 0.553574]
       - orientation : [0.707107 , 0.707107 , -3.37724e-11 , 2.24132e-11]
  RingCirclePositionError : 0
  position_error : 0.14004
  orientation_error : 1.5708
  found_in_gazebo : 1

 ErrorResults 
  stamp : 2025-11-28T21:55:31Z
  target_type : sphere
  model_name : sphere
  pose : 
       - position : [-0.298727 , 3.87313 , 0.553621]
       - orientation : [0.707107 , 0.707107 , 4.54808e-12 , -1.02287e-11]
  RingCirclePositionError : 0
  position_error : 0.138482
  orientation_error : 1.5708
  found_in_gazebo : 1

 ErrorResults 
  stamp : 2025-11-28T21:55:31Z
  target_type : sphere
  model_name : sphere
  pose : 
       - position : [-0.29924 , 3.87158 , 0.552428]
       - orientation : [0.707107 , 0.707107 , -3.60877e-11 , 3.17266e-11]
  RingCirclePositionError : 0
  position_error : 0.140294
  orientation_error : 1.5708
  found_in_gazebo : 1

 ErrorResults 
  stamp : 2025-11-28T21:55:31Z
  target_type : sphere
  model_name : sphere
  pose : 
       - position : [-0.29922 , 3.87242 , 0.552471]
       - orientation : [0.707107 , 0.707107 , -6.18168e-11 , 6.10925e-11]
  RingCirclePositionError : 0
  position_error : 0.139419
  orientation_error : 1.5708
  found_in_gazebo : 1

 ErrorResults 
  stamp : 2025-11-28T21:55:31Z
  target_type : sphere
  model_name : sphere
  pose : 
       - position : [-0.29922 , 3.87242 , 0.552471]
       - orientation : [0.707107 , 0.707107 , -6.18168e-11 , 6.10925e-11]
  RingCirclePositionError : 0
  position_error : 0.139328
  orientation_error : 1.5708
  found_in_gazebo : 1

 ErrorResults 
  stamp : 2025-11-28T21:55:31Z
  target_type : sphere
  model_name : sphere
  pose : 
       - position : [-0.299048 , 3.8721 , 0.552551]
       - orientation : [0.707107 , 0.707107 , -1.11511e-07 , 8.36583e-08]
  RingCirclePositionError : 0
  position_error : 0.139507
  orientation_error : 1.5708
  found_in_gazebo : 1

 ErrorResults 
  stamp : 2025-11-28T21:55:31Z
  target_type : sphere
  model_name : sphere
  pose : 
       - position : [-0.299345 , 3.87184 , 0.552037]
       - orientation : [0.707107 , 0.707107 , 1.11644e-07 , -8.37794e-08]
  RingCirclePositionError : 0
  position_error : 0.139862
  orientation_error : 1.5708
  found_in_gazebo : 1

 ErrorResults 
  stamp : 2025-11-28T21:55:31Z
  target_type : sphere
  model_name : sphere
  pose : 
       - position : [-0.299345 , 3.87184 , 0.552037]
       - orientation : [0.707107 , 0.707107 , 1.11644e-07 , -8.37794e-08]
  RingCirclePositionError : 0
  position_error : 0.139807
  orientation_error : 1.5708
  found_in_gazebo : 1

 ErrorResults 
  stamp : 2025-11-28T21:55:31Z
  target_type : sphere
  model_name : sphere
  pose : 
       - position : [-0.299261 , 3.87261 , 0.551531]
       - orientation : [0.707107 , 0.707107 , -1.11716e-07 , 8.38607e-08]
  RingCirclePositionError : 0
  position_error : 0.139218
  orientation_error : 1.5708
  found_in_gazebo : 1

 ErrorResults 
  stamp : 2025-11-28T21:55:31Z
  target_type : sphere
  model_name : sphere
  pose : 
       - position : [-0.298768 , 3.87375 , 0.551778]
       - orientation : [0.707107 , 0.707107 , -1.11603e-07 , 8.37718e-08]
  RingCirclePositionError : 0
  position_error : 0.13799
  orientation_error : 1.5708
  found_in_gazebo : 1

 ErrorResults 
  stamp : 2025-11-28T21:55:31Z
  target_type : sphere
  model_name : sphere
  pose : 
       - position : [-0.299414 , 3.87428 , 0.551525]
       - orientation : [0.707107 , 0.707107 , -1.11853e-07 , 8.39744e-08]
  RingCirclePositionError : 0
  position_error : 0.137521
  orientation_error : 1.5708
  found_in_gazebo : 1

 ErrorResults 
  stamp : 2025-11-28T21:55:31Z
  target_type : sphere
  model_name : sphere
  pose : 
       - position : [-0.299414 , 3.87428 , 0.551525]
       - orientation : [0.707107 , 0.707107 , -1.11853e-07 , 8.39744e-08]
  RingCirclePositionError : 0
  position_error : 0.137422
  orientation_error : 1.5708
  found_in_gazebo : 1

 ErrorResults 
  stamp : 2025-11-28T21:55:31Z
  target_type : sphere
  model_name : sphere
  pose : 
       - position : [-0.299052 , 3.8739 , 0.551254]
       - orientation : [0.707107 , 0.707107 , -1.11755e-07 , 8.39104e-08]
  RingCirclePositionError : 0
  position_error : 0.137793
  orientation_error : 1.5708
  found_in_gazebo : 1

 ErrorResults 
  stamp : 2025-11-28T21:55:31Z
  target_type : sphere
  model_name : sphere
  pose : 
       - position : [-0.298955 , 3.87255 , 0.550769]
       - orientation : [0.707107 , 0.707107 , 1.11709e-07 , -8.38885e-08]
  RingCirclePositionError : 0
  position_error : 0.139146
  orientation_error : 1.5708
  found_in_gazebo : 1

 ErrorResults 
  stamp : 2025-11-28T21:55:31Z
  target_type : sphere
  model_name : sphere
  pose : 
       - position : [-0.298742 , 3.87361 , 0.550948]
       - orientation : [0.707107 , 0.707107 , -6.83903e-11 , 6.80949e-11]
  RingCirclePositionError : 0
  position_error : 0.13801
  orientation_error : 1.5708
  found_in_gazebo : 1

 ErrorResults 
  stamp : 2025-11-28T21:55:31Z
  target_type : sphere
  model_name : sphere
  pose : 
       - position : [-0.298981 , 3.87367 , 0.550454]
       - orientation : [0.707107 , 0.707107 , -5.41311e-08 , 4.04764e-08]
  RingCirclePositionError : 0
  position_error : 0.138065
  orientation_error : 1.5708
  found_in_gazebo : 1

 ErrorResults 
  stamp : 2025-11-28T21:55:31Z
  target_type : sphere
  model_name : sphere
  pose : 
       - position : [-0.299096 , 3.87358 , 0.55014]
       - orientation : [0.707107 , 0.707107 , -1.11877e-07 , 8.40489e-08]
  RingCirclePositionError : 0
  position_error : 0.138194
  orientation_error : 1.5708
  found_in_gazebo : 1

 ErrorResults 
  stamp : 2025-11-28T21:55:31Z
  target_type : sphere
  model_name : sphere
  pose : 
       - position : [-0.299235 , 3.87372 , 0.549919]
       - orientation : [0.707107 , 0.707107 , -5.42225e-08 , 4.05581e-08]
  RingCirclePositionError : 0
  position_error : 0.138064
  orientation_error : 1.5708
  found_in_gazebo : 1

 ErrorResults 
  stamp : 2025-11-28T21:55:31Z
  target_type : sphere
  model_name : sphere
  pose : 
       - position : [-0.299429 , 3.87391 , 0.549609]
       - orientation : [0.707107 , 0.707107 , 5.42431e-08 , -4.05736e-08]
  RingCirclePositionError : 0
  position_error : 0.137916
  orientation_error : 1.5708
  found_in_gazebo : 1

