 ErrorResults 
  stamp : 2025-11-28T22:02:37Z
  target_type : armor_red_3
  model_name : armor_red_3
  pose : 
       - position : [0.00380991 , 2.98136 , 1.05627]
       - orientation : [0.612061 , 0.786501 , -0.0672672 , 0.0476636]
  RingCirclePositionError : 0
  position_error : 0.268905
  orientation_error : 1.82426
  found_in_gazebo : 1

 ErrorResults 
  stamp : 2025-11-28T22:02:37Z
  target_type : armor_red_3
  model_name : armor_red_3
  pose : 
       - position : [0.00380991 , 2.98136 , 1.05627]
       - orientation : [0.612061 , 0.786501 , -0.0672672 , 0.0476636]
  RingCirclePositionError : 0
  position_error : 0.268905
  orientation_error : 1.82426
  found_in_gazebo : 1

 ErrorResults 
  stamp : 2025-11-28T22:02:37Z
  target_type : armor_red_3
  model_name : armor_red_3
  pose : 
       - position : [0.00380991 , 2.98136 , 1.05627]
       - orientation : [0.612061 , 0.786501 , -0.0672672 , 0.0476636]
  RingCirclePositionError : 0
  position_error : 0.268905
  orientation_error : 1.82426
  found_in_gazebo : 1

 ErrorResults 
  stamp : 2025-11-28T22:02:37Z
  target_type : armor_red_3
  model_name : armor_red_3
  pose : 
       - position : [0.00380991 , 2.98136 , 1.05627]
       - orientation : [0.612061 , 0.786501 , -0.0672672 , 0.0476636]
  RingCirclePositionError : 0
  position_error : 0.268905
  orientation_error : 1.82426
  found_in_gazebo : 1

 ErrorResults 
  stamp : 2025-11-28T22:02:37Z
  target_type : armor_red_3
  model_name : armor_red_3
  pose : 
       - position : [0.00380991 , 2.98136 , 1.05627]
       - orientation : [0.612061 , 0.786501 , -0.0672672 , 0.0476636]
  RingCirclePositionError : 0
  position_error : 0.268905
  orientation_error : 1.82426
  found_in_gazebo : 1

 ErrorResults 
  stamp : 2025-11-28T22:02:37Z
  target_type : armor_red_3
  model_name : armor_red_3
  pose : 
       - position : [0.00380991 , 2.98136 , 1.05627]
       - orientation : [0.612061 , 0.786501 , -0.0672672 , 0.0476636]
  RingCirclePositionError : 0
  position_error : 0.268905
  orientation_error : 1.82426
  found_in_gazebo : 1

 ErrorResults 
  stamp : 2025-11-28T22:02:37Z
  target_type : armor_red_3
  model_name : armor_red_3
  pose : 
       - position : [0.00380991 , 2.98136 , 1.05627]
       - orientation : [0.612061 , 0.786501 , -0.0672672 , 0.0476636]
  RingCirclePositionError : 0
  position_error : 0.268905
  orientation_error : 1.82426
  found_in_gazebo : 1

 ErrorResults 
  stamp : 2025-11-28T22:02:37Z
  target_type : armor_red_3
  model_name : armor_red_3
  pose : 
       - position : [0.00380991 , 2.98136 , 1.05627]
       - orientation : [0.612061 , 0.786501 , -0.0672672 , 0.0476636]
  RingCirclePositionError : 0
  position_error : 0.268905
  orientation_error : 1.82426
  found_in_gazebo : 1

 ErrorResults 
  stamp : 2025-11-28T22:02:37Z
  target_type : armor_red_3
  model_name : armor_red_3
  pose : 
       - position : [0.00380991 , 2.98136 , 1.05627]
       - orientation : [0.612061 , 0.786501 , -0.0672672 , 0.0476636]
  RingCirclePositionError : 0
  position_error : 0.268905
  orientation_error : 1.82426
  found_in_gazebo : 1

 ErrorResults 
  stamp : 2025-11-28T22:02:37Z
  target_type : armor_red_3
  model_name : armor_red_3
  pose : 
       - position : [0.00380991 , 2.98136 , 1.05627]
       - orientation : [0.612061 , 0.786501 , -0.0672672 , 0.0476636]
  RingCirclePositionError : 0
  position_error : 0.268905
  orientation_error : 1.82426
  found_in_gazebo : 1

 ErrorResults 
  stamp : 2025-11-28T22:02:37Z
  target_type : armor_red_3
  model_name : armor_red_3
  pose : 
       - position : [0.00380991 , 2.98136 , 1.05627]
       - orientation : [0.612061 , 0.786501 , -0.0672672 , 0.0476636]
  RingCirclePositionError : 0
  position_error : 0.268905
  orientation_error : 1.82426
  found_in_gazebo : 1

 ErrorResults 
  stamp : 2025-11-28T22:02:37Z
  target_type : armor_red_3
  model_name : armor_red_3
  pose : 
       - position : [0.00380991 , 2.98136 , 1.05627]
       - orientation : [0.612061 , 0.786501 , -0.0672672 , 0.0476636]
  RingCirclePositionError : 0
  position_error : 0.268905
  orientation_error : 1.82426
  found_in_gazebo : 1

 ErrorResults 
  stamp : 2025-11-28T22:02:37Z
  target_type : armor_red_3
  model_name : armor_red_3
  pose : 
       - position : [0.00380991 , 2.98136 , 1.05627]
       - orientation : [0.612061 , 0.786501 , -0.0672672 , 0.0476636]
  RingCirclePositionError : 0
  position_error : 0.268905
  orientation_error : 1.82426
  found_in_gazebo : 1

 ErrorResults 
  stamp : 2025-11-28T22:02:37Z
  target_type : armor_red_3
  model_name : armor_red_3
  pose : 
       - position : [0.00380991 , 2.98136 , 1.05627]
       - orientation : [0.612061 , 0.786501 , -0.0672672 , 0.0476636]
  RingCirclePositionError : 0
  position_error : 0.268905
  orientation_error : 1.82426
  found_in_gazebo : 1

 ErrorResults 
  stamp : 2025-11-28T22:02:37Z
  target_type : armor_red_3
  model_name : armor_red_3
  pose : 
       - position : [0.00380991 , 2.98136 , 1.05627]
       - orientation : [0.612061 , 0.786501 , -0.0672672 , 0.0476636]
  RingCirclePositionError : 0
  position_error : 0.268905
  orientation_error : 1.82426
  found_in_gazebo : 1

 ErrorResults 
  stamp : 2025-11-28T22:02:37Z
  target_type : armor_red_3
  model_name : armor_red_3
  pose : 
       - position : [0.00380991 , 2.98136 , 1.05627]
       - orientation : [0.612061 , 0.786501 , -0.0672672 , 0.0476636]
  RingCirclePositionError : 0
  position_error : 0.268905
  orientation_error : 1.82426
  found_in_gazebo : 1

 ErrorResults 
  stamp : 2025-11-28T22:02:37Z
  target_type : armor_red_3
  model_name : armor_red_3
  pose : 
       - position : [0.00380991 , 2.98136 , 1.05627]
       - orientation : [0.612061 , 0.786501 , -0.0672672 , 0.0476636]
  RingCirclePositionError : 0
  position_error : 0.268905
  orientation_error : 1.82426
  found_in_gazebo : 1

 ErrorResults 
  stamp : 2025-11-28T22:02:37Z
  target_type : armor_red_3
  model_name : armor_red_3
  pose : 
       - position : [0.00380991 , 2.98136 , 1.05627]
       - orientation : [0.612061 , 0.786501 , -0.0672672 , 0.0476636]
  RingCirclePositionError : 0
  position_error : 0.268905
  orientation_error : 1.82426
  found_in_gazebo : 1

 ErrorResults 
  stamp : 2025-11-28T22:02:37Z
  target_type : armor_red_3
  model_name : armor_red_3
  pose : 
       - position : [0.00380991 , 2.98136 , 1.05627]
       - orientation : [0.612061 , 0.786501 , -0.0672672 , 0.0476636]
  RingCirclePositionError : 0
  position_error : 0.268905
  orientation_error : 1.82426
  found_in_gazebo : 1

 ErrorResults 
  stamp : 2025-11-28T22:02:37Z
  target_type : armor_red_3
  model_name : armor_red_3
  pose : 
       - position : [0.00380991 , 2.98136 , 1.05627]
       - orientation : [0.612061 , 0.786501 , -0.0672672 , 0.0476636]
  RingCirclePositionError : 0
  position_error : 0.268905
  orientation_error : 1.82426
  found_in_gazebo : 1

 ErrorResults 
  stamp : 2025-11-28T22:02:37Z
  target_type : armor_red_3
  model_name : armor_red_3
  pose : 
       - position : [0.00380991 , 2.98136 , 1.05627]
       - orientation : [0.612061 , 0.786501 , -0.0672672 , 0.0476636]
  RingCirclePositionError : 0
  position_error : 0.268905
  orientation_error : 1.82426
  found_in_gazebo : 1

 ErrorResults 
  stamp : 2025-11-28T22:02:37Z
  target_type : armor_red_3
  model_name : armor_red_3
  pose : 
       - position : [0.00380991 , 2.98136 , 1.05627]
       - orientation : [0.612061 , 0.786501 , -0.0672672 , 0.0476636]
  RingCirclePositionError : 0
  position_error : 0.268905
  orientation_error : 1.82426
  found_in_gazebo : 1

 ErrorResults 
  stamp : 2025-11-28T22:02:37Z
  target_type : armor_red_3
  model_name : armor_red_3
  pose : 
       - position : [0.00380991 , 2.98136 , 1.05627]
       - orientation : [0.612061 , 0.786501 , -0.0672672 , 0.0476636]
  RingCirclePositionError : 0
  position_error : 0.268905
  orientation_error : 1.82426
  found_in_gazebo : 1

 ErrorResults 
  stamp : 2025-11-28T22:02:37Z
  target_type : armor_red_3
  model_name : armor_red_3
  pose : 
       - position : [0.00380991 , 2.98136 , 1.05627]
       - orientation : [0.612061 , 0.786501 , -0.0672672 , 0.0476636]
  RingCirclePositionError : 0
  position_error : 0.268905
  orientation_error : 1.82426
  found_in_gazebo : 1

 ErrorResults 
  stamp : 2025-11-28T22:02:37Z
  target_type : armor_red_3
  model_name : armor_red_3
  pose : 
       - position : [0.00380991 , 2.98136 , 1.05627]
       - orientation : [0.612061 , 0.786501 , -0.0672672 , 0.0476636]
  RingCirclePositionError : 0
  position_error : 0.268905
  orientation_error : 1.82426
  found_in_gazebo : 1

 ErrorResults 
  stamp : 2025-11-28T22:02:37Z
  target_type : armor_red_3
  model_name : armor_red_3
  pose : 
       - position : [0.00380991 , 2.98136 , 1.05627]
       - orientation : [0.612061 , 0.786501 , -0.0672672 , 0.0476636]
  RingCirclePositionError : 0
  position_error : 0.268905
  orientation_error : 1.82426
  found_in_gazebo : 1

 ErrorResults 
  stamp : 2025-11-28T22:02:37Z
  target_type : armor_red_3
  model_name : armor_red_3
  pose : 
       - position : [0.00380991 , 2.98136 , 1.05627]
       - orientation : [0.612061 , 0.786501 , -0.0672672 , 0.0476636]
  RingCirclePositionError : 0
  position_error : 0.268905
  orientation_error : 1.82426
  found_in_gazebo : 1

 ErrorResults 
  stamp : 2025-11-28T22:02:37Z
  target_type : armor_red_3
  model_name : armor_red_3
  pose : 
       - position : [0.00380991 , 2.98136 , 1.05627]
       - orientation : [0.612061 , 0.786501 , -0.0672672 , 0.0476636]
  RingCirclePositionError : 0
  position_error : 0.268905
  orientation_error : 1.82426
  found_in_gazebo : 1

 ErrorResults 
  stamp : 2025-11-28T22:02:37Z
  target_type : armor_red_3
  model_name : armor_red_3
  pose : 
       - position : [0.00380991 , 2.98136 , 1.05627]
       - orientation : [0.612061 , 0.786501 , -0.0672672 , 0.0476636]
  RingCirclePositionError : 0
  position_error : 0.268905
  orientation_error : 1.82426
  found_in_gazebo : 1

 ErrorResults 
  stamp : 2025-11-28T22:02:37Z
  target_type : armor_red_3
  model_name : armor_red_3
  pose : 
       - position : [0.00380991 , 2.98136 , 1.05627]
       - orientation : [0.612061 , 0.786501 , -0.0672672 , 0.0476636]
  RingCirclePositionError : 0
  position_error : 0.268905
  orientation_error : 1.82426
  found_in_gazebo : 1

 ErrorResults 
  stamp : 2025-11-28T22:02:37Z
  target_type : armor_red_3
  model_name : armor_red_3
  pose : 
       - position : [0.00380991 , 2.98136 , 1.05627]
       - orientation : [0.612061 , 0.786501 , -0.0672672 , 0.0476636]
  RingCirclePositionError : 0
  position_error : 0.268905
  orientation_error : 1.82426
  found_in_gazebo : 1

 ErrorResults 
  stamp : 2025-11-28T22:02:37Z
  target_type : armor_red_3
  model_name : armor_red_3
  pose : 
       - position : [0.00380991 , 2.98136 , 1.05627]
       - orientation : [0.612061 , 0.786501 , -0.0672672 , 0.0476636]
  RingCirclePositionError : 0
  position_error : 0.268905
  orientation_error : 1.82426
  found_in_gazebo : 1

 ErrorResults 
  stamp : 2025-11-28T22:02:37Z
  target_type : armor_red_3
  model_name : armor_red_3
  pose : 
       - position : [0.00380991 , 2.98136 , 1.05627]
       - orientation : [0.612061 , 0.786501 , -0.0672672 , 0.0476636]
  RingCirclePositionError : 0
  position_error : 0.268905
  orientation_error : 1.82426
  found_in_gazebo : 1

 ErrorResults 
  stamp : 2025-11-28T22:02:37Z
  target_type : armor_red_3
  model_name : armor_red_3
  pose : 
       - position : [0.00380991 , 2.98136 , 1.05627]
       - orientation : [0.612061 , 0.786501 , -0.0672672 , 0.0476636]
  RingCirclePositionError : 0
  position_error : 0.268905
  orientation_error : 1.82426
  found_in_gazebo : 1

 ErrorResults 
  stamp : 2025-11-28T22:02:37Z
  target_type : armor_red_3
  model_name : armor_red_3
  pose : 
       - position : [0.00380991 , 2.98136 , 1.05627]
       - orientation : [0.612061 , 0.786501 , -0.0672672 , 0.0476636]
  RingCirclePositionError : 0
  position_error : 0.268905
  orientation_error : 1.82426
  found_in_gazebo : 1

 ErrorResults 
  stamp : 2025-11-28T22:02:37Z
  target_type : armor_red_3
  model_name : armor_red_3
  pose : 
       - position : [0.00380991 , 2.98136 , 1.05627]
       - orientation : [0.612061 , 0.786501 , -0.0672672 , 0.0476636]
  RingCirclePositionError : 0
  position_error : 0.268905
  orientation_error : 1.82426
  found_in_gazebo : 1

 ErrorResults 
  stamp : 2025-11-28T22:02:37Z
  target_type : armor_red_3
  model_name : armor_red_3
  pose : 
       - position : [0.00380991 , 2.98136 , 1.05627]
       - orientation : [0.612061 , 0.786501 , -0.0672672 , 0.0476636]
  RingCirclePositionError : 0
  position_error : 0.268905
  orientation_error : 1.82426
  found_in_gazebo : 1

 ErrorResults 
  stamp : 2025-11-28T22:02:37Z
  target_type : armor_red_3
  model_name : armor_red_3
  pose : 
       - position : [0.00380991 , 2.98136 , 1.05627]
       - orientation : [0.612061 , 0.786501 , -0.0672672 , 0.0476636]
  RingCirclePositionError : 0
  position_error : 0.268905
  orientation_error : 1.82426
  found_in_gazebo : 1

 ErrorResults 
  stamp : 2025-11-28T22:02:37Z
  target_type : armor_red_3
  model_name : armor_red_3
  pose : 
       - position : [0.00380991 , 2.98136 , 1.05627]
       - orientation : [0.612061 , 0.786501 , -0.0672672 , 0.0476636]
  RingCirclePositionError : 0
  position_error : 0.268905
  orientation_error : 1.82426
  found_in_gazebo : 1

 ErrorResults 
  stamp : 2025-11-28T22:02:37Z
  target_type : armor_red_3
  model_name : armor_red_3
  pose : 
       - position : [0.00380991 , 2.98136 , 1.05627]
       - orientation : [0.612061 , 0.786501 , -0.0672672 , 0.0476636]
  RingCirclePositionError : 0
  position_error : 0.268905
  orientation_error : 1.82426
  found_in_gazebo : 1

 ErrorResults 
  stamp : 2025-11-28T22:02:37Z
  target_type : armor_red_3
  model_name : armor_red_3
  pose : 
       - position : [0.00380991 , 2.98136 , 1.05627]
       - orientation : [0.612061 , 0.786501 , -0.0672672 , 0.0476636]
  RingCirclePositionError : 0
  position_error : 0.268905
  orientation_error : 1.82426
  found_in_gazebo : 1

 ErrorResults 
  stamp : 2025-11-28T22:02:37Z
  target_type : armor_red_3
  model_name : armor_red_3
  pose : 
       - position : [0.00380991 , 2.98136 , 1.05627]
       - orientation : [0.612061 , 0.786501 , -0.0672672 , 0.0476636]
  RingCirclePositionError : 0
  position_error : 0.268905
  orientation_error : 1.82426
  found_in_gazebo : 1

 ErrorResults 
  stamp : 2025-11-28T22:02:37Z
  target_type : armor_red_3
  model_name : armor_red_3
  pose : 
       - position : [0.00380991 , 2.98136 , 1.05627]
       - orientation : [0.612061 , 0.786501 , -0.0672672 , 0.0476636]
  RingCirclePositionError : 0
  position_error : 0.268905
  orientation_error : 1.82426
  found_in_gazebo : 1

 ErrorResults 
  stamp : 2025-11-28T22:02:37Z
  target_type : armor_red_3
  model_name : armor_red_3
  pose : 
       - position : [0.00380991 , 2.98136 , 1.05627]
       - orientation : [0.612061 , 0.786501 , -0.0672672 , 0.0476636]
  RingCirclePositionError : 0
  position_error : 0.268905
  orientation_error : 1.82426
  found_in_gazebo : 1

 ErrorResults 
  stamp : 2025-11-28T22:02:37Z
  target_type : armor_red_3
  model_name : armor_red_3
  pose : 
       - position : [0.00380991 , 2.98136 , 1.05627]
       - orientation : [0.612061 , 0.786501 , -0.0672672 , 0.0476636]
  RingCirclePositionError : 0
  position_error : 0.268905
  orientation_error : 1.82426
  found_in_gazebo : 1

 ErrorResults 
  stamp : 2025-11-28T22:02:38Z
  target_type : armor_red_3
  model_name : armor_red_3
  pose : 
       - position : [0.00380991 , 2.98136 , 1.05627]
       - orientation : [0.612061 , 0.786501 , -0.0672672 , 0.0476636]
  RingCirclePositionError : 0
  position_error : 0.268905
  orientation_error : 1.82426
  found_in_gazebo : 1

 ErrorResults 
  stamp : 2025-11-28T22:02:38Z
  target_type : armor_red_3
  model_name : armor_red_3
  pose : 
       - position : [0.00380991 , 2.98136 , 1.05627]
       - orientation : [0.612061 , 0.786501 , -0.0672672 , 0.0476636]
  RingCirclePositionError : 0
  position_error : 0.268905
  orientation_error : 1.82426
  found_in_gazebo : 1

 ErrorResults 
  stamp : 2025-11-28T22:02:38Z
  target_type : armor_red_3
  model_name : armor_red_3
  pose : 
       - position : [0.00380991 , 2.98136 , 1.05627]
       - orientation : [0.612061 , 0.786501 , -0.0672672 , 0.0476636]
  RingCirclePositionError : 0
  position_error : 0.268905
  orientation_error : 1.82426
  found_in_gazebo : 1

 ErrorResults 
  stamp : 2025-11-28T22:02:38Z
  target_type : armor_red_3
  model_name : armor_red_3
  pose : 
       - position : [0.00380991 , 2.98136 , 1.05627]
       - orientation : [0.612061 , 0.786501 , -0.0672672 , 0.0476636]
  RingCirclePositionError : 0
  position_error : 0.268905
  orientation_error : 1.82426
  found_in_gazebo : 1

 ErrorResults 
  stamp : 2025-11-28T22:02:38Z
  target_type : armor_red_3
  model_name : armor_red_3
  pose : 
       - position : [0.00380991 , 2.98136 , 1.05627]
       - orientation : [0.612061 , 0.786501 , -0.0672672 , 0.0476636]
  RingCirclePositionError : 0
  position_error : 0.268905
  orientation_error : 1.82426
  found_in_gazebo : 1

 ErrorResults 
  stamp : 2025-11-28T22:02:38Z
  target_type : armor_red_3
  model_name : armor_red_3
  pose : 
       - position : [0.00380991 , 2.98136 , 1.05627]
       - orientation : [0.612061 , 0.786501 , -0.0672672 , 0.0476636]
  RingCirclePositionError : 0
  position_error : 0.268905
  orientation_error : 1.82426
  found_in_gazebo : 1

 ErrorResults 
  stamp : 2025-11-28T22:02:38Z
  target_type : armor_red_3
  model_name : armor_red_3
  pose : 
       - position : [0.00380991 , 2.98136 , 1.05627]
       - orientation : [0.612061 , 0.786501 , -0.0672672 , 0.0476636]
  RingCirclePositionError : 0
  position_error : 0.268905
  orientation_error : 1.82426
  found_in_gazebo : 1

 ErrorResults 
  stamp : 2025-11-28T22:02:38Z
  target_type : armor_red_3
  model_name : armor_red_3
  pose : 
       - position : [0.00380991 , 2.98136 , 1.05627]
       - orientation : [0.612061 , 0.786501 , -0.0672672 , 0.0476636]
  RingCirclePositionError : 0
  position_error : 0.268905
  orientation_error : 1.82426
  found_in_gazebo : 1

 ErrorResults 
  stamp : 2025-11-28T22:02:38Z
  target_type : armor_red_3
  model_name : armor_red_3
  pose : 
       - position : [0.00380991 , 2.98136 , 1.05627]
       - orientation : [0.612061 , 0.786501 , -0.0672672 , 0.0476636]
  RingCirclePositionError : 0
  position_error : 0.268905
  orientation_error : 1.82426
  found_in_gazebo : 1

 ErrorResults 
  stamp : 2025-11-28T22:02:38Z
  target_type : armor_red_3
  model_name : armor_red_3
  pose : 
       - position : [0.00380991 , 2.98136 , 1.05627]
       - orientation : [0.612061 , 0.786501 , -0.0672672 , 0.0476636]
  RingCirclePositionError : 0
  position_error : 0.268905
  orientation_error : 1.82426
  found_in_gazebo : 1

 ErrorResults 
  stamp : 2025-11-28T22:02:38Z
  target_type : armor_red_3
  model_name : armor_red_3
  pose : 
       - position : [0.00380991 , 2.98136 , 1.05627]
       - orientation : [0.612061 , 0.786501 , -0.0672672 , 0.0476636]
  RingCirclePositionError : 0
  position_error : 0.268905
  orientation_error : 1.82426
  found_in_gazebo : 1

 ErrorResults 
  stamp : 2025-11-28T22:02:38Z
  target_type : armor_red_3
  model_name : armor_red_3
  pose : 
       - position : [0.00380991 , 2.98136 , 1.05627]
       - orientation : [0.612061 , 0.786501 , -0.0672672 , 0.0476636]
  RingCirclePositionError : 0
  position_error : 0.268905
  orientation_error : 1.82426
  found_in_gazebo : 1

 ErrorResults 
  stamp : 2025-11-28T22:02:38Z
  target_type : armor_red_3
  model_name : armor_red_3
  pose : 
       - position : [0.00380991 , 2.98136 , 1.05627]
       - orientation : [0.612061 , 0.786501 , -0.0672672 , 0.0476636]
  RingCirclePositionError : 0
  position_error : 0.268905
  orientation_error : 1.82426
  found_in_gazebo : 1

 ErrorResults 
  stamp : 2025-11-28T22:02:38Z
  target_type : armor_red_3
  model_name : armor_red_3
  pose : 
       - position : [0.00380991 , 2.98136 , 1.05627]
       - orientation : [0.612061 , 0.786501 , -0.0672672 , 0.0476636]
  RingCirclePositionError : 0
  position_error : 0.268905
  orientation_error : 1.82426
  found_in_gazebo : 1

 ErrorResults 
  stamp : 2025-11-28T22:02:38Z
  target_type : armor_red_3
  model_name : armor_red_3
  pose : 
       - position : [0.00380991 , 2.98136 , 1.05627]
       - orientation : [0.612061 , 0.786501 , -0.0672672 , 0.0476636]
  RingCirclePositionError : 0
  position_error : 0.268905
  orientation_error : 1.82426
  found_in_gazebo : 1

 ErrorResults 
  stamp : 2025-11-28T22:02:38Z
  target_type : armor_red_3
  model_name : armor_red_3
  pose : 
       - position : [0.00380991 , 2.98136 , 1.05627]
       - orientation : [0.612061 , 0.786501 , -0.0672672 , 0.0476636]
  RingCirclePositionError : 0
  position_error : 0.268905
  orientation_error : 1.82426
  found_in_gazebo : 1

 ErrorResults 
  stamp : 2025-11-28T22:02:38Z
  target_type : armor_red_3
  model_name : armor_red_3
  pose : 
       - position : [0.00380991 , 2.98136 , 1.05627]
       - orientation : [0.612061 , 0.786501 , -0.0672672 , 0.0476636]
  RingCirclePositionError : 0
  position_error : 0.268905
  orientation_error : 1.82426
  found_in_gazebo : 1

 ErrorResults 
  stamp : 2025-11-28T22:02:38Z
  target_type : armor_red_3
  model_name : armor_red_3
  pose : 
       - position : [0.00380991 , 2.98136 , 1.05627]
       - orientation : [0.612061 , 0.786501 , -0.0672672 , 0.0476636]
  RingCirclePositionError : 0
  position_error : 0.268905
  orientation_error : 1.82426
  found_in_gazebo : 1

 ErrorResults 
  stamp : 2025-11-28T22:02:38Z
  target_type : armor_red_3
  model_name : armor_red_3
  pose : 
       - position : [0.00380991 , 2.98136 , 1.05627]
       - orientation : [0.612061 , 0.786501 , -0.0672672 , 0.0476636]
  RingCirclePositionError : 0
  position_error : 0.268905
  orientation_error : 1.82426
  found_in_gazebo : 1

 ErrorResults 
  stamp : 2025-11-28T22:02:38Z
  target_type : armor_red_3
  model_name : armor_red_3
  pose : 
       - position : [0.00380991 , 2.98136 , 1.05627]
       - orientation : [0.612061 , 0.786501 , -0.0672672 , 0.0476636]
  RingCirclePositionError : 0
  position_error : 0.268905
  orientation_error : 1.82426
  found_in_gazebo : 1

 ErrorResults 
  stamp : 2025-11-28T22:02:38Z
  target_type : armor_red_3
  model_name : armor_red_3
  pose : 
       - position : [0.00380991 , 2.98136 , 1.05627]
       - orientation : [0.612061 , 0.786501 , -0.0672672 , 0.0476636]
  RingCirclePositionError : 0
  position_error : 0.268905
  orientation_error : 1.82426
  found_in_gazebo : 1

 ErrorResults 
  stamp : 2025-11-28T22:02:38Z
  target_type : armor_red_3
  model_name : armor_red_3
  pose : 
       - position : [0.00380991 , 2.98136 , 1.05627]
       - orientation : [0.612061 , 0.786501 , -0.0672672 , 0.0476636]
  RingCirclePositionError : 0
  position_error : 0.268905
  orientation_error : 1.82426
  found_in_gazebo : 1

 ErrorResults 
  stamp : 2025-11-28T22:02:38Z
  target_type : armor_red_3
  model_name : armor_red_3
  pose : 
       - position : [0.00380991 , 2.98136 , 1.05627]
       - orientation : [0.612061 , 0.786501 , -0.0672672 , 0.0476636]
  RingCirclePositionError : 0
  position_error : 0.268905
  orientation_error : 1.82426
  found_in_gazebo : 1

 ErrorResults 
  stamp : 2025-11-28T22:02:38Z
  target_type : armor_red_3
  model_name : armor_red_3
  pose : 
       - position : [0.00380991 , 2.98136 , 1.05627]
       - orientation : [0.612061 , 0.786501 , -0.0672672 , 0.0476636]
  RingCirclePositionError : 0
  position_error : 0.268905
  orientation_error : 1.82426
  found_in_gazebo : 1

 ErrorResults 
  stamp : 2025-11-28T22:02:38Z
  target_type : armor_red_3
  model_name : armor_red_3
  pose : 
       - position : [0.00380991 , 2.98136 , 1.05627]
       - orientation : [0.612061 , 0.786501 , -0.0672672 , 0.0476636]
  RingCirclePositionError : 0
  position_error : 0.268905
  orientation_error : 1.82426
  found_in_gazebo : 1

 ErrorResults 
  stamp : 2025-11-28T22:02:38Z
  target_type : armor_red_3
  model_name : armor_red_3
  pose : 
       - position : [0.00380991 , 2.98136 , 1.05627]
       - orientation : [0.612061 , 0.786501 , -0.0672672 , 0.0476636]
  RingCirclePositionError : 0
  position_error : 0.268905
  orientation_error : 1.82426
  found_in_gazebo : 1

 ErrorResults 
  stamp : 2025-11-28T22:02:38Z
  target_type : armor_red_3
  model_name : armor_red_3
  pose : 
       - position : [0.00380991 , 2.98136 , 1.05627]
       - orientation : [0.612061 , 0.786501 , -0.0672672 , 0.0476636]
  RingCirclePositionError : 0
  position_error : 0.268905
  orientation_error : 1.82426
  found_in_gazebo : 1

 ErrorResults 
  stamp : 2025-11-28T22:02:38Z
  target_type : armor_red_3
  model_name : armor_red_3
  pose : 
       - position : [0.00380991 , 2.98136 , 1.05627]
       - orientation : [0.612061 , 0.786501 , -0.0672672 , 0.0476636]
  RingCirclePositionError : 0
  position_error : 0.268905
  orientation_error : 1.82426
  found_in_gazebo : 1

 ErrorResults 
  stamp : 2025-11-28T22:02:38Z
  target_type : armor_red_3
  model_name : armor_red_3
  pose : 
       - position : [0.00380991 , 2.98136 , 1.05627]
       - orientation : [0.612061 , 0.786501 , -0.0672672 , 0.0476636]
  RingCirclePositionError : 0
  position_error : 0.268905
  orientation_error : 1.82426
  found_in_gazebo : 1

 ErrorResults 
  stamp : 2025-11-28T22:02:38Z
  target_type : armor_red_3
  model_name : armor_red_3
  pose : 
       - position : [0.00380991 , 2.98136 , 1.05627]
       - orientation : [0.612061 , 0.786501 , -0.0672672 , 0.0476636]
  RingCirclePositionError : 0
  position_error : 0.268905
  orientation_error : 1.82426
  found_in_gazebo : 1

 ErrorResults 
  stamp : 2025-11-28T22:02:38Z
  target_type : armor_red_3
  model_name : armor_red_3
  pose : 
       - position : [0.00380991 , 2.98136 , 1.05627]
       - orientation : [0.612061 , 0.786501 , -0.0672672 , 0.0476636]
  RingCirclePositionError : 0
  position_error : 0.268905
  orientation_error : 1.82426
  found_in_gazebo : 1

 ErrorResults 
  stamp : 2025-11-28T22:02:38Z
  target_type : armor_red_3
  model_name : armor_red_3
  pose : 
       - position : [0.00380991 , 2.98136 , 1.05627]
       - orientation : [0.612061 , 0.786501 , -0.0672672 , 0.0476636]
  RingCirclePositionError : 0
  position_error : 0.268905
  orientation_error : 1.82426
  found_in_gazebo : 1

 ErrorResults 
  stamp : 2025-11-28T22:02:38Z
  target_type : armor_red_3
  model_name : armor_red_3
  pose : 
       - position : [0.00380991 , 2.98136 , 1.05627]
       - orientation : [0.612061 , 0.786501 , -0.0672672 , 0.0476636]
  RingCirclePositionError : 0
  position_error : 0.268905
  orientation_error : 1.82426
  found_in_gazebo : 1

 ErrorResults 
  stamp : 2025-11-28T22:02:38Z
  target_type : armor_red_3
  model_name : armor_red_3
  pose : 
       - position : [0.00380991 , 2.98136 , 1.05627]
       - orientation : [0.612061 , 0.786501 , -0.0672672 , 0.0476636]
  RingCirclePositionError : 0
  position_error : 0.268905
  orientation_error : 1.82426
  found_in_gazebo : 1

 ErrorResults 
  stamp : 2025-11-28T22:02:38Z
  target_type : armor_red_3
  model_name : armor_red_3
  pose : 
       - position : [0.00380991 , 2.98136 , 1.05627]
       - orientation : [0.612061 , 0.786501 , -0.0672672 , 0.0476636]
  RingCirclePositionError : 0
  position_error : 0.268905
  orientation_error : 1.82426
  found_in_gazebo : 1

 ErrorResults 
  stamp : 2025-11-28T22:02:38Z
  target_type : armor_red_3
  model_name : armor_red_3
  pose : 
       - position : [0.00380991 , 2.98136 , 1.05627]
       - orientation : [0.612061 , 0.786501 , -0.0672672 , 0.0476636]
  RingCirclePositionError : 0
  position_error : 0.268905
  orientation_error : 1.82426
  found_in_gazebo : 1

 ErrorResults 
  stamp : 2025-11-28T22:02:38Z
  target_type : armor_red_3
  model_name : armor_red_3
  pose : 
       - position : [0.00380991 , 2.98136 , 1.05627]
       - orientation : [0.612061 , 0.786501 , -0.0672672 , 0.0476636]
  RingCirclePositionError : 0
  position_error : 0.268905
  orientation_error : 1.82426
  found_in_gazebo : 1

 ErrorResults 
  stamp : 2025-11-28T22:02:38Z
  target_type : armor_red_3
  model_name : armor_red_3
  pose : 
       - position : [0.00380991 , 2.98136 , 1.05627]
       - orientation : [0.612061 , 0.786501 , -0.0672672 , 0.0476636]
  RingCirclePositionError : 0
  position_error : 0.268905
  orientation_error : 1.82426
  found_in_gazebo : 1

 ErrorResults 
  stamp : 2025-11-28T22:02:38Z
  target_type : armor_red_3
  model_name : armor_red_3
  pose : 
       - position : [0.00380991 , 2.98136 , 1.05627]
       - orientation : [0.612061 , 0.786501 , -0.0672672 , 0.0476636]
  RingCirclePositionError : 0
  position_error : 0.268905
  orientation_error : 1.82426
  found_in_gazebo : 1

 ErrorResults 
  stamp : 2025-11-28T22:02:38Z
  target_type : armor_red_3
  model_name : armor_red_3
  pose : 
       - position : [0.00380991 , 2.98136 , 1.05627]
       - orientation : [0.612061 , 0.786501 , -0.0672672 , 0.0476636]
  RingCirclePositionError : 0
  position_error : 0.268905
  orientation_error : 1.82426
  found_in_gazebo : 1

 ErrorResults 
  stamp : 2025-11-28T22:02:38Z
  target_type : armor_red_3
  model_name : armor_red_3
  pose : 
       - position : [0.00380991 , 2.98136 , 1.05627]
       - orientation : [0.612061 , 0.786501 , -0.0672672 , 0.0476636]
  RingCirclePositionError : 0
  position_error : 0.268905
  orientation_error : 1.82426
  found_in_gazebo : 1

 ErrorResults 
  stamp : 2025-11-28T22:02:38Z
  target_type : armor_red_3
  model_name : armor_red_3
  pose : 
       - position : [0.00380991 , 2.98136 , 1.05627]
       - orientation : [0.612061 , 0.786501 , -0.0672672 , 0.0476636]
  RingCirclePositionError : 0
  position_error : 0.268905
  orientation_error : 1.82426
  found_in_gazebo : 1

 ErrorResults 
  stamp : 2025-11-28T22:02:38Z
  target_type : armor_red_3
  model_name : armor_red_3
  pose : 
       - position : [0.00380991 , 2.98136 , 1.05627]
       - orientation : [0.612061 , 0.786501 , -0.0672672 , 0.0476636]
  RingCirclePositionError : 0
  position_error : 0.268905
  orientation_error : 1.82426
  found_in_gazebo : 1

 ErrorResults 
  stamp : 2025-11-28T22:02:38Z
  target_type : armor_red_3
  model_name : armor_red_3
  pose : 
       - position : [0.00380991 , 2.98136 , 1.05627]
       - orientation : [0.612061 , 0.786501 , -0.0672672 , 0.0476636]
  RingCirclePositionError : 0
  position_error : 0.268905
  orientation_error : 1.82426
  found_in_gazebo : 1

 ErrorResults 
  stamp : 2025-11-28T22:02:39Z
  target_type : armor_red_3
  model_name : armor_red_3
  pose : 
       - position : [0.00380991 , 2.98136 , 1.05627]
       - orientation : [0.612061 , 0.786501 , -0.0672672 , 0.0476636]
  RingCirclePositionError : 0
  position_error : 0.268905
  orientation_error : 1.82426
  found_in_gazebo : 1

 ErrorResults 
  stamp : 2025-11-28T22:02:39Z
  target_type : armor_red_3
  model_name : armor_red_3
  pose : 
       - position : [0.00380991 , 2.98136 , 1.05627]
       - orientation : [0.612061 , 0.786501 , -0.0672672 , 0.0476636]
  RingCirclePositionError : 0
  position_error : 0.268905
  orientation_error : 1.82426
  found_in_gazebo : 1

 ErrorResults 
  stamp : 2025-11-28T22:02:39Z
  target_type : armor_red_3
  model_name : armor_red_3
  pose : 
       - position : [0.00380991 , 2.98136 , 1.05627]
       - orientation : [0.612061 , 0.786501 , -0.0672672 , 0.0476636]
  RingCirclePositionError : 0
  position_error : 0.268905
  orientation_error : 1.82426
  found_in_gazebo : 1

 ErrorResults 
  stamp : 2025-11-28T22:02:39Z
  target_type : armor_red_3
  model_name : armor_red_3
  pose : 
       - position : [0.00380991 , 2.98136 , 1.05627]
       - orientation : [0.612061 , 0.786501 , -0.0672672 , 0.0476636]
  RingCirclePositionError : 0
  position_error : 0.268905
  orientation_error : 1.82426
  found_in_gazebo : 1

 ErrorResults 
  stamp : 2025-11-28T22:02:39Z
  target_type : armor_red_3
  model_name : armor_red_3
  pose : 
       - position : [0.00380991 , 2.98136 , 1.05627]
       - orientation : [0.612061 , 0.786501 , -0.0672672 , 0.0476636]
  RingCirclePositionError : 0
  position_error : 0.268905
  orientation_error : 1.82426
  found_in_gazebo : 1

 ErrorResults 
  stamp : 2025-11-28T22:02:39Z
  target_type : armor_red_3
  model_name : armor_red_3
  pose : 
       - position : [0.00380991 , 2.98136 , 1.05627]
       - orientation : [0.612061 , 0.786501 , -0.0672672 , 0.0476636]
  RingCirclePositionError : 0
  position_error : 0.268905
  orientation_error : 1.82426
  found_in_gazebo : 1

 ErrorResults 
  stamp : 2025-11-28T22:02:39Z
  target_type : armor_red_3
  model_name : armor_red_3
  pose : 
       - position : [0.00380991 , 2.98136 , 1.05627]
       - orientation : [0.612061 , 0.786501 , -0.0672672 , 0.0476636]
  RingCirclePositionError : 0
  position_error : 0.268905
  orientation_error : 1.82426
  found_in_gazebo : 1

 ErrorResults 
  stamp : 2025-11-28T22:02:39Z
  target_type : armor_red_3
  model_name : armor_red_3
  pose : 
       - position : [0.00380991 , 2.98136 , 1.05627]
       - orientation : [0.612061 , 0.786501 , -0.0672672 , 0.0476636]
  RingCirclePositionError : 0
  position_error : 0.268905
  orientation_error : 1.82426
  found_in_gazebo : 1

 ErrorResults 
  stamp : 2025-11-28T22:02:39Z
  target_type : armor_red_3
  model_name : armor_red_3
  pose : 
       - position : [0.00380991 , 2.98136 , 1.05627]
       - orientation : [0.612061 , 0.786501 , -0.0672672 , 0.0476636]
  RingCirclePositionError : 0
  position_error : 0.268905
  orientation_error : 1.82426
  found_in_gazebo : 1

 ErrorResults 
  stamp : 2025-11-28T22:02:39Z
  target_type : armor_red_3
  model_name : armor_red_3
  pose : 
       - position : [0.00380991 , 2.98136 , 1.05627]
       - orientation : [0.612061 , 0.786501 , -0.0672672 , 0.0476636]
  RingCirclePositionError : 0
  position_error : 0.268905
  orientation_error : 1.82426
  found_in_gazebo : 1

 ErrorResults 
  stamp : 2025-11-28T22:02:39Z
  target_type : armor_red_3
  model_name : armor_red_3
  pose : 
       - position : [0.00380991 , 2.98136 , 1.05627]
       - orientation : [0.612061 , 0.786501 , -0.0672672 , 0.0476636]
  RingCirclePositionError : 0
  position_error : 0.268905
  orientation_error : 1.82426
  found_in_gazebo : 1

 ErrorResults 
  stamp : 2025-11-28T22:02:39Z
  target_type : armor_red_3
  model_name : armor_red_3
  pose : 
       - position : [0.00380991 , 2.98136 , 1.05627]
       - orientation : [0.612061 , 0.786501 , -0.0672672 , 0.0476636]
  RingCirclePositionError : 0
  position_error : 0.268905
  orientation_error : 1.82426
  found_in_gazebo : 1

 ErrorResults 
  stamp : 2025-11-28T22:02:39Z
  target_type : armor_red_3
  model_name : armor_red_3
  pose : 
       - position : [0.00380991 , 2.98136 , 1.05627]
       - orientation : [0.612061 , 0.786501 , -0.0672672 , 0.0476636]
  RingCirclePositionError : 0
  position_error : 0.268905
  orientation_error : 1.82426
  found_in_gazebo : 1

 ErrorResults 
  stamp : 2025-11-28T22:02:39Z
  target_type : armor_red_3
  model_name : armor_red_3
  pose : 
       - position : [0.00380991 , 2.98136 , 1.05627]
       - orientation : [0.612061 , 0.786501 , -0.0672672 , 0.0476636]
  RingCirclePositionError : 0
  position_error : 0.268905
  orientation_error : 1.82426
  found_in_gazebo : 1

 ErrorResults 
  stamp : 2025-11-28T22:02:39Z
  target_type : armor_red_3
  model_name : armor_red_3
  pose : 
       - position : [0.00380991 , 2.98136 , 1.05627]
       - orientation : [0.612061 , 0.786501 , -0.0672672 , 0.0476636]
  RingCirclePositionError : 0
  position_error : 0.268905
  orientation_error : 1.82426
  found_in_gazebo : 1

 ErrorResults 
  stamp : 2025-11-28T22:02:39Z
  target_type : armor_red_3
  model_name : armor_red_3
  pose : 
       - position : [0.00380991 , 2.98136 , 1.05627]
       - orientation : [0.612061 , 0.786501 , -0.0672672 , 0.0476636]
  RingCirclePositionError : 0
  position_error : 0.268905
  orientation_error : 1.82426
  found_in_gazebo : 1

 ErrorResults 
  stamp : 2025-11-28T22:02:39Z
  target_type : armor_red_3
  model_name : armor_red_3
  pose : 
       - position : [0.00380991 , 2.98136 , 1.05627]
       - orientation : [0.612061 , 0.786501 , -0.0672672 , 0.0476636]
  RingCirclePositionError : 0
  position_error : 0.268905
  orientation_error : 1.82426
  found_in_gazebo : 1

 ErrorResults 
  stamp : 2025-11-28T22:02:39Z
  target_type : armor_red_3
  model_name : armor_red_3
  pose : 
       - position : [0.00380991 , 2.98136 , 1.05627]
       - orientation : [0.612061 , 0.786501 , -0.0672672 , 0.0476636]
  RingCirclePositionError : 0
  position_error : 0.268905
  orientation_error : 1.82426
  found_in_gazebo : 1

 ErrorResults 
  stamp : 2025-11-28T22:02:39Z
  target_type : armor_red_3
  model_name : armor_red_3
  pose : 
       - position : [0.00380991 , 2.98136 , 1.05627]
       - orientation : [0.612061 , 0.786501 , -0.0672672 , 0.0476636]
  RingCirclePositionError : 0
  position_error : 0.268905
  orientation_error : 1.82426
  found_in_gazebo : 1

 ErrorResults 
  stamp : 2025-11-28T22:02:39Z
  target_type : armor_red_3
  model_name : armor_red_3
  pose : 
       - position : [0.00380991 , 2.98136 , 1.05627]
       - orientation : [0.612061 , 0.786501 , -0.0672672 , 0.0476636]
  RingCirclePositionError : 0
  position_error : 0.268905
  orientation_error : 1.82426
  found_in_gazebo : 1

 ErrorResults 
  stamp : 2025-11-28T22:02:39Z
  target_type : armor_red_3
  model_name : armor_red_3
  pose : 
       - position : [0.00380991 , 2.98136 , 1.05627]
       - orientation : [0.612061 , 0.786501 , -0.0672672 , 0.0476636]
  RingCirclePositionError : 0
  position_error : 0.268905
  orientation_error : 1.82426
  found_in_gazebo : 1

 ErrorResults 
  stamp : 2025-11-28T22:02:39Z
  target_type : armor_red_3
  model_name : armor_red_3
  pose : 
       - position : [0.00380991 , 2.98136 , 1.05627]
       - orientation : [0.612061 , 0.786501 , -0.0672672 , 0.0476636]
  RingCirclePositionError : 0
  position_error : 0.268905
  orientation_error : 1.82426
  found_in_gazebo : 1

 ErrorResults 
  stamp : 2025-11-28T22:02:39Z
  target_type : armor_red_3
  model_name : armor_red_3
  pose : 
       - position : [0.00380991 , 2.98136 , 1.05627]
       - orientation : [0.612061 , 0.786501 , -0.0672672 , 0.0476636]
  RingCirclePositionError : 0
  position_error : 0.268905
  orientation_error : 1.82426
  found_in_gazebo : 1

 ErrorResults 
  stamp : 2025-11-28T22:02:39Z
  target_type : armor_red_3
  model_name : armor_red_3
  pose : 
       - position : [0.00380991 , 2.98136 , 1.05627]
       - orientation : [0.612061 , 0.786501 , -0.0672672 , 0.0476636]
  RingCirclePositionError : 0
  position_error : 0.268905
  orientation_error : 1.82426
  found_in_gazebo : 1

 ErrorResults 
  stamp : 2025-11-28T22:02:39Z
  target_type : armor_red_3
  model_name : armor_red_3
  pose : 
       - position : [0.00380991 , 2.98136 , 1.05627]
       - orientation : [0.612061 , 0.786501 , -0.0672672 , 0.0476636]
  RingCirclePositionError : 0
  position_error : 0.268905
  orientation_error : 1.82426
  found_in_gazebo : 1

 ErrorResults 
  stamp : 2025-11-28T22:02:39Z
  target_type : armor_red_3
  model_name : armor_red_3
  pose : 
       - position : [0.00380991 , 2.98136 , 1.05627]
       - orientation : [0.612061 , 0.786501 , -0.0672672 , 0.0476636]
  RingCirclePositionError : 0
  position_error : 0.268905
  orientation_error : 1.82426
  found_in_gazebo : 1

 ErrorResults 
  stamp : 2025-11-28T22:02:39Z
  target_type : armor_red_3
  model_name : armor_red_3
  pose : 
       - position : [0.00380991 , 2.98136 , 1.05627]
       - orientation : [0.612061 , 0.786501 , -0.0672672 , 0.0476636]
  RingCirclePositionError : 0
  position_error : 0.268905
  orientation_error : 1.82426
  found_in_gazebo : 1

 ErrorResults 
  stamp : 2025-11-28T22:02:39Z
  target_type : armor_red_3
  model_name : armor_red_3
  pose : 
       - position : [0.00380991 , 2.98136 , 1.05627]
       - orientation : [0.612061 , 0.786501 , -0.0672672 , 0.0476636]
  RingCirclePositionError : 0
  position_error : 0.268905
  orientation_error : 1.82426
  found_in_gazebo : 1

 ErrorResults 
  stamp : 2025-11-28T22:02:39Z
  target_type : armor_red_3
  model_name : armor_red_3
  pose : 
       - position : [0.00380991 , 2.98136 , 1.05627]
       - orientation : [0.612061 , 0.786501 , -0.0672672 , 0.0476636]
  RingCirclePositionError : 0
  position_error : 0.268905
  orientation_error : 1.82426
  found_in_gazebo : 1

 ErrorResults 
  stamp : 2025-11-28T22:02:39Z
  target_type : armor_red_3
  model_name : armor_red_3
  pose : 
       - position : [0.00380991 , 2.98136 , 1.05627]
       - orientation : [0.612061 , 0.786501 , -0.0672672 , 0.0476636]
  RingCirclePositionError : 0
  position_error : 0.268905
  orientation_error : 1.82426
  found_in_gazebo : 1

 ErrorResults 
  stamp : 2025-11-28T22:02:39Z
  target_type : armor_red_3
  model_name : armor_red_3
  pose : 
       - position : [0.00380991 , 2.98136 , 1.05627]
       - orientation : [0.612061 , 0.786501 , -0.0672672 , 0.0476636]
  RingCirclePositionError : 0
  position_error : 0.268905
  orientation_error : 1.82426
  found_in_gazebo : 1

 ErrorResults 
  stamp : 2025-11-28T22:02:39Z
  target_type : armor_red_3
  model_name : armor_red_3
  pose : 
       - position : [0.00380991 , 2.98136 , 1.05627]
       - orientation : [0.612061 , 0.786501 , -0.0672672 , 0.0476636]
  RingCirclePositionError : 0
  position_error : 0.268905
  orientation_error : 1.82426
  found_in_gazebo : 1

 ErrorResults 
  stamp : 2025-11-28T22:02:39Z
  target_type : armor_red_3
  model_name : armor_red_3
  pose : 
       - position : [0.00380991 , 2.98136 , 1.05627]
       - orientation : [0.612061 , 0.786501 , -0.0672672 , 0.0476636]
  RingCirclePositionError : 0
  position_error : 0.268905
  orientation_error : 1.82426
  found_in_gazebo : 1

 ErrorResults 
  stamp : 2025-11-28T22:02:39Z
  target_type : armor_red_3
  model_name : armor_red_3
  pose : 
       - position : [0.00380991 , 2.98136 , 1.05627]
       - orientation : [0.612061 , 0.786501 , -0.0672672 , 0.0476636]
  RingCirclePositionError : 0
  position_error : 0.268905
  orientation_error : 1.82426
  found_in_gazebo : 1

 ErrorResults 
  stamp : 2025-11-28T22:02:39Z
  target_type : armor_red_3
  model_name : armor_red_3
  pose : 
       - position : [0.00380991 , 2.98136 , 1.05627]
       - orientation : [0.612061 , 0.786501 , -0.0672672 , 0.0476636]
  RingCirclePositionError : 0
  position_error : 0.268905
  orientation_error : 1.82426
  found_in_gazebo : 1

 ErrorResults 
  stamp : 2025-11-28T22:02:39Z
  target_type : armor_red_3
  model_name : armor_red_3
  pose : 
       - position : [0.00380991 , 2.98136 , 1.05627]
       - orientation : [0.612061 , 0.786501 , -0.0672672 , 0.0476636]
  RingCirclePositionError : 0
  position_error : 0.268905
  orientation_error : 1.82426
  found_in_gazebo : 1

 ErrorResults 
  stamp : 2025-11-28T22:02:39Z
  target_type : armor_red_3
  model_name : armor_red_3
  pose : 
       - position : [0.00380991 , 2.98136 , 1.05627]
       - orientation : [0.612061 , 0.786501 , -0.0672672 , 0.0476636]
  RingCirclePositionError : 0
  position_error : 0.268905
  orientation_error : 1.82426
  found_in_gazebo : 1

 ErrorResults 
  stamp : 2025-11-28T22:02:39Z
  target_type : armor_red_3
  model_name : armor_red_3
  pose : 
       - position : [0.00380991 , 2.98136 , 1.05627]
       - orientation : [0.612061 , 0.786501 , -0.0672672 , 0.0476636]
  RingCirclePositionError : 0
  position_error : 0.268905
  orientation_error : 1.82426
  found_in_gazebo : 1

 ErrorResults 
  stamp : 2025-11-28T22:02:39Z
  target_type : armor_red_3
  model_name : armor_red_3
  pose : 
       - position : [0.00380991 , 2.98136 , 1.05627]
       - orientation : [0.612061 , 0.786501 , -0.0672672 , 0.0476636]
  RingCirclePositionError : 0
  position_error : 0.268905
  orientation_error : 1.82426
  found_in_gazebo : 1

 ErrorResults 
  stamp : 2025-11-28T22:02:39Z
  target_type : armor_red_3
  model_name : armor_red_3
  pose : 
       - position : [0.00380991 , 2.98136 , 1.05627]
       - orientation : [0.612061 , 0.786501 , -0.0672672 , 0.0476636]
  RingCirclePositionError : 0
  position_error : 0.268905
  orientation_error : 1.82426
  found_in_gazebo : 1

 ErrorResults 
  stamp : 2025-11-28T22:02:39Z
  target_type : armor_red_3
  model_name : armor_red_3
  pose : 
       - position : [0.00380991 , 2.98136 , 1.05627]
       - orientation : [0.612061 , 0.786501 , -0.0672672 , 0.0476636]
  RingCirclePositionError : 0
  position_error : 0.268905
  orientation_error : 1.82426
  found_in_gazebo : 1

 ErrorResults 
  stamp : 2025-11-28T22:02:39Z
  target_type : armor_red_3
  model_name : armor_red_3
  pose : 
       - position : [0.00380991 , 2.98136 , 1.05627]
       - orientation : [0.612061 , 0.786501 , -0.0672672 , 0.0476636]
  RingCirclePositionError : 0
  position_error : 0.268905
  orientation_error : 1.82426
  found_in_gazebo : 1

 ErrorResults 
  stamp : 2025-11-28T22:02:39Z
  target_type : armor_red_3
  model_name : armor_red_3
  pose : 
       - position : [0.00380991 , 2.98136 , 1.05627]
       - orientation : [0.612061 , 0.786501 , -0.0672672 , 0.0476636]
  RingCirclePositionError : 0
  position_error : 0.268905
  orientation_error : 1.82426
  found_in_gazebo : 1

 ErrorResults 
  stamp : 2025-11-28T22:02:39Z
  target_type : armor_red_3
  model_name : armor_red_3
  pose : 
       - position : [0.00380991 , 2.98136 , 1.05627]
       - orientation : [0.612061 , 0.786501 , -0.0672672 , 0.0476636]
  RingCirclePositionError : 0
  position_error : 0.268905
  orientation_error : 1.82426
  found_in_gazebo : 1

 ErrorResults 
  stamp : 2025-11-28T22:02:39Z
  target_type : armor_red_3
  model_name : armor_red_3
  pose : 
       - position : [0.00380991 , 2.98136 , 1.05627]
       - orientation : [0.612061 , 0.786501 , -0.0672672 , 0.0476636]
  RingCirclePositionError : 0
  position_error : 0.268905
  orientation_error : 1.82426
  found_in_gazebo : 1

 ErrorResults 
  stamp : 2025-11-28T22:02:40Z
  target_type : armor_red_3
  model_name : armor_red_3
  pose : 
       - position : [0.00380991 , 2.98136 , 1.05627]
       - orientation : [0.612061 , 0.786501 , -0.0672672 , 0.0476636]
  RingCirclePositionError : 0
  position_error : 0.268905
  orientation_error : 1.82426
  found_in_gazebo : 1

 ErrorResults 
  stamp : 2025-11-28T22:02:40Z
  target_type : armor_red_3
  model_name : armor_red_3
  pose : 
       - position : [0.00380991 , 2.98136 , 1.05627]
       - orientation : [0.612061 , 0.786501 , -0.0672672 , 0.0476636]
  RingCirclePositionError : 0
  position_error : 0.268905
  orientation_error : 1.82426
  found_in_gazebo : 1

 ErrorResults 
  stamp : 2025-11-28T22:02:40Z
  target_type : armor_red_3
  model_name : armor_red_3
  pose : 
       - position : [0.00380991 , 2.98136 , 1.05627]
       - orientation : [0.612061 , 0.786501 , -0.0672672 , 0.0476636]
  RingCirclePositionError : 0
  position_error : 0.268905
  orientation_error : 1.82426
  found_in_gazebo : 1

 ErrorResults 
  stamp : 2025-11-28T22:02:40Z
  target_type : armor_red_3
  model_name : armor_red_3
  pose : 
       - position : [0.00380991 , 2.98136 , 1.05627]
       - orientation : [0.612061 , 0.786501 , -0.0672672 , 0.0476636]
  RingCirclePositionError : 0
  position_error : 0.268905
  orientation_error : 1.82426
  found_in_gazebo : 1

 ErrorResults 
  stamp : 2025-11-28T22:02:40Z
  target_type : armor_red_3
  model_name : armor_red_3
  pose : 
       - position : [0.00380991 , 2.98136 , 1.05627]
       - orientation : [0.612061 , 0.786501 , -0.0672672 , 0.0476636]
  RingCirclePositionError : 0
  position_error : 0.268905
  orientation_error : 1.82426
  found_in_gazebo : 1

 ErrorResults 
  stamp : 2025-11-28T22:02:40Z
  target_type : armor_red_3
  model_name : armor_red_3
  pose : 
       - position : [0.00380991 , 2.98136 , 1.05627]
       - orientation : [0.612061 , 0.786501 , -0.0672672 , 0.0476636]
  RingCirclePositionError : 0
  position_error : 0.268905
  orientation_error : 1.82426
  found_in_gazebo : 1

 ErrorResults 
  stamp : 2025-11-28T22:02:40Z
  target_type : armor_red_3
  model_name : armor_red_3
  pose : 
       - position : [0.00380991 , 2.98136 , 1.05627]
       - orientation : [0.612061 , 0.786501 , -0.0672672 , 0.0476636]
  RingCirclePositionError : 0
  position_error : 0.268905
  orientation_error : 1.82426
  found_in_gazebo : 1

 ErrorResults 
  stamp : 2025-11-28T22:02:40Z
  target_type : armor_red_3
  model_name : armor_red_3
  pose : 
       - position : [0.00380991 , 2.98136 , 1.05627]
       - orientation : [0.612061 , 0.786501 , -0.0672672 , 0.0476636]
  RingCirclePositionError : 0
  position_error : 0.268905
  orientation_error : 1.82426
  found_in_gazebo : 1

 ErrorResults 
  stamp : 2025-11-28T22:02:40Z
  target_type : armor_red_3
  model_name : armor_red_3
  pose : 
       - position : [0.00380991 , 2.98136 , 1.05627]
       - orientation : [0.612061 , 0.786501 , -0.0672672 , 0.0476636]
  RingCirclePositionError : 0
  position_error : 0.268905
  orientation_error : 1.82426
  found_in_gazebo : 1

 ErrorResults 
  stamp : 2025-11-28T22:02:40Z
  target_type : armor_red_3
  model_name : armor_red_3
  pose : 
       - position : [0.00380991 , 2.98136 , 1.05627]
       - orientation : [0.612061 , 0.786501 , -0.0672672 , 0.0476636]
  RingCirclePositionError : 0
  position_error : 0.268905
  orientation_error : 1.82426
  found_in_gazebo : 1

 ErrorResults 
  stamp : 2025-11-28T22:02:40Z
  target_type : armor_red_3
  model_name : armor_red_3
  pose : 
       - position : [0.00380991 , 2.98136 , 1.05627]
       - orientation : [0.612061 , 0.786501 , -0.0672672 , 0.0476636]
  RingCirclePositionError : 0
  position_error : 0.268905
  orientation_error : 1.82426
  found_in_gazebo : 1

 ErrorResults 
  stamp : 2025-11-28T22:02:40Z
  target_type : armor_red_3
  model_name : armor_red_3
  pose : 
       - position : [0.00380991 , 2.98136 , 1.05627]
       - orientation : [0.612061 , 0.786501 , -0.0672672 , 0.0476636]
  RingCirclePositionError : 0
  position_error : 0.268905
  orientation_error : 1.82426
  found_in_gazebo : 1

 ErrorResults 
  stamp : 2025-11-28T22:02:40Z
  target_type : armor_red_3
  model_name : armor_red_3
  pose : 
       - position : [0.00380991 , 2.98136 , 1.05627]
       - orientation : [0.612061 , 0.786501 , -0.0672672 , 0.0476636]
  RingCirclePositionError : 0
  position_error : 0.268905
  orientation_error : 1.82426
  found_in_gazebo : 1

 ErrorResults 
  stamp : 2025-11-28T22:02:40Z
  target_type : armor_red_3
  model_name : armor_red_3
  pose : 
       - position : [0.00380991 , 2.98136 , 1.05627]
       - orientation : [0.612061 , 0.786501 , -0.0672672 , 0.0476636]
  RingCirclePositionError : 0
  position_error : 0.268905
  orientation_error : 1.82426
  found_in_gazebo : 1

 ErrorResults 
  stamp : 2025-11-28T22:02:40Z
  target_type : armor_red_3
  model_name : armor_red_3
  pose : 
       - position : [0.00380991 , 2.98136 , 1.05627]
       - orientation : [0.612061 , 0.786501 , -0.0672672 , 0.0476636]
  RingCirclePositionError : 0
  position_error : 0.268905
  orientation_error : 1.82426
  found_in_gazebo : 1

 ErrorResults 
  stamp : 2025-11-28T22:02:40Z
  target_type : armor_red_3
  model_name : armor_red_3
  pose : 
       - position : [0.00380991 , 2.98136 , 1.05627]
       - orientation : [0.612061 , 0.786501 , -0.0672672 , 0.0476636]
  RingCirclePositionError : 0
  position_error : 0.268905
  orientation_error : 1.82426
  found_in_gazebo : 1

 ErrorResults 
  stamp : 2025-11-28T22:02:40Z
  target_type : armor_red_3
  model_name : armor_red_3
  pose : 
       - position : [0.00380991 , 2.98136 , 1.05627]
       - orientation : [0.612061 , 0.786501 , -0.0672672 , 0.0476636]
  RingCirclePositionError : 0
  position_error : 0.268905
  orientation_error : 1.82426
  found_in_gazebo : 1

 ErrorResults 
  stamp : 2025-11-28T22:02:40Z
  target_type : armor_red_3
  model_name : armor_red_3
  pose : 
       - position : [0.00380991 , 2.98136 , 1.05627]
       - orientation : [0.612061 , 0.786501 , -0.0672672 , 0.0476636]
  RingCirclePositionError : 0
  position_error : 0.268905
  orientation_error : 1.82426
  found_in_gazebo : 1

 ErrorResults 
  stamp : 2025-11-28T22:02:40Z
  target_type : armor_red_3
  model_name : armor_red_3
  pose : 
       - position : [0.00380991 , 2.98136 , 1.05627]
       - orientation : [0.612061 , 0.786501 , -0.0672672 , 0.0476636]
  RingCirclePositionError : 0
  position_error : 0.268905
  orientation_error : 1.82426
  found_in_gazebo : 1

 ErrorResults 
  stamp : 2025-11-28T22:02:40Z
  target_type : armor_red_3
  model_name : armor_red_3
  pose : 
       - position : [0.00380991 , 2.98136 , 1.05627]
       - orientation : [0.612061 , 0.786501 , -0.0672672 , 0.0476636]
  RingCirclePositionError : 0
  position_error : 0.268905
  orientation_error : 1.82426
  found_in_gazebo : 1

 ErrorResults 
  stamp : 2025-11-28T22:02:40Z
  target_type : armor_red_3
  model_name : armor_red_3
  pose : 
       - position : [0.00380991 , 2.98136 , 1.05627]
       - orientation : [0.612061 , 0.786501 , -0.0672672 , 0.0476636]
  RingCirclePositionError : 0
  position_error : 0.268905
  orientation_error : 1.82426
  found_in_gazebo : 1

 ErrorResults 
  stamp : 2025-11-28T22:02:40Z
  target_type : armor_red_3
  model_name : armor_red_3
  pose : 
       - position : [0.00380991 , 2.98136 , 1.05627]
       - orientation : [0.612061 , 0.786501 , -0.0672672 , 0.0476636]
  RingCirclePositionError : 0
  position_error : 0.268905
  orientation_error : 1.82426
  found_in_gazebo : 1

 ErrorResults 
  stamp : 2025-11-28T22:02:40Z
  target_type : armor_red_3
  model_name : armor_red_3
  pose : 
       - position : [0.00380991 , 2.98136 , 1.05627]
       - orientation : [0.612061 , 0.786501 , -0.0672672 , 0.0476636]
  RingCirclePositionError : 0
  position_error : 0.268905
  orientation_error : 1.82426
  found_in_gazebo : 1

 ErrorResults 
  stamp : 2025-11-28T22:02:40Z
  target_type : armor_red_3
  model_name : armor_red_3
  pose : 
       - position : [0.00380991 , 2.98136 , 1.05627]
       - orientation : [0.612061 , 0.786501 , -0.0672672 , 0.0476636]
  RingCirclePositionError : 0
  position_error : 0.268905
  orientation_error : 1.82426
  found_in_gazebo : 1

 ErrorResults 
  stamp : 2025-11-28T22:02:40Z
  target_type : armor_red_3
  model_name : armor_red_3
  pose : 
       - position : [0.00380991 , 2.98136 , 1.05627]
       - orientation : [0.612061 , 0.786501 , -0.0672672 , 0.0476636]
  RingCirclePositionError : 0
  position_error : 0.268905
  orientation_error : 1.82426
  found_in_gazebo : 1

 ErrorResults 
  stamp : 2025-11-28T22:02:40Z
  target_type : armor_red_3
  model_name : armor_red_3
  pose : 
       - position : [0.00380991 , 2.98136 , 1.05627]
       - orientation : [0.612061 , 0.786501 , -0.0672672 , 0.0476636]
  RingCirclePositionError : 0
  position_error : 0.268905
  orientation_error : 1.82426
  found_in_gazebo : 1

 ErrorResults 
  stamp : 2025-11-28T22:02:40Z
  target_type : armor_red_3
  model_name : armor_red_3
  pose : 
       - position : [0.00380991 , 2.98136 , 1.05627]
       - orientation : [0.612061 , 0.786501 , -0.0672672 , 0.0476636]
  RingCirclePositionError : 0
  position_error : 0.268905
  orientation_error : 1.82426
  found_in_gazebo : 1

 ErrorResults 
  stamp : 2025-11-28T22:02:40Z
  target_type : armor_red_3
  model_name : armor_red_3
  pose : 
       - position : [0.00380991 , 2.98136 , 1.05627]
       - orientation : [0.612061 , 0.786501 , -0.0672672 , 0.0476636]
  RingCirclePositionError : 0
  position_error : 0.268905
  orientation_error : 1.82426
  found_in_gazebo : 1

 ErrorResults 
  stamp : 2025-11-28T22:02:40Z
  target_type : armor_red_3
  model_name : armor_red_3
  pose : 
       - position : [0.00380991 , 2.98136 , 1.05627]
       - orientation : [0.612061 , 0.786501 , -0.0672672 , 0.0476636]
  RingCirclePositionError : 0
  position_error : 0.268905
  orientation_error : 1.82426
  found_in_gazebo : 1

 ErrorResults 
  stamp : 2025-11-28T22:02:40Z
  target_type : armor_red_3
  model_name : armor_red_3
  pose : 
       - position : [0.00380991 , 2.98136 , 1.05627]
       - orientation : [0.612061 , 0.786501 , -0.0672672 , 0.0476636]
  RingCirclePositionError : 0
  position_error : 0.268905
  orientation_error : 1.82426
  found_in_gazebo : 1

 ErrorResults 
  stamp : 2025-11-28T22:02:40Z
  target_type : armor_red_3
  model_name : armor_red_3
  pose : 
       - position : [0.00380991 , 2.98136 , 1.05627]
       - orientation : [0.612061 , 0.786501 , -0.0672672 , 0.0476636]
  RingCirclePositionError : 0
  position_error : 0.268905
  orientation_error : 1.82426
  found_in_gazebo : 1

 ErrorResults 
  stamp : 2025-11-28T22:02:40Z
  target_type : armor_red_3
  model_name : armor_red_3
  pose : 
       - position : [0.00380991 , 2.98136 , 1.05627]
       - orientation : [0.612061 , 0.786501 , -0.0672672 , 0.0476636]
  RingCirclePositionError : 0
  position_error : 0.268905
  orientation_error : 1.82426
  found_in_gazebo : 1

 ErrorResults 
  stamp : 2025-11-28T22:02:40Z
  target_type : armor_red_3
  model_name : armor_red_3
  pose : 
       - position : [0.00380991 , 2.98136 , 1.05627]
       - orientation : [0.612061 , 0.786501 , -0.0672672 , 0.0476636]
  RingCirclePositionError : 0
  position_error : 0.268905
  orientation_error : 1.82426
  found_in_gazebo : 1

 ErrorResults 
  stamp : 2025-11-28T22:02:40Z
  target_type : armor_red_3
  model_name : armor_red_3
  pose : 
       - position : [0.00380991 , 2.98136 , 1.05627]
       - orientation : [0.612061 , 0.786501 , -0.0672672 , 0.0476636]
  RingCirclePositionError : 0
  position_error : 0.268905
  orientation_error : 1.82426
  found_in_gazebo : 1

 ErrorResults 
  stamp : 2025-11-28T22:02:40Z
  target_type : armor_red_3
  model_name : armor_red_3
  pose : 
       - position : [0.00380991 , 2.98136 , 1.05627]
       - orientation : [0.612061 , 0.786501 , -0.0672672 , 0.0476636]
  RingCirclePositionError : 0
  position_error : 0.268905
  orientation_error : 1.82426
  found_in_gazebo : 1

 ErrorResults 
  stamp : 2025-11-28T22:02:40Z
  target_type : armor_red_3
  model_name : armor_red_3
  pose : 
       - position : [0.00380991 , 2.98136 , 1.05627]
       - orientation : [0.612061 , 0.786501 , -0.0672672 , 0.0476636]
  RingCirclePositionError : 0
  position_error : 0.268905
  orientation_error : 1.82426
  found_in_gazebo : 1

 ErrorResults 
  stamp : 2025-11-28T22:02:40Z
  target_type : armor_red_3
  model_name : armor_red_3
  pose : 
       - position : [0.00380991 , 2.98136 , 1.05627]
       - orientation : [0.612061 , 0.786501 , -0.0672672 , 0.0476636]
  RingCirclePositionError : 0
  position_error : 0.268905
  orientation_error : 1.82426
  found_in_gazebo : 1

 ErrorResults 
  stamp : 2025-11-28T22:02:40Z
  target_type : armor_red_3
  model_name : armor_red_3
  pose : 
       - position : [0.00380991 , 2.98136 , 1.05627]
       - orientation : [0.612061 , 0.786501 , -0.0672672 , 0.0476636]
  RingCirclePositionError : 0
  position_error : 0.268905
  orientation_error : 1.82426
  found_in_gazebo : 1

 ErrorResults 
  stamp : 2025-11-28T22:02:40Z
  target_type : armor_red_3
  model_name : armor_red_3
  pose : 
       - position : [0.00380991 , 2.98136 , 1.05627]
       - orientation : [0.612061 , 0.786501 , -0.0672672 , 0.0476636]
  RingCirclePositionError : 0
  position_error : 0.268905
  orientation_error : 1.82426
  found_in_gazebo : 1

 ErrorResults 
  stamp : 2025-11-28T22:02:40Z
  target_type : armor_red_3
  model_name : armor_red_3
  pose : 
       - position : [0.00380991 , 2.98136 , 1.05627]
       - orientation : [0.612061 , 0.786501 , -0.0672672 , 0.0476636]
  RingCirclePositionError : 0
  position_error : 0.268905
  orientation_error : 1.82426
  found_in_gazebo : 1

 ErrorResults 
  stamp : 2025-11-28T22:02:40Z
  target_type : armor_red_3
  model_name : armor_red_3
  pose : 
       - position : [0.00380991 , 2.98136 , 1.05627]
       - orientation : [0.612061 , 0.786501 , -0.0672672 , 0.0476636]
  RingCirclePositionError : 0
  position_error : 0.268905
  orientation_error : 1.82426
  found_in_gazebo : 1

 ErrorResults 
  stamp : 2025-11-28T22:02:40Z
  target_type : armor_red_3
  model_name : armor_red_3
  pose : 
       - position : [0.00380991 , 2.98136 , 1.05627]
       - orientation : [0.612061 , 0.786501 , -0.0672672 , 0.0476636]
  RingCirclePositionError : 0
  position_error : 0.268905
  orientation_error : 1.82426
  found_in_gazebo : 1

 ErrorResults 
  stamp : 2025-11-28T22:02:40Z
  target_type : armor_red_3
  model_name : armor_red_3
  pose : 
       - position : [0.00380991 , 2.98136 , 1.05627]
       - orientation : [0.612061 , 0.786501 , -0.0672672 , 0.0476636]
  RingCirclePositionError : 0
  position_error : 0.268905
  orientation_error : 1.82426
  found_in_gazebo : 1

 ErrorResults 
  stamp : 2025-11-28T22:02:40Z
  target_type : armor_red_3
  model_name : armor_red_3
  pose : 
       - position : [0.00380991 , 2.98136 , 1.05627]
       - orientation : [0.612061 , 0.786501 , -0.0672672 , 0.0476636]
  RingCirclePositionError : 0
  position_error : 0.268905
  orientation_error : 1.82426
  found_in_gazebo : 1

 ErrorResults 
  stamp : 2025-11-28T22:02:40Z
  target_type : armor_red_3
  model_name : armor_red_3
  pose : 
       - position : [0.00380991 , 2.98136 , 1.05627]
       - orientation : [0.612061 , 0.786501 , -0.0672672 , 0.0476636]
  RingCirclePositionError : 0
  position_error : 0.268905
  orientation_error : 1.82426
  found_in_gazebo : 1

 ErrorResults 
  stamp : 2025-11-28T22:02:41Z
  target_type : armor_red_3
  model_name : armor_red_3
  pose : 
       - position : [0.00380991 , 2.98136 , 1.05627]
       - orientation : [0.612061 , 0.786501 , -0.0672672 , 0.0476636]
  RingCirclePositionError : 0
  position_error : 0.268905
  orientation_error : 1.82426
  found_in_gazebo : 1

 ErrorResults 
  stamp : 2025-11-28T22:02:41Z
  target_type : armor_red_3
  model_name : armor_red_3
  pose : 
       - position : [0.00380991 , 2.98136 , 1.05627]
       - orientation : [0.612061 , 0.786501 , -0.0672672 , 0.0476636]
  RingCirclePositionError : 0
  position_error : 0.268905
  orientation_error : 1.82426
  found_in_gazebo : 1

 ErrorResults 
  stamp : 2025-11-28T22:02:41Z
  target_type : armor_red_3
  model_name : armor_red_3
  pose : 
       - position : [0.00380991 , 2.98136 , 1.05627]
       - orientation : [0.612061 , 0.786501 , -0.0672672 , 0.0476636]
  RingCirclePositionError : 0
  position_error : 0.268905
  orientation_error : 1.82426
  found_in_gazebo : 1

 ErrorResults 
  stamp : 2025-11-28T22:02:41Z
  target_type : armor_red_3
  model_name : armor_red_3
  pose : 
       - position : [0.00380991 , 2.98136 , 1.05627]
       - orientation : [0.612061 , 0.786501 , -0.0672672 , 0.0476636]
  RingCirclePositionError : 0
  position_error : 0.268905
  orientation_error : 1.82426
  found_in_gazebo : 1

 ErrorResults 
  stamp : 2025-11-28T22:02:41Z
  target_type : armor_red_3
  model_name : armor_red_3
  pose : 
       - position : [0.00380991 , 2.98136 , 1.05627]
       - orientation : [0.612061 , 0.786501 , -0.0672672 , 0.0476636]
  RingCirclePositionError : 0
  position_error : 0.268905
  orientation_error : 1.82426
  found_in_gazebo : 1

 ErrorResults 
  stamp : 2025-11-28T22:02:41Z
  target_type : armor_red_3
  model_name : armor_red_3
  pose : 
       - position : [0.00380991 , 2.98136 , 1.05627]
       - orientation : [0.612061 , 0.786501 , -0.0672672 , 0.0476636]
  RingCirclePositionError : 0
  position_error : 0.268905
  orientation_error : 1.82426
  found_in_gazebo : 1

 ErrorResults 
  stamp : 2025-11-28T22:02:41Z
  target_type : armor_red_3
  model_name : armor_red_3
  pose : 
       - position : [0.00380991 , 2.98136 , 1.05627]
       - orientation : [0.612061 , 0.786501 , -0.0672672 , 0.0476636]
  RingCirclePositionError : 0
  position_error : 0.268905
  orientation_error : 1.82426
  found_in_gazebo : 1

 ErrorResults 
  stamp : 2025-11-28T22:02:41Z
  target_type : armor_red_3
  model_name : armor_red_3
  pose : 
       - position : [0.00380991 , 2.98136 , 1.05627]
       - orientation : [0.612061 , 0.786501 , -0.0672672 , 0.0476636]
  RingCirclePositionError : 0
  position_error : 0.268905
  orientation_error : 1.82426
  found_in_gazebo : 1

 ErrorResults 
  stamp : 2025-11-28T22:02:41Z
  target_type : armor_red_3
  model_name : armor_red_3
  pose : 
       - position : [0.00380991 , 2.98136 , 1.05627]
       - orientation : [0.612061 , 0.786501 , -0.0672672 , 0.0476636]
  RingCirclePositionError : 0
  position_error : 0.268905
  orientation_error : 1.82426
  found_in_gazebo : 1

 ErrorResults 
  stamp : 2025-11-28T22:02:41Z
  target_type : armor_red_3
  model_name : armor_red_3
  pose : 
       - position : [0.00380991 , 2.98136 , 1.05627]
       - orientation : [0.612061 , 0.786501 , -0.0672672 , 0.0476636]
  RingCirclePositionError : 0
  position_error : 0.268905
  orientation_error : 1.82426
  found_in_gazebo : 1

 ErrorResults 
  stamp : 2025-11-28T22:02:41Z
  target_type : armor_red_3
  model_name : armor_red_3
  pose : 
       - position : [0.00380991 , 2.98136 , 1.05627]
       - orientation : [0.612061 , 0.786501 , -0.0672672 , 0.0476636]
  RingCirclePositionError : 0
  position_error : 0.268905
  orientation_error : 1.82426
  found_in_gazebo : 1

 ErrorResults 
  stamp : 2025-11-28T22:02:41Z
  target_type : armor_red_3
  model_name : armor_red_3
  pose : 
       - position : [0.00380991 , 2.98136 , 1.05627]
       - orientation : [0.612061 , 0.786501 , -0.0672672 , 0.0476636]
  RingCirclePositionError : 0
  position_error : 0.268905
  orientation_error : 1.82426
  found_in_gazebo : 1

 ErrorResults 
  stamp : 2025-11-28T22:02:41Z
  target_type : armor_red_3
  model_name : armor_red_3
  pose : 
       - position : [0.00380991 , 2.98136 , 1.05627]
       - orientation : [0.612061 , 0.786501 , -0.0672672 , 0.0476636]
  RingCirclePositionError : 0
  position_error : 0.268905
  orientation_error : 1.82426
  found_in_gazebo : 1

 ErrorResults 
  stamp : 2025-11-28T22:02:41Z
  target_type : armor_red_3
  model_name : armor_red_3
  pose : 
       - position : [0.00380991 , 2.98136 , 1.05627]
       - orientation : [0.612061 , 0.786501 , -0.0672672 , 0.0476636]
  RingCirclePositionError : 0
  position_error : 0.268905
  orientation_error : 1.82426
  found_in_gazebo : 1

 ErrorResults 
  stamp : 2025-11-28T22:02:41Z
  target_type : armor_red_3
  model_name : armor_red_3
  pose : 
       - position : [0.00380991 , 2.98136 , 1.05627]
       - orientation : [0.612061 , 0.786501 , -0.0672672 , 0.0476636]
  RingCirclePositionError : 0
  position_error : 0.268905
  orientation_error : 1.82426
  found_in_gazebo : 1

 ErrorResults 
  stamp : 2025-11-28T22:02:41Z
  target_type : armor_red_3
  model_name : armor_red_3
  pose : 
       - position : [0.00380991 , 2.98136 , 1.05627]
       - orientation : [0.612061 , 0.786501 , -0.0672672 , 0.0476636]
  RingCirclePositionError : 0
  position_error : 0.268905
  orientation_error : 1.82426
  found_in_gazebo : 1

 ErrorResults 
  stamp : 2025-11-28T22:02:41Z
  target_type : armor_red_3
  model_name : armor_red_3
  pose : 
       - position : [0.00380991 , 2.98136 , 1.05627]
       - orientation : [0.612061 , 0.786501 , -0.0672672 , 0.0476636]
  RingCirclePositionError : 0
  position_error : 0.268905
  orientation_error : 1.82426
  found_in_gazebo : 1

 ErrorResults 
  stamp : 2025-11-28T22:02:41Z
  target_type : armor_red_3
  model_name : armor_red_3
  pose : 
       - position : [0.00380991 , 2.98136 , 1.05627]
       - orientation : [0.612061 , 0.786501 , -0.0672672 , 0.0476636]
  RingCirclePositionError : 0
  position_error : 0.268905
  orientation_error : 1.82426
  found_in_gazebo : 1

 ErrorResults 
  stamp : 2025-11-28T22:02:41Z
  target_type : armor_red_3
  model_name : armor_red_3
  pose : 
       - position : [0.00380991 , 2.98136 , 1.05627]
       - orientation : [0.612061 , 0.786501 , -0.0672672 , 0.0476636]
  RingCirclePositionError : 0
  position_error : 0.268905
  orientation_error : 1.82426
  found_in_gazebo : 1

 ErrorResults 
  stamp : 2025-11-28T22:02:41Z
  target_type : armor_red_3
  model_name : armor_red_3
  pose : 
       - position : [0.00380991 , 2.98136 , 1.05627]
       - orientation : [0.612061 , 0.786501 , -0.0672672 , 0.0476636]
  RingCirclePositionError : 0
  position_error : 0.268905
  orientation_error : 1.82426
  found_in_gazebo : 1

 ErrorResults 
  stamp : 2025-11-28T22:02:41Z
  target_type : armor_red_3
  model_name : armor_red_3
  pose : 
       - position : [0.00380991 , 2.98136 , 1.05627]
       - orientation : [0.612061 , 0.786501 , -0.0672672 , 0.0476636]
  RingCirclePositionError : 0
  position_error : 0.268905
  orientation_error : 1.82426
  found_in_gazebo : 1

 ErrorResults 
  stamp : 2025-11-28T22:02:41Z
  target_type : armor_red_3
  model_name : armor_red_3
  pose : 
       - position : [0.00380991 , 2.98136 , 1.05627]
       - orientation : [0.612061 , 0.786501 , -0.0672672 , 0.0476636]
  RingCirclePositionError : 0
  position_error : 0.268905
  orientation_error : 1.82426
  found_in_gazebo : 1

 ErrorResults 
  stamp : 2025-11-28T22:02:41Z
  target_type : armor_red_3
  model_name : armor_red_3
  pose : 
       - position : [0.00380991 , 2.98136 , 1.05627]
       - orientation : [0.612061 , 0.786501 , -0.0672672 , 0.0476636]
  RingCirclePositionError : 0
  position_error : 0.268905
  orientation_error : 1.82426
  found_in_gazebo : 1

 ErrorResults 
  stamp : 2025-11-28T22:02:41Z
  target_type : armor_red_3
  model_name : armor_red_3
  pose : 
       - position : [0.00380991 , 2.98136 , 1.05627]
       - orientation : [0.612061 , 0.786501 , -0.0672672 , 0.0476636]
  RingCirclePositionError : 0
  position_error : 0.268905
  orientation_error : 1.82426
  found_in_gazebo : 1

 ErrorResults 
  stamp : 2025-11-28T22:02:41Z
  target_type : armor_red_3
  model_name : armor_red_3
  pose : 
       - position : [0.00380991 , 2.98136 , 1.05627]
       - orientation : [0.612061 , 0.786501 , -0.0672672 , 0.0476636]
  RingCirclePositionError : 0
  position_error : 0.268905
  orientation_error : 1.82426
  found_in_gazebo : 1

 ErrorResults 
  stamp : 2025-11-28T22:02:41Z
  target_type : armor_red_3
  model_name : armor_red_3
  pose : 
       - position : [0.00380991 , 2.98136 , 1.05627]
       - orientation : [0.612061 , 0.786501 , -0.0672672 , 0.0476636]
  RingCirclePositionError : 0
  position_error : 0.268905
  orientation_error : 1.82426
  found_in_gazebo : 1

 ErrorResults 
  stamp : 2025-11-28T22:02:41Z
  target_type : armor_red_3
  model_name : armor_red_3
  pose : 
       - position : [0.00380991 , 2.98136 , 1.05627]
       - orientation : [0.612061 , 0.786501 , -0.0672672 , 0.0476636]
  RingCirclePositionError : 0
  position_error : 0.268905
  orientation_error : 1.82426
  found_in_gazebo : 1

 ErrorResults 
  stamp : 2025-11-28T22:02:41Z
  target_type : armor_red_3
  model_name : armor_red_3
  pose : 
       - position : [0.00380991 , 2.98136 , 1.05627]
       - orientation : [0.612061 , 0.786501 , -0.0672672 , 0.0476636]
  RingCirclePositionError : 0
  position_error : 0.268905
  orientation_error : 1.82426
  found_in_gazebo : 1

 ErrorResults 
  stamp : 2025-11-28T22:02:41Z
  target_type : armor_red_3
  model_name : armor_red_3
  pose : 
       - position : [0.00380991 , 2.98136 , 1.05627]
       - orientation : [0.612061 , 0.786501 , -0.0672672 , 0.0476636]
  RingCirclePositionError : 0
  position_error : 0.268905
  orientation_error : 1.82426
  found_in_gazebo : 1

 ErrorResults 
  stamp : 2025-11-28T22:02:41Z
  target_type : armor_red_3
  model_name : armor_red_3
  pose : 
       - position : [0.00380991 , 2.98136 , 1.05627]
       - orientation : [0.612061 , 0.786501 , -0.0672672 , 0.0476636]
  RingCirclePositionError : 0
  position_error : 0.268905
  orientation_error : 1.82426
  found_in_gazebo : 1

 ErrorResults 
  stamp : 2025-11-28T22:02:41Z
  target_type : armor_red_3
  model_name : armor_red_3
  pose : 
       - position : [0.00380991 , 2.98136 , 1.05627]
       - orientation : [0.612061 , 0.786501 , -0.0672672 , 0.0476636]
  RingCirclePositionError : 0
  position_error : 0.268905
  orientation_error : 1.82426
  found_in_gazebo : 1

 ErrorResults 
  stamp : 2025-11-28T22:02:41Z
  target_type : armor_red_3
  model_name : armor_red_3
  pose : 
       - position : [0.00380991 , 2.98136 , 1.05627]
       - orientation : [0.612061 , 0.786501 , -0.0672672 , 0.0476636]
  RingCirclePositionError : 0
  position_error : 0.268905
  orientation_error : 1.82426
  found_in_gazebo : 1

 ErrorResults 
  stamp : 2025-11-28T22:02:41Z
  target_type : armor_red_3
  model_name : armor_red_3
  pose : 
       - position : [0.00380991 , 2.98136 , 1.05627]
       - orientation : [0.612061 , 0.786501 , -0.0672672 , 0.0476636]
  RingCirclePositionError : 0
  position_error : 0.268905
  orientation_error : 1.82426
  found_in_gazebo : 1

 ErrorResults 
  stamp : 2025-11-28T22:02:41Z
  target_type : armor_red_3
  model_name : armor_red_3
  pose : 
       - position : [0.00380991 , 2.98136 , 1.05627]
       - orientation : [0.612061 , 0.786501 , -0.0672672 , 0.0476636]
  RingCirclePositionError : 0
  position_error : 0.268905
  orientation_error : 1.82426
  found_in_gazebo : 1

 ErrorResults 
  stamp : 2025-11-28T22:02:41Z
  target_type : armor_red_3
  model_name : armor_red_3
  pose : 
       - position : [0.00380991 , 2.98136 , 1.05627]
       - orientation : [0.612061 , 0.786501 , -0.0672672 , 0.0476636]
  RingCirclePositionError : 0
  position_error : 0.268905
  orientation_error : 1.82426
  found_in_gazebo : 1

 ErrorResults 
  stamp : 2025-11-28T22:02:41Z
  target_type : armor_red_3
  model_name : armor_red_3
  pose : 
       - position : [0.00380991 , 2.98136 , 1.05627]
       - orientation : [0.612061 , 0.786501 , -0.0672672 , 0.0476636]
  RingCirclePositionError : 0
  position_error : 0.268905
  orientation_error : 1.82426
  found_in_gazebo : 1

 ErrorResults 
  stamp : 2025-11-28T22:02:41Z
  target_type : armor_red_3
  model_name : armor_red_3
  pose : 
       - position : [0.00380991 , 2.98136 , 1.05627]
       - orientation : [0.612061 , 0.786501 , -0.0672672 , 0.0476636]
  RingCirclePositionError : 0
  position_error : 0.268905
  orientation_error : 1.82426
  found_in_gazebo : 1

 ErrorResults 
  stamp : 2025-11-28T22:02:41Z
  target_type : armor_red_3
  model_name : armor_red_3
  pose : 
       - position : [0.00380991 , 2.98136 , 1.05627]
       - orientation : [0.612061 , 0.786501 , -0.0672672 , 0.0476636]
  RingCirclePositionError : 0
  position_error : 0.268905
  orientation_error : 1.82426
  found_in_gazebo : 1

 ErrorResults 
  stamp : 2025-11-28T22:02:41Z
  target_type : armor_red_3
  model_name : armor_red_3
  pose : 
       - position : [0.00380991 , 2.98136 , 1.05627]
       - orientation : [0.612061 , 0.786501 , -0.0672672 , 0.0476636]
  RingCirclePositionError : 0
  position_error : 0.268905
  orientation_error : 1.82426
  found_in_gazebo : 1

 ErrorResults 
  stamp : 2025-11-28T22:02:41Z
  target_type : armor_red_3
  model_name : armor_red_3
  pose : 
       - position : [0.00380991 , 2.98136 , 1.05627]
       - orientation : [0.612061 , 0.786501 , -0.0672672 , 0.0476636]
  RingCirclePositionError : 0
  position_error : 0.268905
  orientation_error : 1.82426
  found_in_gazebo : 1

 ErrorResults 
  stamp : 2025-11-28T22:02:41Z
  target_type : armor_red_3
  model_name : armor_red_3
  pose : 
       - position : [0.00380991 , 2.98136 , 1.05627]
       - orientation : [0.612061 , 0.786501 , -0.0672672 , 0.0476636]
  RingCirclePositionError : 0
  position_error : 0.268905
  orientation_error : 1.82426
  found_in_gazebo : 1

 ErrorResults 
  stamp : 2025-11-28T22:02:41Z
  target_type : armor_red_3
  model_name : armor_red_3
  pose : 
       - position : [0.00380991 , 2.98136 , 1.05627]
       - orientation : [0.612061 , 0.786501 , -0.0672672 , 0.0476636]
  RingCirclePositionError : 0
  position_error : 0.268905
  orientation_error : 1.82426
  found_in_gazebo : 1

 ErrorResults 
  stamp : 2025-11-28T22:02:41Z
  target_type : armor_red_3
  model_name : armor_red_3
  pose : 
       - position : [0.00380991 , 2.98136 , 1.05627]
       - orientation : [0.612061 , 0.786501 , -0.0672672 , 0.0476636]
  RingCirclePositionError : 0
  position_error : 0.268905
  orientation_error : 1.82426
  found_in_gazebo : 1

 ErrorResults 
  stamp : 2025-11-28T22:02:41Z
  target_type : armor_red_3
  model_name : armor_red_3
  pose : 
       - position : [0.00380991 , 2.98136 , 1.05627]
       - orientation : [0.612061 , 0.786501 , -0.0672672 , 0.0476636]
  RingCirclePositionError : 0
  position_error : 0.268905
  orientation_error : 1.82426
  found_in_gazebo : 1

 ErrorResults 
  stamp : 2025-11-28T22:02:41Z
  target_type : armor_red_3
  model_name : armor_red_3
  pose : 
       - position : [0.00380991 , 2.98136 , 1.05627]
       - orientation : [0.612061 , 0.786501 , -0.0672672 , 0.0476636]
  RingCirclePositionError : 0
  position_error : 0.268905
  orientation_error : 1.82426
  found_in_gazebo : 1

 ErrorResults 
  stamp : 2025-11-28T22:02:41Z
  target_type : armor_red_3
  model_name : armor_red_3
  pose : 
       - position : [0.00380991 , 2.98136 , 1.05627]
       - orientation : [0.612061 , 0.786501 , -0.0672672 , 0.0476636]
  RingCirclePositionError : 0
  position_error : 0.268905
  orientation_error : 1.82426
  found_in_gazebo : 1

 ErrorResults 
  stamp : 2025-11-28T22:02:42Z
  target_type : armor_red_3
  model_name : armor_red_3
  pose : 
       - position : [0.00380991 , 2.98136 , 1.05627]
       - orientation : [0.612061 , 0.786501 , -0.0672672 , 0.0476636]
  RingCirclePositionError : 0
  position_error : 0.268905
  orientation_error : 1.82426
  found_in_gazebo : 1

 ErrorResults 
  stamp : 2025-11-28T22:02:42Z
  target_type : armor_red_3
  model_name : armor_red_3
  pose : 
       - position : [0.00380991 , 2.98136 , 1.05627]
       - orientation : [0.612061 , 0.786501 , -0.0672672 , 0.0476636]
  RingCirclePositionError : 0
  position_error : 0.268905
  orientation_error : 1.82426
  found_in_gazebo : 1

 ErrorResults 
  stamp : 2025-11-28T22:02:42Z
  target_type : armor_red_3
  model_name : armor_red_3
  pose : 
       - position : [0.00380991 , 2.98136 , 1.05627]
       - orientation : [0.612061 , 0.786501 , -0.0672672 , 0.0476636]
  RingCirclePositionError : 0
  position_error : 0.268905
  orientation_error : 1.82426
  found_in_gazebo : 1

 ErrorResults 
  stamp : 2025-11-28T22:02:42Z
  target_type : armor_red_3
  model_name : armor_red_3
  pose : 
       - position : [0.00380991 , 2.98136 , 1.05627]
       - orientation : [0.612061 , 0.786501 , -0.0672672 , 0.0476636]
  RingCirclePositionError : 0
  position_error : 0.268905
  orientation_error : 1.82426
  found_in_gazebo : 1

 ErrorResults 
  stamp : 2025-11-28T22:02:42Z
  target_type : armor_red_3
  model_name : armor_red_3
  pose : 
       - position : [-0.00891429 , 2.97778 , 1.05514]
       - orientation : [0.602422 , 0.793721 , 0.0721327 , -0.0434874]
  RingCirclePositionError : 0
  position_error : 0.266882
  orientation_error : 1.84853
  found_in_gazebo : 1

 ErrorResults 
  stamp : 2025-11-28T22:02:42Z
  target_type : armor_red_3
  model_name : armor_red_3
  pose : 
       - position : [-0.00891429 , 2.97778 , 1.05514]
       - orientation : [0.602422 , 0.793721 , 0.0721327 , -0.0434874]
  RingCirclePositionError : 0
  position_error : 0.266882
  orientation_error : 1.84853
  found_in_gazebo : 1

 ErrorResults 
  stamp : 2025-11-28T22:02:42Z
  target_type : armor_red_3
  model_name : armor_red_3
  pose : 
       - position : [-0.00886386 , 2.97776 , 1.05513]
       - orientation : [0.602493 , 0.793694 , 0.071929 , -0.0433454]
  RingCirclePositionError : 0
  position_error : 0.266868
  orientation_error : 1.84835
  found_in_gazebo : 1

 ErrorResults 
  stamp : 2025-11-28T22:02:42Z
  target_type : armor_red_3
  model_name : armor_red_3
  pose : 
       - position : [-0.00886386 , 2.97776 , 1.05513]
       - orientation : [0.602493 , 0.793694 , 0.071929 , -0.0433454]
  RingCirclePositionError : 0
  position_error : 0.266868
  orientation_error : 1.84835
  found_in_gazebo : 1

 ErrorResults 
  stamp : 2025-11-28T22:02:42Z
  target_type : armor_red_3
  model_name : armor_red_3
  pose : 
       - position : [-0.00886386 , 2.97776 , 1.05513]
       - orientation : [0.602493 , 0.793694 , 0.071929 , -0.0433454]
  RingCirclePositionError : 0
  position_error : 0.266868
  orientation_error : 1.84835
  found_in_gazebo : 1

 ErrorResults 
  stamp : 2025-11-28T22:02:42Z
  target_type : armor_red_3
  model_name : armor_red_3
  pose : 
       - position : [-0.00886386 , 2.97776 , 1.05513]
       - orientation : [0.602493 , 0.793694 , 0.071929 , -0.0433454]
  RingCirclePositionError : 0
  position_error : 0.266868
  orientation_error : 1.84835
  found_in_gazebo : 1

 ErrorResults 
  stamp : 2025-11-28T22:02:42Z
  target_type : armor_red_3
  model_name : armor_red_3
  pose : 
       - position : [-0.00886386 , 2.97776 , 1.05513]
       - orientation : [0.602493 , 0.793694 , 0.071929 , -0.0433454]
  RingCirclePositionError : 0
  position_error : 0.266868
  orientation_error : 1.84835
  found_in_gazebo : 1

 ErrorResults 
  stamp : 2025-11-28T22:02:42Z
  target_type : armor_red_3
  model_name : armor_red_3
  pose : 
       - position : [-0.00886386 , 2.97776 , 1.05513]
       - orientation : [0.602493 , 0.793694 , 0.071929 , -0.0433454]
  RingCirclePositionError : 0
  position_error : 0.266868
  orientation_error : 1.84835
  found_in_gazebo : 1

 ErrorResults 
  stamp : 2025-11-28T22:02:42Z
  target_type : armor_red_3
  model_name : armor_red_3
  pose : 
       - position : [-0.00886386 , 2.97776 , 1.05513]
       - orientation : [0.602493 , 0.793694 , 0.071929 , -0.0433454]
  RingCirclePositionError : 0
  position_error : 0.266868
  orientation_error : 1.84835
  found_in_gazebo : 1

 ErrorResults 
  stamp : 2025-11-28T22:02:42Z
  target_type : armor_red_3
  model_name : armor_red_3
  pose : 
       - position : [-0.00886386 , 2.97776 , 1.05513]
       - orientation : [0.602493 , 0.793694 , 0.071929 , -0.0433454]
  RingCirclePositionError : 0
  position_error : 0.266868
  orientation_error : 1.84835
  found_in_gazebo : 1

 ErrorResults 
  stamp : 2025-11-28T22:02:42Z
  target_type : armor_red_3
  model_name : armor_red_3
  pose : 
       - position : [-0.00886386 , 2.97776 , 1.05513]
       - orientation : [0.602493 , 0.793694 , 0.071929 , -0.0433454]
  RingCirclePositionError : 0
  position_error : 0.266868
  orientation_error : 1.84835
  found_in_gazebo : 1

 ErrorResults 
  stamp : 2025-11-28T22:02:42Z
  target_type : armor_red_3
  model_name : armor_red_3
  pose : 
       - position : [-0.0088762 , 2.97748 , 1.05504]
       - orientation : [0.602581 , 0.7936 , 0.0721472 , -0.0434684]
  RingCirclePositionError : 0
  position_error : 0.266694
  orientation_error : 1.84813
  found_in_gazebo : 1

 ErrorResults 
  stamp : 2025-11-28T22:02:42Z
  target_type : armor_red_3
  model_name : armor_red_3
  pose : 
       - position : [-0.0088762 , 2.97748 , 1.05504]
       - orientation : [0.602581 , 0.7936 , 0.0721472 , -0.0434684]
  RingCirclePositionError : 0
  position_error : 0.266694
  orientation_error : 1.84813
  found_in_gazebo : 1

 ErrorResults 
  stamp : 2025-11-28T22:02:42Z
  target_type : armor_red_3
  model_name : armor_red_3
  pose : 
       - position : [-0.0088762 , 2.97748 , 1.05504]
       - orientation : [0.602581 , 0.7936 , 0.0721472 , -0.0434684]
  RingCirclePositionError : 0
  position_error : 0.266694
  orientation_error : 1.84813
  found_in_gazebo : 1

 ErrorResults 
  stamp : 2025-11-28T22:02:42Z
  target_type : armor_red_3
  model_name : armor_red_3
  pose : 
       - position : [-0.0088762 , 2.97748 , 1.05504]
       - orientation : [0.602581 , 0.7936 , 0.0721472 , -0.0434684]
  RingCirclePositionError : 0
  position_error : 0.266694
  orientation_error : 1.84813
  found_in_gazebo : 1

 ErrorResults 
  stamp : 2025-11-28T22:02:42Z
  target_type : armor_red_3
  model_name : armor_red_3
  pose : 
       - position : [-0.00882453 , 2.97746 , 1.05503]
       - orientation : [0.602652 , 0.793573 , 0.0719389 , -0.0433232]
  RingCirclePositionError : 0
  position_error : 0.26668
  orientation_error : 1.84795
  found_in_gazebo : 1

 ErrorResults 
  stamp : 2025-11-28T22:02:42Z
  target_type : armor_red_3
  model_name : armor_red_3
  pose : 
       - position : [-0.00882453 , 2.97746 , 1.05503]
       - orientation : [0.602652 , 0.793573 , 0.0719389 , -0.0433232]
  RingCirclePositionError : 0
  position_error : 0.26668
  orientation_error : 1.84795
  found_in_gazebo : 1

 ErrorResults 
  stamp : 2025-11-28T22:02:42Z
  target_type : armor_red_3
  model_name : armor_red_3
  pose : 
       - position : [-0.00882453 , 2.97746 , 1.05503]
       - orientation : [0.602652 , 0.793573 , 0.0719389 , -0.0433232]
  RingCirclePositionError : 0
  position_error : 0.26668
  orientation_error : 1.84795
  found_in_gazebo : 1

 ErrorResults 
  stamp : 2025-11-28T22:02:42Z
  target_type : armor_red_3
  model_name : armor_red_3
  pose : 
       - position : [-0.00882453 , 2.97746 , 1.05503]
       - orientation : [0.602652 , 0.793573 , 0.0719389 , -0.0433232]
  RingCirclePositionError : 0
  position_error : 0.26668
  orientation_error : 1.84795
  found_in_gazebo : 1

 ErrorResults 
  stamp : 2025-11-28T22:02:42Z
  target_type : armor_red_3
  model_name : armor_red_3
  pose : 
       - position : [-0.00882453 , 2.97746 , 1.05503]
       - orientation : [0.602652 , 0.793573 , 0.0719389 , -0.0433232]
  RingCirclePositionError : 0
  position_error : 0.26668
  orientation_error : 1.84795
  found_in_gazebo : 1

 ErrorResults 
  stamp : 2025-11-28T22:02:42Z
  target_type : armor_red_3
  model_name : armor_red_3
  pose : 
       - position : [-0.00882453 , 2.97746 , 1.05503]
       - orientation : [0.602652 , 0.793573 , 0.0719389 , -0.0433232]
  RingCirclePositionError : 0
  position_error : 0.26668
  orientation_error : 1.84795
  found_in_gazebo : 1

 ErrorResults 
  stamp : 2025-11-28T22:02:42Z
  target_type : armor_red_3
  model_name : armor_red_3
  pose : 
       - position : [-0.00882453 , 2.97746 , 1.05503]
       - orientation : [0.602652 , 0.793573 , 0.0719389 , -0.0433232]
  RingCirclePositionError : 0
  position_error : 0.26668
  orientation_error : 1.84795
  found_in_gazebo : 1

 ErrorResults 
  stamp : 2025-11-28T22:02:42Z
  target_type : armor_red_3
  model_name : armor_red_3
  pose : 
       - position : [-0.0088359 , 2.97716 , 1.05493]
       - orientation : [0.602748 , 0.793473 , 0.0721616 , -0.0434476]
  RingCirclePositionError : 0
  position_error : 0.266497
  orientation_error : 1.84771
  found_in_gazebo : 1

 ErrorResults 
  stamp : 2025-11-28T22:02:42Z
  target_type : armor_red_3
  model_name : armor_red_3
  pose : 
       - position : [-0.0088359 , 2.97716 , 1.05493]
       - orientation : [0.602748 , 0.793473 , 0.0721616 , -0.0434476]
  RingCirclePositionError : 0
  position_error : 0.266497
  orientation_error : 1.84771
  found_in_gazebo : 1

 ErrorResults 
  stamp : 2025-11-28T22:02:42Z
  target_type : armor_red_3
  model_name : armor_red_3
  pose : 
       - position : [-0.0088359 , 2.97716 , 1.05493]
       - orientation : [0.602748 , 0.793473 , 0.0721616 , -0.0434476]
  RingCirclePositionError : 0
  position_error : 0.266497
  orientation_error : 1.84771
  found_in_gazebo : 1

 ErrorResults 
  stamp : 2025-11-28T22:02:42Z
  target_type : armor_red_3
  model_name : armor_red_3
  pose : 
       - position : [-0.0088359 , 2.97716 , 1.05493]
       - orientation : [0.602748 , 0.793473 , 0.0721616 , -0.0434476]
  RingCirclePositionError : 0
  position_error : 0.266497
  orientation_error : 1.84771
  found_in_gazebo : 1

 ErrorResults 
  stamp : 2025-11-28T22:02:42Z
  target_type : armor_red_3
  model_name : armor_red_3
  pose : 
       - position : [-0.0088359 , 2.97716 , 1.05493]
       - orientation : [0.602748 , 0.793473 , 0.0721616 , -0.0434476]
  RingCirclePositionError : 0
  position_error : 0.266497
  orientation_error : 1.84771
  found_in_gazebo : 1

 ErrorResults 
  stamp : 2025-11-28T22:02:42Z
  target_type : armor_red_3
  model_name : armor_red_3
  pose : 
       - position : [-0.00878299 , 2.97714 , 1.05492]
       - orientation : [0.60282 , 0.793446 , 0.0719495 , -0.0432999]
  RingCirclePositionError : 0
  position_error : 0.26648
  orientation_error : 1.84753
  found_in_gazebo : 1

 ErrorResults 
  stamp : 2025-11-28T22:02:42Z
  target_type : armor_red_3
  model_name : armor_red_3
  pose : 
       - position : [-0.00878299 , 2.97714 , 1.05492]
       - orientation : [0.60282 , 0.793446 , 0.0719495 , -0.0432999]
  RingCirclePositionError : 0
  position_error : 0.26648
  orientation_error : 1.84753
  found_in_gazebo : 1

 ErrorResults 
  stamp : 2025-11-28T22:02:42Z
  target_type : armor_red_3
  model_name : armor_red_3
  pose : 
       - position : [-0.00878299 , 2.97714 , 1.05492]
       - orientation : [0.60282 , 0.793446 , 0.0719495 , -0.0432999]
  RingCirclePositionError : 0
  position_error : 0.26648
  orientation_error : 1.84753
  found_in_gazebo : 1

 ErrorResults 
  stamp : 2025-11-28T22:02:42Z
  target_type : armor_red_3
  model_name : armor_red_3
  pose : 
       - position : [-0.00878299 , 2.97714 , 1.05492]
       - orientation : [0.60282 , 0.793446 , 0.0719495 , -0.0432999]
  RingCirclePositionError : 0
  position_error : 0.26648
  orientation_error : 1.84753
  found_in_gazebo : 1

 ErrorResults 
  stamp : 2025-11-28T22:02:42Z
  target_type : armor_red_3
  model_name : armor_red_3
  pose : 
       - position : [-0.00878299 , 2.97714 , 1.05492]
       - orientation : [0.60282 , 0.793446 , 0.0719495 , -0.0432999]
  RingCirclePositionError : 0
  position_error : 0.26648
  orientation_error : 1.84753
  found_in_gazebo : 1

 ErrorResults 
  stamp : 2025-11-28T22:02:42Z
  target_type : armor_red_3
  model_name : armor_red_3
  pose : 
       - position : [-0.00878299 , 2.97714 , 1.05492]
       - orientation : [0.60282 , 0.793446 , 0.0719495 , -0.0432999]
  RingCirclePositionError : 0
  position_error : 0.26648
  orientation_error : 1.84753
  found_in_gazebo : 1

 ErrorResults 
  stamp : 2025-11-28T22:02:42Z
  target_type : armor_red_3
  model_name : armor_red_3
  pose : 
       - position : [-0.00879382 , 2.97682 , 1.05481]
       - orientation : [0.602924 , 0.793339 , 0.0721794 , -0.0434277]
  RingCirclePositionError : 0
  position_error : 0.266288
  orientation_error : 1.84727
  found_in_gazebo : 1

 ErrorResults 
  stamp : 2025-11-28T22:02:42Z
  target_type : armor_red_3
  model_name : armor_red_3
  pose : 
       - position : [-0.00879382 , 2.97682 , 1.05481]
       - orientation : [0.602924 , 0.793339 , 0.0721794 , -0.0434277]
  RingCirclePositionError : 0
  position_error : 0.266288
  orientation_error : 1.84727
  found_in_gazebo : 1

 ErrorResults 
  stamp : 2025-11-28T22:02:42Z
  target_type : armor_red_3
  model_name : armor_red_3
  pose : 
       - position : [-0.00879382 , 2.97682 , 1.05481]
       - orientation : [0.602924 , 0.793339 , 0.0721794 , -0.0434277]
  RingCirclePositionError : 0
  position_error : 0.266288
  orientation_error : 1.84727
  found_in_gazebo : 1

 ErrorResults 
  stamp : 2025-11-28T22:02:42Z
  target_type : armor_red_3
  model_name : armor_red_3
  pose : 
       - position : [-0.00879382 , 2.97682 , 1.05481]
       - orientation : [0.602924 , 0.793339 , 0.0721794 , -0.0434277]
  RingCirclePositionError : 0
  position_error : 0.266288
  orientation_error : 1.84727
  found_in_gazebo : 1

 ErrorResults 
  stamp : 2025-11-28T22:02:42Z
  target_type : armor_red_3
  model_name : armor_red_3
  pose : 
       - position : [-0.00879382 , 2.97682 , 1.05481]
       - orientation : [0.602924 , 0.793339 , 0.0721794 , -0.0434277]
  RingCirclePositionError : 0
  position_error : 0.266288
  orientation_error : 1.84727
  found_in_gazebo : 1

 ErrorResults 
  stamp : 2025-11-28T22:02:42Z
  target_type : armor_red_3
  model_name : armor_red_3
  pose : 
       - position : [-0.00879382 , 2.97682 , 1.05481]
       - orientation : [0.602924 , 0.793339 , 0.0721794 , -0.0434277]
  RingCirclePositionError : 0
  position_error : 0.266288
  orientation_error : 1.84727
  found_in_gazebo : 1

 ErrorResults 
  stamp : 2025-11-28T22:02:42Z
  target_type : armor_red_3
  model_name : armor_red_3
  pose : 
       - position : [-0.00879382 , 2.97682 , 1.05481]
       - orientation : [0.602924 , 0.793339 , 0.0721794 , -0.0434277]
  RingCirclePositionError : 0
  position_error : 0.266288
  orientation_error : 1.84727
  found_in_gazebo : 1

 ErrorResults 
  stamp : 2025-11-28T22:02:42Z
  target_type : armor_red_3
  model_name : armor_red_3
  pose : 
       - position : [-0.00873972 , 2.9768 , 1.05481]
       - orientation : [0.602997 , 0.793312 , 0.0719623 , -0.0432766]
  RingCirclePositionError : 0
  position_error : 0.266272
  orientation_error : 1.84709
  found_in_gazebo : 1

 ErrorResults 
  stamp : 2025-11-28T22:02:43Z
  target_type : armor_red_3
  model_name : armor_red_3
  pose : 
       - position : [-0.00873972 , 2.9768 , 1.05481]
       - orientation : [0.602997 , 0.793312 , 0.0719623 , -0.0432766]
  RingCirclePositionError : 0
  position_error : 0.266272
  orientation_error : 1.84709
  found_in_gazebo : 1

 ErrorResults 
  stamp : 2025-11-28T22:02:43Z
  target_type : armor_red_3
  model_name : armor_red_3
  pose : 
       - position : [-0.00873972 , 2.9768 , 1.05481]
       - orientation : [0.602997 , 0.793312 , 0.0719623 , -0.0432766]
  RingCirclePositionError : 0
  position_error : 0.266272
  orientation_error : 1.84709
  found_in_gazebo : 1

 ErrorResults 
  stamp : 2025-11-28T22:02:43Z
  target_type : armor_red_3
  model_name : armor_red_3
  pose : 
       - position : [-0.00873972 , 2.9768 , 1.05481]
       - orientation : [0.602997 , 0.793312 , 0.0719623 , -0.0432766]
  RingCirclePositionError : 0
  position_error : 0.266272
  orientation_error : 1.84709
  found_in_gazebo : 1

 ErrorResults 
  stamp : 2025-11-28T22:02:43Z
  target_type : armor_red_3
  model_name : armor_red_3
  pose : 
       - position : [-0.00873972 , 2.9768 , 1.05481]
       - orientation : [0.602997 , 0.793312 , 0.0719623 , -0.0432766]
  RingCirclePositionError : 0
  position_error : 0.266272
  orientation_error : 1.84709
  found_in_gazebo : 1

 ErrorResults 
  stamp : 2025-11-28T22:02:43Z
  target_type : armor_red_3
  model_name : armor_red_3
  pose : 
       - position : [-0.0087496 , 2.97647 , 1.05469]
       - orientation : [0.603109 , 0.793198 , 0.0721988 , -0.0434069]
  RingCirclePositionError : 0
  position_error : 0.266068
  orientation_error : 1.84681
  found_in_gazebo : 1

 ErrorResults 
  stamp : 2025-11-28T22:02:43Z
  target_type : armor_red_3
  model_name : armor_red_3
  pose : 
       - position : [-0.0087496 , 2.97647 , 1.05469]
       - orientation : [0.603109 , 0.793198 , 0.0721988 , -0.0434069]
  RingCirclePositionError : 0
  position_error : 0.266068
  orientation_error : 1.84681
  found_in_gazebo : 1

 ErrorResults 
  stamp : 2025-11-28T22:02:43Z
  target_type : armor_red_3
  model_name : armor_red_3
  pose : 
       - position : [-0.0087496 , 2.97647 , 1.05469]
       - orientation : [0.603109 , 0.793198 , 0.0721988 , -0.0434069]
  RingCirclePositionError : 0
  position_error : 0.266068
  orientation_error : 1.84681
  found_in_gazebo : 1

 ErrorResults 
  stamp : 2025-11-28T22:02:43Z
  target_type : armor_red_3
  model_name : armor_red_3
  pose : 
       - position : [-0.0087496 , 2.97647 , 1.05469]
       - orientation : [0.603109 , 0.793198 , 0.0721988 , -0.0434069]
  RingCirclePositionError : 0
  position_error : 0.266068
  orientation_error : 1.84681
  found_in_gazebo : 1

 ErrorResults 
  stamp : 2025-11-28T22:02:43Z
  target_type : armor_red_3
  model_name : armor_red_3
  pose : 
       - position : [-0.0087496 , 2.97647 , 1.05469]
       - orientation : [0.603109 , 0.793198 , 0.0721988 , -0.0434069]
  RingCirclePositionError : 0
  position_error : 0.266068
  orientation_error : 1.84681
  found_in_gazebo : 1

 ErrorResults 
  stamp : 2025-11-28T22:02:43Z
  target_type : armor_red_3
  model_name : armor_red_3
  pose : 
       - position : [-0.0087496 , 2.97647 , 1.05469]
       - orientation : [0.603109 , 0.793198 , 0.0721988 , -0.0434069]
  RingCirclePositionError : 0
  position_error : 0.266068
  orientation_error : 1.84681
  found_in_gazebo : 1

 ErrorResults 
  stamp : 2025-11-28T22:02:43Z
  target_type : armor_red_3
  model_name : armor_red_3
  pose : 
       - position : [-0.0087496 , 2.97647 , 1.05469]
       - orientation : [0.603109 , 0.793198 , 0.0721988 , -0.0434069]
  RingCirclePositionError : 0
  position_error : 0.266068
  orientation_error : 1.84681
  found_in_gazebo : 1

 ErrorResults 
  stamp : 2025-11-28T22:02:43Z
  target_type : armor_red_3
  model_name : armor_red_3
  pose : 
       - position : [-0.0087496 , 2.97647 , 1.05469]
       - orientation : [0.603109 , 0.793198 , 0.0721988 , -0.0434069]
  RingCirclePositionError : 0
  position_error : 0.266068
  orientation_error : 1.84681
  found_in_gazebo : 1

 ErrorResults 
  stamp : 2025-11-28T22:02:43Z
  target_type : armor_red_3
  model_name : armor_red_3
  pose : 
       - position : [-0.00869419 , 2.97644 , 1.05468]
       - orientation : [0.603183 , 0.79317 , 0.071978 , -0.0432532]
  RingCirclePositionError : 0
  position_error : 0.26605
  orientation_error : 1.84662
  found_in_gazebo : 1

 ErrorResults 
  stamp : 2025-11-28T22:02:43Z
  target_type : armor_red_3
  model_name : armor_red_3
  pose : 
       - position : [-0.00869419 , 2.97644 , 1.05468]
       - orientation : [0.603183 , 0.79317 , 0.071978 , -0.0432532]
  RingCirclePositionError : 0
  position_error : 0.26605
  orientation_error : 1.84662
  found_in_gazebo : 1

 ErrorResults 
  stamp : 2025-11-28T22:02:43Z
  target_type : armor_red_3
  model_name : armor_red_3
  pose : 
       - position : [-0.00869419 , 2.97644 , 1.05468]
       - orientation : [0.603183 , 0.79317 , 0.071978 , -0.0432532]
  RingCirclePositionError : 0
  position_error : 0.26605
  orientation_error : 1.84662
  found_in_gazebo : 1

 ErrorResults 
  stamp : 2025-11-28T22:02:43Z
  target_type : armor_red_3
  model_name : armor_red_3
  pose : 
       - position : [-0.00869419 , 2.97644 , 1.05468]
       - orientation : [0.603183 , 0.79317 , 0.071978 , -0.0432532]
  RingCirclePositionError : 0
  position_error : 0.26605
  orientation_error : 1.84662
  found_in_gazebo : 1

 ErrorResults 
  stamp : 2025-11-28T22:02:43Z
  target_type : armor_red_3
  model_name : armor_red_3
  pose : 
       - position : [-0.00870303 , 2.97609 , 1.05457]
       - orientation : [0.603304 , 0.793049 , 0.072221 , -0.0433861]
  RingCirclePositionError : 0
  position_error : 0.265835
  orientation_error : 1.84632
  found_in_gazebo : 1

 ErrorResults 
  stamp : 2025-11-28T22:02:43Z
  target_type : armor_red_3
  model_name : armor_red_3
  pose : 
       - position : [-0.00870303 , 2.97609 , 1.05457]
       - orientation : [0.603304 , 0.793049 , 0.072221 , -0.0433861]
  RingCirclePositionError : 0
  position_error : 0.265835
  orientation_error : 1.84632
  found_in_gazebo : 1

 ErrorResults 
  stamp : 2025-11-28T22:02:43Z
  target_type : armor_red_3
  model_name : armor_red_3
  pose : 
       - position : [-0.00870303 , 2.97609 , 1.05457]
       - orientation : [0.603304 , 0.793049 , 0.072221 , -0.0433861]
  RingCirclePositionError : 0
  position_error : 0.265835
  orientation_error : 1.84632
  found_in_gazebo : 1

 ErrorResults 
  stamp : 2025-11-28T22:02:43Z
  target_type : armor_red_3
  model_name : armor_red_3
  pose : 
       - position : [-0.00870303 , 2.97609 , 1.05457]
       - orientation : [0.603304 , 0.793049 , 0.072221 , -0.0433861]
  RingCirclePositionError : 0
  position_error : 0.265835
  orientation_error : 1.84632
  found_in_gazebo : 1

 ErrorResults 
  stamp : 2025-11-28T22:02:43Z
  target_type : armor_red_3
  model_name : armor_red_3
  pose : 
       - position : [-0.00870303 , 2.97609 , 1.05457]
       - orientation : [0.603304 , 0.793049 , 0.072221 , -0.0433861]
  RingCirclePositionError : 0
  position_error : 0.265835
  orientation_error : 1.84632
  found_in_gazebo : 1

 ErrorResults 
  stamp : 2025-11-28T22:02:43Z
  target_type : armor_red_3
  model_name : armor_red_3
  pose : 
       - position : [-0.00870303 , 2.97609 , 1.05457]
       - orientation : [0.603304 , 0.793049 , 0.072221 , -0.0433861]
  RingCirclePositionError : 0
  position_error : 0.265835
  orientation_error : 1.84632
  found_in_gazebo : 1

 ErrorResults 
  stamp : 2025-11-28T22:02:43Z
  target_type : armor_red_3
  model_name : armor_red_3
  pose : 
       - position : [-0.00870303 , 2.97609 , 1.05457]
       - orientation : [0.603304 , 0.793049 , 0.072221 , -0.0433861]
  RingCirclePositionError : 0
  position_error : 0.265835
  orientation_error : 1.84632
  found_in_gazebo : 1

 ErrorResults 
  stamp : 2025-11-28T22:02:43Z
  target_type : armor_red_3
  model_name : armor_red_3
  pose : 
       - position : [-0.00870303 , 2.97609 , 1.05457]
       - orientation : [0.603304 , 0.793049 , 0.072221 , -0.0433861]
  RingCirclePositionError : 0
  position_error : 0.265835
  orientation_error : 1.84632
  found_in_gazebo : 1

 ErrorResults 
  stamp : 2025-11-28T22:02:43Z
  target_type : armor_red_3
  model_name : armor_red_3
  pose : 
       - position : [-0.00870303 , 2.97609 , 1.05457]
       - orientation : [0.603304 , 0.793049 , 0.072221 , -0.0433861]
  RingCirclePositionError : 0
  position_error : 0.265835
  orientation_error : 1.84632
  found_in_gazebo : 1

 ErrorResults 
  stamp : 2025-11-28T22:02:43Z
  target_type : armor_red_3
  model_name : armor_red_3
  pose : 
       - position : [-0.00870303 , 2.97609 , 1.05457]
       - orientation : [0.603304 , 0.793049 , 0.072221 , -0.0433861]
  RingCirclePositionError : 0
  position_error : 0.265835
  orientation_error : 1.84632
  found_in_gazebo : 1

 ErrorResults 
  stamp : 2025-11-28T22:02:43Z
  target_type : armor_red_3
  model_name : armor_red_3
  pose : 
       - position : [-0.00870303 , 2.97609 , 1.05457]
       - orientation : [0.603304 , 0.793049 , 0.072221 , -0.0433861]
  RingCirclePositionError : 0
  position_error : 0.265835
  orientation_error : 1.84632
  found_in_gazebo : 1

 ErrorResults 
  stamp : 2025-11-28T22:02:43Z
  target_type : armor_red_3
  model_name : armor_red_3
  pose : 
       - position : [-0.00864645 , 2.97606 , 1.05455]
       - orientation : [0.603378 , 0.793021 , 0.0719964 , -0.0432298]
  RingCirclePositionError : 0
  position_error : 0.265815
  orientation_error : 1.84613
  found_in_gazebo : 1

 ErrorResults 
  stamp : 2025-11-28T22:02:43Z
  target_type : armor_red_3
  model_name : armor_red_3
  pose : 
       - position : [-0.00864645 , 2.97606 , 1.05455]
       - orientation : [0.603378 , 0.793021 , 0.0719964 , -0.0432298]
  RingCirclePositionError : 0
  position_error : 0.265815
  orientation_error : 1.84613
  found_in_gazebo : 1

 ErrorResults 
  stamp : 2025-11-28T22:02:43Z
  target_type : armor_red_3
  model_name : armor_red_3
  pose : 
       - position : [-0.00865428 , 2.97569 , 1.05443]
       - orientation : [0.60351 , 0.792891 , 0.0722472 , -0.0433656]
  RingCirclePositionError : 0
  position_error : 0.265589
  orientation_error : 1.8458
  found_in_gazebo : 1

 ErrorResults 
  stamp : 2025-11-28T22:02:43Z
  target_type : armor_red_3
  model_name : armor_red_3
  pose : 
       - position : [-0.00865428 , 2.97569 , 1.05443]
       - orientation : [0.60351 , 0.792891 , 0.0722472 , -0.0433656]
  RingCirclePositionError : 0
  position_error : 0.265589
  orientation_error : 1.8458
  found_in_gazebo : 1

 ErrorResults 
  stamp : 2025-11-28T22:02:43Z
  target_type : armor_red_3
  model_name : armor_red_3
  pose : 
       - position : [-0.00865428 , 2.97569 , 1.05443]
       - orientation : [0.60351 , 0.792891 , 0.0722472 , -0.0433656]
  RingCirclePositionError : 0
  position_error : 0.265589
  orientation_error : 1.8458
  found_in_gazebo : 1

 ErrorResults 
  stamp : 2025-11-28T22:02:43Z
  target_type : armor_red_3
  model_name : armor_red_3
  pose : 
       - position : [-0.00865428 , 2.97569 , 1.05443]
       - orientation : [0.60351 , 0.792891 , 0.0722472 , -0.0433656]
  RingCirclePositionError : 0
  position_error : 0.265589
  orientation_error : 1.8458
  found_in_gazebo : 1

 ErrorResults 
  stamp : 2025-11-28T22:02:43Z
  target_type : armor_red_3
  model_name : armor_red_3
  pose : 
       - position : [-0.00865428 , 2.97569 , 1.05443]
       - orientation : [0.60351 , 0.792891 , 0.0722472 , -0.0433656]
  RingCirclePositionError : 0
  position_error : 0.265589
  orientation_error : 1.8458
  found_in_gazebo : 1

 ErrorResults 
  stamp : 2025-11-28T22:02:43Z
  target_type : armor_red_3
  model_name : armor_red_3
  pose : 
       - position : [-0.00865428 , 2.97569 , 1.05443]
       - orientation : [0.60351 , 0.792891 , 0.0722472 , -0.0433656]
  RingCirclePositionError : 0
  position_error : 0.265589
  orientation_error : 1.8458
  found_in_gazebo : 1

 ErrorResults 
  stamp : 2025-11-28T22:02:43Z
  target_type : armor_red_3
  model_name : armor_red_3
  pose : 
       - position : [-0.00865428 , 2.97569 , 1.05443]
       - orientation : [0.60351 , 0.792891 , 0.0722472 , -0.0433656]
  RingCirclePositionError : 0
  position_error : 0.265589
  orientation_error : 1.8458
  found_in_gazebo : 1

 ErrorResults 
  stamp : 2025-11-28T22:02:43Z
  target_type : armor_red_3
  model_name : armor_red_3
  pose : 
       - position : [-0.00865428 , 2.97569 , 1.05443]
       - orientation : [0.60351 , 0.792891 , 0.0722472 , -0.0433656]
  RingCirclePositionError : 0
  position_error : 0.265589
  orientation_error : 1.8458
  found_in_gazebo : 1

 ErrorResults 
  stamp : 2025-11-28T22:02:43Z
  target_type : armor_red_3
  model_name : armor_red_3
  pose : 
       - position : [-0.00865428 , 2.97569 , 1.05443]
       - orientation : [0.60351 , 0.792891 , 0.0722472 , -0.0433656]
  RingCirclePositionError : 0
  position_error : 0.265589
  orientation_error : 1.8458
  found_in_gazebo : 1

 ErrorResults 
  stamp : 2025-11-28T22:02:43Z
  target_type : armor_red_3
  model_name : armor_red_3
  pose : 
       - position : [-0.00865428 , 2.97569 , 1.05443]
       - orientation : [0.60351 , 0.792891 , 0.0722472 , -0.0433656]
  RingCirclePositionError : 0
  position_error : 0.265589
  orientation_error : 1.8458
  found_in_gazebo : 1

 ErrorResults 
  stamp : 2025-11-28T22:02:43Z
  target_type : armor_red_3
  model_name : armor_red_3
  pose : 
       - position : [-0.00865428 , 2.97569 , 1.05443]
       - orientation : [0.60351 , 0.792891 , 0.0722472 , -0.0433656]
  RingCirclePositionError : 0
  position_error : 0.265589
  orientation_error : 1.8458
  found_in_gazebo : 1

 ErrorResults 
  stamp : 2025-11-28T22:02:43Z
  target_type : armor_red_3
  model_name : armor_red_3
  pose : 
       - position : [-0.00865428 , 2.97569 , 1.05443]
       - orientation : [0.60351 , 0.792891 , 0.0722472 , -0.0433656]
  RingCirclePositionError : 0
  position_error : 0.265589
  orientation_error : 1.8458
  found_in_gazebo : 1

 ErrorResults 
  stamp : 2025-11-28T22:02:43Z
  target_type : armor_red_3
  model_name : armor_red_3
  pose : 
       - position : [-0.00860316 , 2.97526 , 1.05428]
       - orientation : [0.603728 , 0.792723 , 0.0722778 , -0.043346]
  RingCirclePositionError : 0
  position_error : 0.265327
  orientation_error : 1.84525
  found_in_gazebo : 1

 ErrorResults 
  stamp : 2025-11-28T22:02:43Z
  target_type : armor_red_3
  model_name : armor_red_3
  pose : 
       - position : [-0.00860316 , 2.97526 , 1.05428]
       - orientation : [0.603728 , 0.792723 , 0.0722778 , -0.043346]
  RingCirclePositionError : 0
  position_error : 0.265327
  orientation_error : 1.84525
  found_in_gazebo : 1

 ErrorResults 
  stamp : 2025-11-28T22:02:43Z
  target_type : armor_red_3
  model_name : armor_red_3
  pose : 
       - position : [-0.00860316 , 2.97526 , 1.05428]
       - orientation : [0.603728 , 0.792723 , 0.0722778 , -0.043346]
  RingCirclePositionError : 0
  position_error : 0.265327
  orientation_error : 1.84525
  found_in_gazebo : 1

 ErrorResults 
  stamp : 2025-11-28T22:02:43Z
  target_type : armor_red_3
  model_name : armor_red_3
  pose : 
       - position : [-0.00860316 , 2.97526 , 1.05428]
       - orientation : [0.603728 , 0.792723 , 0.0722778 , -0.043346]
  RingCirclePositionError : 0
  position_error : 0.265327
  orientation_error : 1.84525
  found_in_gazebo : 1

 ErrorResults 
  stamp : 2025-11-28T22:02:44Z
  target_type : armor_red_3
  model_name : armor_red_3
  pose : 
       - position : [-0.00860316 , 2.97526 , 1.05428]
       - orientation : [0.603728 , 0.792723 , 0.0722778 , -0.043346]
  RingCirclePositionError : 0
  position_error : 0.265327
  orientation_error : 1.84525
  found_in_gazebo : 1

 ErrorResults 
  stamp : 2025-11-28T22:02:44Z
  target_type : armor_red_3
  model_name : armor_red_3
  pose : 
       - position : [-0.00860316 , 2.97526 , 1.05428]
       - orientation : [0.603728 , 0.792723 , 0.0722778 , -0.043346]
  RingCirclePositionError : 0
  position_error : 0.265327
  orientation_error : 1.84525
  found_in_gazebo : 1

 ErrorResults 
  stamp : 2025-11-28T22:02:44Z
  target_type : armor_red_3
  model_name : armor_red_3
  pose : 
       - position : [-0.00860316 , 2.97526 , 1.05428]
       - orientation : [0.603728 , 0.792723 , 0.0722778 , -0.043346]
  RingCirclePositionError : 0
  position_error : 0.265327
  orientation_error : 1.84525
  found_in_gazebo : 1

 ErrorResults 
  stamp : 2025-11-28T22:02:44Z
  target_type : armor_red_3
  model_name : armor_red_3
  pose : 
       - position : [-0.00860316 , 2.97526 , 1.05428]
       - orientation : [0.603728 , 0.792723 , 0.0722778 , -0.043346]
  RingCirclePositionError : 0
  position_error : 0.265327
  orientation_error : 1.84525
  found_in_gazebo : 1

 ErrorResults 
  stamp : 2025-11-28T22:02:44Z
  target_type : armor_red_3
  model_name : armor_red_3
  pose : 
       - position : [-0.00860316 , 2.97526 , 1.05428]
       - orientation : [0.603728 , 0.792723 , 0.0722778 , -0.043346]
  RingCirclePositionError : 0
  position_error : 0.265327
  orientation_error : 1.84525
  found_in_gazebo : 1

 ErrorResults 
  stamp : 2025-11-28T22:02:44Z
  target_type : armor_red_3
  model_name : armor_red_3
  pose : 
       - position : [-0.00860316 , 2.97526 , 1.05428]
       - orientation : [0.603728 , 0.792723 , 0.0722778 , -0.043346]
  RingCirclePositionError : 0
  position_error : 0.265327
  orientation_error : 1.84525
  found_in_gazebo : 1

 ErrorResults 
  stamp : 2025-11-28T22:02:44Z
  target_type : armor_red_3
  model_name : armor_red_3
  pose : 
       - position : [-0.00860316 , 2.97526 , 1.05428]
       - orientation : [0.603728 , 0.792723 , 0.0722778 , -0.043346]
  RingCirclePositionError : 0
  position_error : 0.265327
  orientation_error : 1.84525
  found_in_gazebo : 1

 ErrorResults 
  stamp : 2025-11-28T22:02:44Z
  target_type : armor_red_3
  model_name : armor_red_3
  pose : 
       - position : [-0.00860316 , 2.97526 , 1.05428]
       - orientation : [0.603728 , 0.792723 , 0.0722778 , -0.043346]
  RingCirclePositionError : 0
  position_error : 0.265327
  orientation_error : 1.84525
  found_in_gazebo : 1

 ErrorResults 
  stamp : 2025-11-28T22:02:44Z
  target_type : armor_red_3
  model_name : armor_red_3
  pose : 
       - position : [-0.00860316 , 2.97526 , 1.05428]
       - orientation : [0.603728 , 0.792723 , 0.0722778 , -0.043346]
  RingCirclePositionError : 0
  position_error : 0.265327
  orientation_error : 1.84525
  found_in_gazebo : 1

 ErrorResults 
  stamp : 2025-11-28T22:02:44Z
  target_type : armor_red_3
  model_name : armor_red_3
  pose : 
       - position : [-0.00860316 , 2.97526 , 1.05428]
       - orientation : [0.603728 , 0.792723 , 0.0722778 , -0.043346]
  RingCirclePositionError : 0
  position_error : 0.265327
  orientation_error : 1.84525
  found_in_gazebo : 1

 ErrorResults 
  stamp : 2025-11-28T22:02:44Z
  target_type : armor_red_3
  model_name : armor_red_3
  pose : 
       - position : [-0.00861009 , 2.97485 , 1.05414]
       - orientation : [0.603883 , 0.792572 , 0.0725506 , -0.0434918]
  RingCirclePositionError : 0
  position_error : 0.265075
  orientation_error : 1.84487
  found_in_gazebo : 1

 ErrorResults 
  stamp : 2025-11-28T22:02:44Z
  target_type : armor_red_3
  model_name : armor_red_3
  pose : 
       - position : [-0.00854899 , 2.97481 , 1.05413]
       - orientation : [0.60396 , 0.792544 , 0.0723128 , -0.0433266]
  RingCirclePositionError : 0
  position_error : 0.265048
  orientation_error : 1.84467
  found_in_gazebo : 1

 ErrorResults 
  stamp : 2025-11-28T22:02:44Z
  target_type : armor_red_3
  model_name : armor_red_3
  pose : 
       - position : [-0.00854899 , 2.97481 , 1.05413]
       - orientation : [0.60396 , 0.792544 , 0.0723128 , -0.0433266]
  RingCirclePositionError : 0
  position_error : 0.265048
  orientation_error : 1.84467
  found_in_gazebo : 1

 ErrorResults 
  stamp : 2025-11-28T22:02:44Z
  target_type : armor_red_3
  model_name : armor_red_3
  pose : 
       - position : [-0.00854899 , 2.97481 , 1.05413]
       - orientation : [0.60396 , 0.792544 , 0.0723128 , -0.0433266]
  RingCirclePositionError : 0
  position_error : 0.265048
  orientation_error : 1.84467
  found_in_gazebo : 1

 ErrorResults 
  stamp : 2025-11-28T22:02:44Z
  target_type : armor_red_3
  model_name : armor_red_3
  pose : 
       - position : [-0.00854899 , 2.97481 , 1.05413]
       - orientation : [0.60396 , 0.792544 , 0.0723128 , -0.0433266]
  RingCirclePositionError : 0
  position_error : 0.265048
  orientation_error : 1.84467
  found_in_gazebo : 1

 ErrorResults 
  stamp : 2025-11-28T22:02:44Z
  target_type : armor_red_3
  model_name : armor_red_3
  pose : 
       - position : [-0.00854899 , 2.97481 , 1.05413]
       - orientation : [0.60396 , 0.792544 , 0.0723128 , -0.0433266]
  RingCirclePositionError : 0
  position_error : 0.265048
  orientation_error : 1.84467
  found_in_gazebo : 1

 ErrorResults 
  stamp : 2025-11-28T22:02:44Z
  target_type : armor_red_3
  model_name : armor_red_3
  pose : 
       - position : [-0.00854899 , 2.97481 , 1.05413]
       - orientation : [0.60396 , 0.792544 , 0.0723128 , -0.0433266]
  RingCirclePositionError : 0
  position_error : 0.265048
  orientation_error : 1.84467
  found_in_gazebo : 1

 ErrorResults 
  stamp : 2025-11-28T22:02:44Z
  target_type : armor_red_3
  model_name : armor_red_3
  pose : 
       - position : [-0.00854899 , 2.97481 , 1.05413]
       - orientation : [0.60396 , 0.792544 , 0.0723128 , -0.0433266]
  RingCirclePositionError : 0
  position_error : 0.265048
  orientation_error : 1.84467
  found_in_gazebo : 1

 ErrorResults 
  stamp : 2025-11-28T22:02:44Z
  target_type : armor_red_3
  model_name : armor_red_3
  pose : 
       - position : [-0.00854899 , 2.97481 , 1.05413]
       - orientation : [0.60396 , 0.792544 , 0.0723128 , -0.0433266]
  RingCirclePositionError : 0
  position_error : 0.265048
  orientation_error : 1.84467
  found_in_gazebo : 1

 ErrorResults 
  stamp : 2025-11-28T22:02:44Z
  target_type : armor_red_3
  model_name : armor_red_3
  pose : 
       - position : [-0.00854899 , 2.97481 , 1.05413]
       - orientation : [0.60396 , 0.792544 , 0.0723128 , -0.0433266]
  RingCirclePositionError : 0
  position_error : 0.265048
  orientation_error : 1.84467
  found_in_gazebo : 1

 ErrorResults 
  stamp : 2025-11-28T22:02:44Z
  target_type : armor_red_3
  model_name : armor_red_3
  pose : 
       - position : [-0.00854899 , 2.97481 , 1.05413]
       - orientation : [0.60396 , 0.792544 , 0.0723128 , -0.0433266]
  RingCirclePositionError : 0
  position_error : 0.265048
  orientation_error : 1.84467
  found_in_gazebo : 1

 ErrorResults 
  stamp : 2025-11-28T22:02:44Z
  target_type : armor_red_3
  model_name : armor_red_3
  pose : 
       - position : [-0.00854899 , 2.97481 , 1.05413]
       - orientation : [0.60396 , 0.792544 , 0.0723128 , -0.0433266]
  RingCirclePositionError : 0
  position_error : 0.265048
  orientation_error : 1.84467
  found_in_gazebo : 1

 ErrorResults 
  stamp : 2025-11-28T22:02:44Z
  target_type : armor_red_3
  model_name : armor_red_3
  pose : 
       - position : [-0.00854899 , 2.97481 , 1.05413]
       - orientation : [0.60396 , 0.792544 , 0.0723128 , -0.0433266]
  RingCirclePositionError : 0
  position_error : 0.265048
  orientation_error : 1.84467
  found_in_gazebo : 1

 ErrorResults 
  stamp : 2025-11-28T22:02:44Z
  target_type : armor_red_3
  model_name : armor_red_3
  pose : 
       - position : [-0.00855464 , 2.97437 , 1.05398]
       - orientation : [0.604128 , 0.792382 , 0.0725951 , -0.043476]
  RingCirclePositionError : 0
  position_error : 0.264781
  orientation_error : 1.84425
  found_in_gazebo : 1

 ErrorResults 
  stamp : 2025-11-28T22:02:44Z
  target_type : armor_red_3
  model_name : armor_red_3
  pose : 
       - position : [-0.00855464 , 2.97437 , 1.05398]
       - orientation : [0.604128 , 0.792382 , 0.0725951 , -0.043476]
  RingCirclePositionError : 0
  position_error : 0.264781
  orientation_error : 1.84425
  found_in_gazebo : 1

 ErrorResults 
  stamp : 2025-11-28T22:02:44Z
  target_type : armor_red_3
  model_name : armor_red_3
  pose : 
       - position : [-0.00855464 , 2.97437 , 1.05398]
       - orientation : [0.604128 , 0.792382 , 0.0725951 , -0.043476]
  RingCirclePositionError : 0
  position_error : 0.264781
  orientation_error : 1.84425
  found_in_gazebo : 1

 ErrorResults 
  stamp : 2025-11-28T22:02:44Z
  target_type : armor_red_3
  model_name : armor_red_3
  pose : 
       - position : [-0.00855464 , 2.97437 , 1.05398]
       - orientation : [0.604128 , 0.792382 , 0.0725951 , -0.043476]
  RingCirclePositionError : 0
  position_error : 0.264781
  orientation_error : 1.84425
  found_in_gazebo : 1

 ErrorResults 
  stamp : 2025-11-28T22:02:44Z
  target_type : armor_red_3
  model_name : armor_red_3
  pose : 
       - position : [-0.00849173 , 2.97432 , 1.05396]
       - orientation : [0.604206 , 0.792354 , 0.0723509 , -0.0433064]
  RingCirclePositionError : 0
  position_error : 0.264753
  orientation_error : 1.84405
  found_in_gazebo : 1

 ErrorResults 
  stamp : 2025-11-28T22:02:44Z
  target_type : armor_red_3
  model_name : armor_red_3
  pose : 
       - position : [-0.00849173 , 2.97432 , 1.05396]
       - orientation : [0.604206 , 0.792354 , 0.0723509 , -0.0433064]
  RingCirclePositionError : 0
  position_error : 0.264753
  orientation_error : 1.84405
  found_in_gazebo : 1

 ErrorResults 
  stamp : 2025-11-28T22:02:44Z
  target_type : armor_red_3
  model_name : armor_red_3
  pose : 
       - position : [-0.00849173 , 2.97432 , 1.05396]
       - orientation : [0.604206 , 0.792354 , 0.0723509 , -0.0433064]
  RingCirclePositionError : 0
  position_error : 0.264753
  orientation_error : 1.84405
  found_in_gazebo : 1

 ErrorResults 
  stamp : 2025-11-28T22:02:44Z
  target_type : armor_red_3
  model_name : armor_red_3
  pose : 
       - position : [-0.00849173 , 2.97432 , 1.05396]
       - orientation : [0.604206 , 0.792354 , 0.0723509 , -0.0433064]
  RingCirclePositionError : 0
  position_error : 0.264753
  orientation_error : 1.84405
  found_in_gazebo : 1

 ErrorResults 
  stamp : 2025-11-28T22:02:44Z
  target_type : armor_red_3
  model_name : armor_red_3
  pose : 
       - position : [-0.00849173 , 2.97432 , 1.05396]
       - orientation : [0.604206 , 0.792354 , 0.0723509 , -0.0433064]
  RingCirclePositionError : 0
  position_error : 0.264753
  orientation_error : 1.84405
  found_in_gazebo : 1

 ErrorResults 
  stamp : 2025-11-28T22:02:44Z
  target_type : armor_red_3
  model_name : armor_red_3
  pose : 
       - position : [-0.00849173 , 2.97432 , 1.05396]
       - orientation : [0.604206 , 0.792354 , 0.0723509 , -0.0433064]
  RingCirclePositionError : 0
  position_error : 0.264753
  orientation_error : 1.84405
  found_in_gazebo : 1

 ErrorResults 
  stamp : 2025-11-28T22:02:44Z
  target_type : armor_red_3
  model_name : armor_red_3
  pose : 
       - position : [-0.00849173 , 2.97432 , 1.05396]
       - orientation : [0.604206 , 0.792354 , 0.0723509 , -0.0433064]
  RingCirclePositionError : 0
  position_error : 0.264753
  orientation_error : 1.84405
  found_in_gazebo : 1

 ErrorResults 
  stamp : 2025-11-28T22:02:44Z
  target_type : armor_red_3
  model_name : armor_red_3
  pose : 
       - position : [-0.00849173 , 2.97432 , 1.05396]
       - orientation : [0.604206 , 0.792354 , 0.0723509 , -0.0433064]
  RingCirclePositionError : 0
  position_error : 0.264753
  orientation_error : 1.84405
  found_in_gazebo : 1

 ErrorResults 
  stamp : 2025-11-28T22:02:44Z
  target_type : armor_red_3
  model_name : armor_red_3
  pose : 
       - position : [-0.00849173 , 2.97432 , 1.05396]
       - orientation : [0.604206 , 0.792354 , 0.0723509 , -0.0433064]
  RingCirclePositionError : 0
  position_error : 0.264753
  orientation_error : 1.84405
  found_in_gazebo : 1

 ErrorResults 
  stamp : 2025-11-28T22:02:44Z
  target_type : armor_red_3
  model_name : armor_red_3
  pose : 
       - position : [-0.00849173 , 2.97432 , 1.05396]
       - orientation : [0.604206 , 0.792354 , 0.0723509 , -0.0433064]
  RingCirclePositionError : 0
  position_error : 0.264753
  orientation_error : 1.84405
  found_in_gazebo : 1

 ErrorResults 
  stamp : 2025-11-28T22:02:44Z
  target_type : armor_red_3
  model_name : armor_red_3
  pose : 
       - position : [-0.008496 , 2.97385 , 1.0538]
       - orientation : [0.604389 , 0.792179 , 0.0726454 , -0.0434608]
  RingCirclePositionError : 0
  position_error : 0.264467
  orientation_error : 1.84359
  found_in_gazebo : 1

 ErrorResults 
  stamp : 2025-11-28T22:02:44Z
  target_type : armor_red_3
  model_name : armor_red_3
  pose : 
       - position : [-0.008496 , 2.97385 , 1.0538]
       - orientation : [0.604389 , 0.792179 , 0.0726454 , -0.0434608]
  RingCirclePositionError : 0
  position_error : 0.264467
  orientation_error : 1.84359
  found_in_gazebo : 1

 ErrorResults 
  stamp : 2025-11-28T22:02:44Z
  target_type : armor_red_3
  model_name : armor_red_3
  pose : 
       - position : [-0.008496 , 2.97385 , 1.0538]
       - orientation : [0.604389 , 0.792179 , 0.0726454 , -0.0434608]
  RingCirclePositionError : 0
  position_error : 0.264467
  orientation_error : 1.84359
  found_in_gazebo : 1

 ErrorResults 
  stamp : 2025-11-28T22:02:44Z
  target_type : armor_red_3
  model_name : armor_red_3
  pose : 
       - position : [-0.008496 , 2.97385 , 1.0538]
       - orientation : [0.604389 , 0.792179 , 0.0726454 , -0.0434608]
  RingCirclePositionError : 0
  position_error : 0.264467
  orientation_error : 1.84359
  found_in_gazebo : 1

 ErrorResults 
  stamp : 2025-11-28T22:02:44Z
  target_type : armor_red_3
  model_name : armor_red_3
  pose : 
       - position : [-0.008496 , 2.97385 , 1.0538]
       - orientation : [0.604389 , 0.792179 , 0.0726454 , -0.0434608]
  RingCirclePositionError : 0
  position_error : 0.264467
  orientation_error : 1.84359
  found_in_gazebo : 1

 ErrorResults 
  stamp : 2025-11-28T22:02:44Z
  target_type : armor_red_3
  model_name : armor_red_3
  pose : 
       - position : [-0.00843135 , 2.97381 , 1.05379]
       - orientation : [0.604468 , 0.792151 , 0.0723963 , -0.043288]
  RingCirclePositionError : 0
  position_error : 0.264436
  orientation_error : 1.8434
  found_in_gazebo : 1

 ErrorResults 
  stamp : 2025-11-28T22:02:44Z
  target_type : armor_red_3
  model_name : armor_red_3
  pose : 
       - position : [-0.00843135 , 2.97381 , 1.05379]
       - orientation : [0.604468 , 0.792151 , 0.0723963 , -0.043288]
  RingCirclePositionError : 0
  position_error : 0.264436
  orientation_error : 1.8434
  found_in_gazebo : 1

 ErrorResults 
  stamp : 2025-11-28T22:02:44Z
  target_type : armor_red_3
  model_name : armor_red_3
  pose : 
       - position : [-0.00843135 , 2.97381 , 1.05379]
       - orientation : [0.604468 , 0.792151 , 0.0723963 , -0.043288]
  RingCirclePositionError : 0
  position_error : 0.264436
  orientation_error : 1.8434
  found_in_gazebo : 1

 ErrorResults 
  stamp : 2025-11-28T22:02:45Z
  target_type : armor_red_3
  model_name : armor_red_3
  pose : 
       - position : [-0.00843135 , 2.97381 , 1.05379]
       - orientation : [0.604468 , 0.792151 , 0.0723963 , -0.043288]
  RingCirclePositionError : 0
  position_error : 0.264436
  orientation_error : 1.8434
  found_in_gazebo : 1

 ErrorResults 
  stamp : 2025-11-28T22:02:45Z
  target_type : armor_red_3
  model_name : armor_red_3
  pose : 
       - position : [-0.00843135 , 2.97381 , 1.05379]
       - orientation : [0.604468 , 0.792151 , 0.0723963 , -0.043288]
  RingCirclePositionError : 0
  position_error : 0.264436
  orientation_error : 1.8434
  found_in_gazebo : 1

 ErrorResults 
  stamp : 2025-11-28T22:02:45Z
  target_type : armor_red_3
  model_name : armor_red_3
  pose : 
       - position : [-0.00843135 , 2.97381 , 1.05379]
       - orientation : [0.604468 , 0.792151 , 0.0723963 , -0.043288]
  RingCirclePositionError : 0
  position_error : 0.264436
  orientation_error : 1.8434
  found_in_gazebo : 1

 ErrorResults 
  stamp : 2025-11-28T22:02:45Z
  target_type : armor_red_3
  model_name : armor_red_3
  pose : 
       - position : [-0.00843135 , 2.97381 , 1.05379]
       - orientation : [0.604468 , 0.792151 , 0.0723963 , -0.043288]
  RingCirclePositionError : 0
  position_error : 0.264436
  orientation_error : 1.8434
  found_in_gazebo : 1

 ErrorResults 
  stamp : 2025-11-28T22:02:45Z
  target_type : armor_red_3
  model_name : armor_red_3
  pose : 
       - position : [-0.00843135 , 2.97381 , 1.05379]
       - orientation : [0.604468 , 0.792151 , 0.0723963 , -0.043288]
  RingCirclePositionError : 0
  position_error : 0.264436
  orientation_error : 1.8434
  found_in_gazebo : 1

 ErrorResults 
  stamp : 2025-11-28T22:02:45Z
  target_type : armor_red_3
  model_name : armor_red_3
  pose : 
       - position : [-0.00843135 , 2.97381 , 1.05379]
       - orientation : [0.604468 , 0.792151 , 0.0723963 , -0.043288]
  RingCirclePositionError : 0
  position_error : 0.264436
  orientation_error : 1.8434
  found_in_gazebo : 1

 ErrorResults 
  stamp : 2025-11-28T22:02:45Z
  target_type : armor_red_3
  model_name : armor_red_3
  pose : 
       - position : [-0.00843135 , 2.97381 , 1.05379]
       - orientation : [0.604468 , 0.792151 , 0.0723963 , -0.043288]
  RingCirclePositionError : 0
  position_error : 0.264436
  orientation_error : 1.8434
  found_in_gazebo : 1

 ErrorResults 
  stamp : 2025-11-28T22:02:45Z
  target_type : armor_red_3
  model_name : armor_red_3
  pose : 
       - position : [-0.00843373 , 2.9733 , 1.05362]
       - orientation : [0.604669 , 0.791961 , 0.0727011 , -0.0434458]
  RingCirclePositionError : 0
  position_error : 0.264132
  orientation_error : 1.84289
  found_in_gazebo : 1

 ErrorResults 
  stamp : 2025-11-28T22:02:45Z
  target_type : armor_red_3
  model_name : armor_red_3
  pose : 
       - position : [-0.00843373 , 2.9733 , 1.05362]
       - orientation : [0.604669 , 0.791961 , 0.0727011 , -0.0434458]
  RingCirclePositionError : 0
  position_error : 0.264132
  orientation_error : 1.84289
  found_in_gazebo : 1

 ErrorResults 
  stamp : 2025-11-28T22:02:45Z
  target_type : armor_red_3
  model_name : armor_red_3
  pose : 
       - position : [-0.00843373 , 2.9733 , 1.05362]
       - orientation : [0.604669 , 0.791961 , 0.0727011 , -0.0434458]
  RingCirclePositionError : 0
  position_error : 0.264132
  orientation_error : 1.84289
  found_in_gazebo : 1

 ErrorResults 
  stamp : 2025-11-28T22:02:45Z
  target_type : armor_red_3
  model_name : armor_red_3
  pose : 
       - position : [-0.00843373 , 2.9733 , 1.05362]
       - orientation : [0.604669 , 0.791961 , 0.0727011 , -0.0434458]
  RingCirclePositionError : 0
  position_error : 0.264132
  orientation_error : 1.84289
  found_in_gazebo : 1

 ErrorResults 
  stamp : 2025-11-28T22:02:45Z
  target_type : armor_red_3
  model_name : armor_red_3
  pose : 
       - position : [-0.00843373 , 2.9733 , 1.05362]
       - orientation : [0.604669 , 0.791961 , 0.0727011 , -0.0434458]
  RingCirclePositionError : 0
  position_error : 0.264132
  orientation_error : 1.84289
  found_in_gazebo : 1

 ErrorResults 
  stamp : 2025-11-28T22:02:45Z
  target_type : armor_red_3
  model_name : armor_red_3
  pose : 
       - position : [-0.00843373 , 2.9733 , 1.05362]
       - orientation : [0.604669 , 0.791961 , 0.0727011 , -0.0434458]
  RingCirclePositionError : 0
  position_error : 0.264132
  orientation_error : 1.84289
  found_in_gazebo : 1

 ErrorResults 
  stamp : 2025-11-28T22:02:45Z
  target_type : armor_red_3
  model_name : armor_red_3
  pose : 
       - position : [-0.00843373 , 2.9733 , 1.05362]
       - orientation : [0.604669 , 0.791961 , 0.0727011 , -0.0434458]
  RingCirclePositionError : 0
  position_error : 0.264132
  orientation_error : 1.84289
  found_in_gazebo : 1

 ErrorResults 
  stamp : 2025-11-28T22:02:45Z
  target_type : armor_red_3
  model_name : armor_red_3
  pose : 
       - position : [-0.00843373 , 2.9733 , 1.05362]
       - orientation : [0.604669 , 0.791961 , 0.0727011 , -0.0434458]
  RingCirclePositionError : 0
  position_error : 0.264132
  orientation_error : 1.84289
  found_in_gazebo : 1

 ErrorResults 
  stamp : 2025-11-28T22:02:45Z
  target_type : armor_red_3
  model_name : armor_red_3
  pose : 
       - position : [-0.00836748 , 2.97325 , 1.0536]
       - orientation : [0.604748 , 0.791934 , 0.0724478 , -0.0432702]
  RingCirclePositionError : 0
  position_error : 0.264099
  orientation_error : 1.84269
  found_in_gazebo : 1

 ErrorResults 
  stamp : 2025-11-28T22:02:45Z
  target_type : armor_red_3
  model_name : armor_red_3
  pose : 
       - position : [-0.00836748 , 2.97325 , 1.0536]
       - orientation : [0.604748 , 0.791934 , 0.0724478 , -0.0432702]
  RingCirclePositionError : 0
  position_error : 0.264099
  orientation_error : 1.84269
  found_in_gazebo : 1

 ErrorResults 
  stamp : 2025-11-28T22:02:45Z
  target_type : armor_red_3
  model_name : armor_red_3
  pose : 
       - position : [-0.00836748 , 2.97325 , 1.0536]
       - orientation : [0.604748 , 0.791934 , 0.0724478 , -0.0432702]
  RingCirclePositionError : 0
  position_error : 0.264099
  orientation_error : 1.84269
  found_in_gazebo : 1

 ErrorResults 
  stamp : 2025-11-28T22:02:45Z
  target_type : armor_red_3
  model_name : armor_red_3
  pose : 
       - position : [-0.00836748 , 2.97325 , 1.0536]
       - orientation : [0.604748 , 0.791934 , 0.0724478 , -0.0432702]
  RingCirclePositionError : 0
  position_error : 0.264099
  orientation_error : 1.84269
  found_in_gazebo : 1

 ErrorResults 
  stamp : 2025-11-28T22:02:45Z
  target_type : armor_red_3
  model_name : armor_red_3
  pose : 
       - position : [-0.00847232 , 2.97192 , 1.05308]
       - orientation : [0.604362 , 0.792081 , 0.0736045 , -0.0440076]
  RingCirclePositionError : 0
  position_error : 0.263235
  orientation_error : 1.84366
  found_in_gazebo : 1

 ErrorResults 
  stamp : 2025-11-28T22:02:45Z
  target_type : armor_red_3
  model_name : armor_red_3
  pose : 
       - position : [-0.00847232 , 2.97192 , 1.05308]
       - orientation : [0.604362 , 0.792081 , 0.0736045 , -0.0440076]
  RingCirclePositionError : 0
  position_error : 0.263235
  orientation_error : 1.84366
  found_in_gazebo : 1

 ErrorResults 
  stamp : 2025-11-28T22:02:45Z
  target_type : armor_red_3
  model_name : armor_red_3
  pose : 
       - position : [-0.00847232 , 2.97192 , 1.05308]
       - orientation : [0.604362 , 0.792081 , 0.0736045 , -0.0440076]
  RingCirclePositionError : 0
  position_error : 0.263235
  orientation_error : 1.84366
  found_in_gazebo : 1

 ErrorResults 
  stamp : 2025-11-28T22:02:45Z
  target_type : armor_red_3
  model_name : armor_red_3
  pose : 
       - position : [-0.00847452 , 2.97135 , 1.05288]
       - orientation : [0.604577 , 0.791876 , 0.0739441 , -0.0441825]
  RingCirclePositionError : 0
  position_error : 0.26289
  orientation_error : 1.84312
  found_in_gazebo : 1

 ErrorResults 
  stamp : 2025-11-28T22:02:45Z
  target_type : armor_red_3
  model_name : armor_red_3
  pose : 
       - position : [-0.00847452 , 2.97135 , 1.05288]
       - orientation : [0.604577 , 0.791876 , 0.0739441 , -0.0441825]
  RingCirclePositionError : 0
  position_error : 0.26289
  orientation_error : 1.84312
  found_in_gazebo : 1

 ErrorResults 
  stamp : 2025-11-28T22:02:45Z
  target_type : armor_red_3
  model_name : armor_red_3
  pose : 
       - position : [-0.00847452 , 2.97135 , 1.05288]
       - orientation : [0.604577 , 0.791876 , 0.0739441 , -0.0441825]
  RingCirclePositionError : 0
  position_error : 0.26289
  orientation_error : 1.84312
  found_in_gazebo : 1

 ErrorResults 
  stamp : 2025-11-28T22:02:45Z
  target_type : armor_red_3
  model_name : armor_red_3
  pose : 
       - position : [-0.00847452 , 2.97135 , 1.05288]
       - orientation : [0.604577 , 0.791876 , 0.0739441 , -0.0441825]
  RingCirclePositionError : 0
  position_error : 0.26289
  orientation_error : 1.84312
  found_in_gazebo : 1

 ErrorResults 
  stamp : 2025-11-28T22:02:45Z
  target_type : armor_red_3
  model_name : armor_red_3
  pose : 
       - position : [-0.00847452 , 2.97135 , 1.05288]
       - orientation : [0.604577 , 0.791876 , 0.0739441 , -0.0441825]
  RingCirclePositionError : 0
  position_error : 0.26289
  orientation_error : 1.84312
  found_in_gazebo : 1

 ErrorResults 
  stamp : 2025-11-28T22:02:45Z
  target_type : armor_red_3
  model_name : armor_red_3
  pose : 
       - position : [-0.00847452 , 2.97135 , 1.05288]
       - orientation : [0.604577 , 0.791876 , 0.0739441 , -0.0441825]
  RingCirclePositionError : 0
  position_error : 0.26289
  orientation_error : 1.84312
  found_in_gazebo : 1

 ErrorResults 
  stamp : 2025-11-28T22:02:45Z
  target_type : armor_red_3
  model_name : armor_red_3
  pose : 
       - position : [-0.00847452 , 2.97135 , 1.05288]
       - orientation : [0.604577 , 0.791876 , 0.0739441 , -0.0441825]
  RingCirclePositionError : 0
  position_error : 0.26289
  orientation_error : 1.84312
  found_in_gazebo : 1

 ErrorResults 
  stamp : 2025-11-28T22:02:45Z
  target_type : armor_red_3
  model_name : armor_red_3
  pose : 
       - position : [-0.00847452 , 2.97135 , 1.05288]
       - orientation : [0.604577 , 0.791876 , 0.0739441 , -0.0441825]
  RingCirclePositionError : 0
  position_error : 0.26289
  orientation_error : 1.84312
  found_in_gazebo : 1

 ErrorResults 
  stamp : 2025-11-28T22:02:45Z
  target_type : armor_red_3
  model_name : armor_red_3
  pose : 
       - position : [-0.00847452 , 2.97135 , 1.05288]
       - orientation : [0.604577 , 0.791876 , 0.0739441 , -0.0441825]
  RingCirclePositionError : 0
  position_error : 0.26289
  orientation_error : 1.84312
  found_in_gazebo : 1

 ErrorResults 
  stamp : 2025-11-28T22:02:45Z
  target_type : armor_red_3
  model_name : armor_red_3
  pose : 
       - position : [-0.00847452 , 2.97135 , 1.05288]
       - orientation : [0.604577 , 0.791876 , 0.0739441 , -0.0441825]
  RingCirclePositionError : 0
  position_error : 0.26289
  orientation_error : 1.84312
  found_in_gazebo : 1

 ErrorResults 
  stamp : 2025-11-28T22:02:45Z
  target_type : armor_red_3
  model_name : armor_red_3
  pose : 
       - position : [-0.00840675 , 2.97129 , 1.05286]
       - orientation : [0.604657 , 0.791848 , 0.0736888 , -0.0440054]
  RingCirclePositionError : 0
  position_error : 0.262855
  orientation_error : 1.84292
  found_in_gazebo : 1

 ErrorResults 
  stamp : 2025-11-28T22:02:45Z
  target_type : armor_red_3
  model_name : armor_red_3
  pose : 
       - position : [-0.00840675 , 2.97129 , 1.05286]
       - orientation : [0.604657 , 0.791848 , 0.0736888 , -0.0440054]
  RingCirclePositionError : 0
  position_error : 0.262855
  orientation_error : 1.84292
  found_in_gazebo : 1

 ErrorResults 
  stamp : 2025-11-28T22:02:45Z
  target_type : armor_red_3
  model_name : armor_red_3
  pose : 
       - position : [-0.00840675 , 2.97129 , 1.05286]
       - orientation : [0.604657 , 0.791848 , 0.0736888 , -0.0440054]
  RingCirclePositionError : 0
  position_error : 0.262855
  orientation_error : 1.84292
  found_in_gazebo : 1

 ErrorResults 
  stamp : 2025-11-28T22:02:45Z
  target_type : armor_red_3
  model_name : armor_red_3
  pose : 
       - position : [-0.00840675 , 2.97129 , 1.05286]
       - orientation : [0.604657 , 0.791848 , 0.0736888 , -0.0440054]
  RingCirclePositionError : 0
  position_error : 0.262855
  orientation_error : 1.84292
  found_in_gazebo : 1

 ErrorResults 
  stamp : 2025-11-28T22:02:45Z
  target_type : armor_red_3
  model_name : armor_red_3
  pose : 
       - position : [-0.00840675 , 2.97129 , 1.05286]
       - orientation : [0.604657 , 0.791848 , 0.0736888 , -0.0440054]
  RingCirclePositionError : 0
  position_error : 0.262855
  orientation_error : 1.84292
  found_in_gazebo : 1

 ErrorResults 
  stamp : 2025-11-28T22:02:45Z
  target_type : armor_red_3
  model_name : armor_red_3
  pose : 
       - position : [-0.00840675 , 2.97129 , 1.05286]
       - orientation : [0.604657 , 0.791848 , 0.0736888 , -0.0440054]
  RingCirclePositionError : 0
  position_error : 0.262855
  orientation_error : 1.84292
  found_in_gazebo : 1

 ErrorResults 
  stamp : 2025-11-28T22:02:45Z
  target_type : armor_red_3
  model_name : armor_red_3
  pose : 
       - position : [-0.0084071 , 2.97068 , 1.05265]
       - orientation : [0.604892 , 0.791625 , 0.074044 , -0.0441863]
  RingCirclePositionError : 0
  position_error : 0.262487
  orientation_error : 1.84233
  found_in_gazebo : 1

 ErrorResults 
  stamp : 2025-11-28T22:02:45Z
  target_type : armor_red_3
  model_name : armor_red_3
  pose : 
       - position : [-0.0084071 , 2.97068 , 1.05265]
       - orientation : [0.604892 , 0.791625 , 0.074044 , -0.0441863]
  RingCirclePositionError : 0
  position_error : 0.262487
  orientation_error : 1.84233
  found_in_gazebo : 1

 ErrorResults 
  stamp : 2025-11-28T22:02:45Z
  target_type : armor_red_3
  model_name : armor_red_3
  pose : 
       - position : [-0.0084071 , 2.97068 , 1.05265]
       - orientation : [0.604892 , 0.791625 , 0.074044 , -0.0441863]
  RingCirclePositionError : 0
  position_error : 0.262487
  orientation_error : 1.84233
  found_in_gazebo : 1

 ErrorResults 
  stamp : 2025-11-28T22:02:45Z
  target_type : armor_red_3
  model_name : armor_red_3
  pose : 
       - position : [-0.0084071 , 2.97068 , 1.05265]
       - orientation : [0.604892 , 0.791625 , 0.074044 , -0.0441863]
  RingCirclePositionError : 0
  position_error : 0.262487
  orientation_error : 1.84233
  found_in_gazebo : 1

 ErrorResults 
  stamp : 2025-11-28T22:02:45Z
  target_type : armor_red_3
  model_name : armor_red_3
  pose : 
       - position : [-0.0084071 , 2.97068 , 1.05265]
       - orientation : [0.604892 , 0.791625 , 0.074044 , -0.0441863]
  RingCirclePositionError : 0
  position_error : 0.262487
  orientation_error : 1.84233
  found_in_gazebo : 1

 ErrorResults 
  stamp : 2025-11-28T22:02:45Z
  target_type : armor_red_3
  model_name : armor_red_3
  pose : 
       - position : [-0.0084071 , 2.97068 , 1.05265]
       - orientation : [0.604892 , 0.791625 , 0.074044 , -0.0441863]
  RingCirclePositionError : 0
  position_error : 0.262487
  orientation_error : 1.84233
  found_in_gazebo : 1

 ErrorResults 
  stamp : 2025-11-28T22:02:45Z
  target_type : armor_red_3
  model_name : armor_red_3
  pose : 
       - position : [-0.0084071 , 2.97068 , 1.05265]
       - orientation : [0.604892 , 0.791625 , 0.074044 , -0.0441863]
  RingCirclePositionError : 0
  position_error : 0.262487
  orientation_error : 1.84233
  found_in_gazebo : 1

 ErrorResults 
  stamp : 2025-11-28T22:02:46Z
  target_type : armor_red_3
  model_name : armor_red_3
  pose : 
       - position : [-0.0084071 , 2.97068 , 1.05265]
       - orientation : [0.604892 , 0.791625 , 0.074044 , -0.0441863]
  RingCirclePositionError : 0
  position_error : 0.262487
  orientation_error : 1.84233
  found_in_gazebo : 1

 ErrorResults 
  stamp : 2025-11-28T22:02:46Z
  target_type : armor_red_3
  model_name : armor_red_3
  pose : 
       - position : [-0.0084071 , 2.97068 , 1.05265]
       - orientation : [0.604892 , 0.791625 , 0.074044 , -0.0441863]
  RingCirclePositionError : 0
  position_error : 0.262487
  orientation_error : 1.84233
  found_in_gazebo : 1

 ErrorResults 
  stamp : 2025-11-28T22:02:46Z
  target_type : armor_red_3
  model_name : armor_red_3
  pose : 
       - position : [-0.0084071 , 2.97068 , 1.05265]
       - orientation : [0.604892 , 0.791625 , 0.074044 , -0.0441863]
  RingCirclePositionError : 0
  position_error : 0.262487
  orientation_error : 1.84233
  found_in_gazebo : 1

 ErrorResults 
  stamp : 2025-11-28T22:02:46Z
  target_type : armor_red_3
  model_name : armor_red_3
  pose : 
       - position : [-0.0084071 , 2.97068 , 1.05265]
       - orientation : [0.604892 , 0.791625 , 0.074044 , -0.0441863]
  RingCirclePositionError : 0
  position_error : 0.262487
  orientation_error : 1.84233
  found_in_gazebo : 1

 ErrorResults 
  stamp : 2025-11-28T22:02:46Z
  target_type : armor_red_3
  model_name : armor_red_3
  pose : 
       - position : [-0.0084071 , 2.97068 , 1.05265]
       - orientation : [0.604892 , 0.791625 , 0.074044 , -0.0441863]
  RingCirclePositionError : 0
  position_error : 0.262487
  orientation_error : 1.84233
  found_in_gazebo : 1

 ErrorResults 
  stamp : 2025-11-28T22:02:46Z
  target_type : armor_red_3
  model_name : armor_red_3
  pose : 
       - position : [-0.008337 , 2.97062 , 1.05263]
       - orientation : [0.604973 , 0.791598 , 0.0737817 , -0.0440045]
  RingCirclePositionError : 0
  position_error : 0.262449
  orientation_error : 1.84213
  found_in_gazebo : 1

 ErrorResults 
  stamp : 2025-11-28T22:02:46Z
  target_type : armor_red_3
  model_name : armor_red_3
  pose : 
       - position : [-0.008337 , 2.97062 , 1.05263]
       - orientation : [0.604973 , 0.791598 , 0.0737817 , -0.0440045]
  RingCirclePositionError : 0
  position_error : 0.262449
  orientation_error : 1.84213
  found_in_gazebo : 1

 ErrorResults 
  stamp : 2025-11-28T22:02:46Z
  target_type : armor_red_3
  model_name : armor_red_3
  pose : 
       - position : [-0.008337 , 2.97062 , 1.05263]
       - orientation : [0.604973 , 0.791598 , 0.0737817 , -0.0440045]
  RingCirclePositionError : 0
  position_error : 0.262449
  orientation_error : 1.84213
  found_in_gazebo : 1

 ErrorResults 
  stamp : 2025-11-28T22:02:46Z
  target_type : armor_red_3
  model_name : armor_red_3
  pose : 
       - position : [-0.008337 , 2.97062 , 1.05263]
       - orientation : [0.604973 , 0.791598 , 0.0737817 , -0.0440045]
  RingCirclePositionError : 0
  position_error : 0.262449
  orientation_error : 1.84213
  found_in_gazebo : 1

 ErrorResults 
  stamp : 2025-11-28T22:02:46Z
  target_type : armor_red_3
  model_name : armor_red_3
  pose : 
       - position : [-0.00833485 , 2.96996 , 1.0524]
       - orientation : [0.605233 , 0.791354 , 0.0741545 , -0.0441919]
  RingCirclePositionError : 0
  position_error : 0.262053
  orientation_error : 1.84148
  found_in_gazebo : 1

 ErrorResults 
  stamp : 2025-11-28T22:02:46Z
  target_type : armor_red_3
  model_name : armor_red_3
  pose : 
       - position : [-0.00833485 , 2.96996 , 1.0524]
       - orientation : [0.605233 , 0.791354 , 0.0741545 , -0.0441919]
  RingCirclePositionError : 0
  position_error : 0.262053
  orientation_error : 1.84148
  found_in_gazebo : 1

 ErrorResults 
  stamp : 2025-11-28T22:02:46Z
  target_type : armor_red_3
  model_name : armor_red_3
  pose : 
       - position : [-0.00833485 , 2.96996 , 1.0524]
       - orientation : [0.605233 , 0.791354 , 0.0741545 , -0.0441919]
  RingCirclePositionError : 0
  position_error : 0.262053
  orientation_error : 1.84148
  found_in_gazebo : 1

 ErrorResults 
  stamp : 2025-11-28T22:02:46Z
  target_type : armor_red_3
  model_name : armor_red_3
  pose : 
       - position : [-0.00833485 , 2.96996 , 1.0524]
       - orientation : [0.605233 , 0.791354 , 0.0741545 , -0.0441919]
  RingCirclePositionError : 0
  position_error : 0.262053
  orientation_error : 1.84148
  found_in_gazebo : 1

 ErrorResults 
  stamp : 2025-11-28T22:02:46Z
  target_type : armor_red_3
  model_name : armor_red_3
  pose : 
       - position : [-0.00833485 , 2.96996 , 1.0524]
       - orientation : [0.605233 , 0.791354 , 0.0741545 , -0.0441919]
  RingCirclePositionError : 0
  position_error : 0.262053
  orientation_error : 1.84148
  found_in_gazebo : 1

 ErrorResults 
  stamp : 2025-11-28T22:02:46Z
  target_type : armor_red_3
  model_name : armor_red_3
  pose : 
       - position : [-0.00833485 , 2.96996 , 1.0524]
       - orientation : [0.605233 , 0.791354 , 0.0741545 , -0.0441919]
  RingCirclePositionError : 0
  position_error : 0.262053
  orientation_error : 1.84148
  found_in_gazebo : 1

 ErrorResults 
  stamp : 2025-11-28T22:02:46Z
  target_type : armor_red_3
  model_name : armor_red_3
  pose : 
       - position : [-0.00833485 , 2.96996 , 1.0524]
       - orientation : [0.605233 , 0.791354 , 0.0741545 , -0.0441919]
  RingCirclePositionError : 0
  position_error : 0.262053
  orientation_error : 1.84148
  found_in_gazebo : 1

 ErrorResults 
  stamp : 2025-11-28T22:02:46Z
  target_type : armor_red_3
  model_name : armor_red_3
  pose : 
       - position : [-0.00833485 , 2.96996 , 1.0524]
       - orientation : [0.605233 , 0.791354 , 0.0741545 , -0.0441919]
  RingCirclePositionError : 0
  position_error : 0.262053
  orientation_error : 1.84148
  found_in_gazebo : 1

 ErrorResults 
  stamp : 2025-11-28T22:02:46Z
  target_type : armor_red_3
  model_name : armor_red_3
  pose : 
       - position : [-0.00833485 , 2.96996 , 1.0524]
       - orientation : [0.605233 , 0.791354 , 0.0741545 , -0.0441919]
  RingCirclePositionError : 0
  position_error : 0.262053
  orientation_error : 1.84148
  found_in_gazebo : 1

 ErrorResults 
  stamp : 2025-11-28T22:02:46Z
  target_type : armor_red_3
  model_name : armor_red_3
  pose : 
       - position : [-0.00833485 , 2.96996 , 1.0524]
       - orientation : [0.605233 , 0.791354 , 0.0741545 , -0.0441919]
  RingCirclePositionError : 0
  position_error : 0.262053
  orientation_error : 1.84148
  found_in_gazebo : 1

 ErrorResults 
  stamp : 2025-11-28T22:02:46Z
  target_type : armor_red_3
  model_name : armor_red_3
  pose : 
       - position : [-0.00833485 , 2.96996 , 1.0524]
       - orientation : [0.605233 , 0.791354 , 0.0741545 , -0.0441919]
  RingCirclePositionError : 0
  position_error : 0.262053
  orientation_error : 1.84148
  found_in_gazebo : 1

 ErrorResults 
  stamp : 2025-11-28T22:02:46Z
  target_type : armor_red_3
  model_name : armor_red_3
  pose : 
       - position : [-0.00833485 , 2.96996 , 1.0524]
       - orientation : [0.605233 , 0.791354 , 0.0741545 , -0.0441919]
  RingCirclePositionError : 0
  position_error : 0.262053
  orientation_error : 1.84148
  found_in_gazebo : 1

 ErrorResults 
  stamp : 2025-11-28T22:02:46Z
  target_type : armor_red_3
  model_name : armor_red_3
  pose : 
       - position : [-0.00833485 , 2.96996 , 1.0524]
       - orientation : [0.605233 , 0.791354 , 0.0741545 , -0.0441919]
  RingCirclePositionError : 0
  position_error : 0.262053
  orientation_error : 1.84148
  found_in_gazebo : 1

 ErrorResults 
  stamp : 2025-11-28T22:02:46Z
  target_type : armor_red_3
  model_name : armor_red_3
  pose : 
       - position : [-0.00833485 , 2.96996 , 1.0524]
       - orientation : [0.605233 , 0.791354 , 0.0741545 , -0.0441919]
  RingCirclePositionError : 0
  position_error : 0.262053
  orientation_error : 1.84148
  found_in_gazebo : 1

 ErrorResults 
  stamp : 2025-11-28T22:02:46Z
  target_type : armor_red_3
  model_name : armor_red_3
  pose : 
       - position : [-0.008263 , 2.9699 , 1.05238]
       - orientation : [0.605314 , 0.791327 , 0.073888 , -0.0440073]
  RingCirclePositionError : 0
  position_error : 0.262012
  orientation_error : 1.84127
  found_in_gazebo : 1

 ErrorResults 
  stamp : 2025-11-28T22:02:46Z
  target_type : armor_red_3
  model_name : armor_red_3
  pose : 
       - position : [-0.008263 , 2.9699 , 1.05238]
       - orientation : [0.605314 , 0.791327 , 0.073888 , -0.0440073]
  RingCirclePositionError : 0
  position_error : 0.262012
  orientation_error : 1.84127
  found_in_gazebo : 1

 ErrorResults 
  stamp : 2025-11-28T22:02:46Z
  target_type : armor_red_3
  model_name : armor_red_3
  pose : 
       - position : [-0.008263 , 2.9699 , 1.05238]
       - orientation : [0.605314 , 0.791327 , 0.073888 , -0.0440073]
  RingCirclePositionError : 0
  position_error : 0.262012
  orientation_error : 1.84127
  found_in_gazebo : 1

 ErrorResults 
  stamp : 2025-11-28T22:02:46Z
  target_type : armor_red_3
  model_name : armor_red_3
  pose : 
       - position : [-0.00825793 , 2.96919 , 1.05214]
       - orientation : [0.605601 , 0.791061 , 0.0742785 , -0.0442008]
  RingCirclePositionError : 0
  position_error : 0.261586
  orientation_error : 1.84055
  found_in_gazebo : 1

 ErrorResults 
  stamp : 2025-11-28T22:02:46Z
  target_type : armor_red_3
  model_name : armor_red_3
  pose : 
       - position : [-0.00825793 , 2.96919 , 1.05214]
       - orientation : [0.605601 , 0.791061 , 0.0742785 , -0.0442008]
  RingCirclePositionError : 0
  position_error : 0.261586
  orientation_error : 1.84055
  found_in_gazebo : 1

 ErrorResults 
  stamp : 2025-11-28T22:02:46Z
  target_type : armor_red_3
  model_name : armor_red_3
  pose : 
       - position : [-0.00825793 , 2.96919 , 1.05214]
       - orientation : [0.605601 , 0.791061 , 0.0742785 , -0.0442008]
  RingCirclePositionError : 0
  position_error : 0.261586
  orientation_error : 1.84055
  found_in_gazebo : 1

 ErrorResults 
  stamp : 2025-11-28T22:02:46Z
  target_type : armor_red_3
  model_name : armor_red_3
  pose : 
       - position : [-0.00825793 , 2.96919 , 1.05214]
       - orientation : [0.605601 , 0.791061 , 0.0742785 , -0.0442008]
  RingCirclePositionError : 0
  position_error : 0.261586
  orientation_error : 1.84055
  found_in_gazebo : 1

 ErrorResults 
  stamp : 2025-11-28T22:02:46Z
  target_type : armor_red_3
  model_name : armor_red_3
  pose : 
       - position : [-0.00825793 , 2.96919 , 1.05214]
       - orientation : [0.605601 , 0.791061 , 0.0742785 , -0.0442008]
  RingCirclePositionError : 0
  position_error : 0.261586
  orientation_error : 1.84055
  found_in_gazebo : 1

 ErrorResults 
  stamp : 2025-11-28T22:02:46Z
  target_type : armor_red_3
  model_name : armor_red_3
  pose : 
       - position : [-0.00825793 , 2.96919 , 1.05214]
       - orientation : [0.605601 , 0.791061 , 0.0742785 , -0.0442008]
  RingCirclePositionError : 0
  position_error : 0.261586
  orientation_error : 1.84055
  found_in_gazebo : 1

 ErrorResults 
  stamp : 2025-11-28T22:02:46Z
  target_type : armor_red_3
  model_name : armor_red_3
  pose : 
       - position : [-0.00825793 , 2.96919 , 1.05214]
       - orientation : [0.605601 , 0.791061 , 0.0742785 , -0.0442008]
  RingCirclePositionError : 0
  position_error : 0.261586
  orientation_error : 1.84055
  found_in_gazebo : 1

 ErrorResults 
  stamp : 2025-11-28T22:02:46Z
  target_type : armor_red_3
  model_name : armor_red_3
  pose : 
       - position : [-0.00825793 , 2.96919 , 1.05214]
       - orientation : [0.605601 , 0.791061 , 0.0742785 , -0.0442008]
  RingCirclePositionError : 0
  position_error : 0.261586
  orientation_error : 1.84055
  found_in_gazebo : 1

 ErrorResults 
  stamp : 2025-11-28T22:02:46Z
  target_type : armor_red_3
  model_name : armor_red_3
  pose : 
       - position : [-0.00825793 , 2.96919 , 1.05214]
       - orientation : [0.605601 , 0.791061 , 0.0742785 , -0.0442008]
  RingCirclePositionError : 0
  position_error : 0.261586
  orientation_error : 1.84055
  found_in_gazebo : 1

 ErrorResults 
  stamp : 2025-11-28T22:02:46Z
  target_type : armor_red_3
  model_name : armor_red_3
  pose : 
       - position : [-0.00825793 , 2.96919 , 1.05214]
       - orientation : [0.605601 , 0.791061 , 0.0742785 , -0.0442008]
  RingCirclePositionError : 0
  position_error : 0.261586
  orientation_error : 1.84055
  found_in_gazebo : 1

 ErrorResults 
  stamp : 2025-11-28T22:02:46Z
  target_type : armor_red_3
  model_name : armor_red_3
  pose : 
       - position : [-0.00825793 , 2.96919 , 1.05214]
       - orientation : [0.605601 , 0.791061 , 0.0742785 , -0.0442008]
  RingCirclePositionError : 0
  position_error : 0.261586
  orientation_error : 1.84055
  found_in_gazebo : 1

 ErrorResults 
  stamp : 2025-11-28T22:02:46Z
  target_type : armor_red_3
  model_name : armor_red_3
  pose : 
       - position : [-0.00825793 , 2.96919 , 1.05214]
       - orientation : [0.605601 , 0.791061 , 0.0742785 , -0.0442008]
  RingCirclePositionError : 0
  position_error : 0.261586
  orientation_error : 1.84055
  found_in_gazebo : 1

 ErrorResults 
  stamp : 2025-11-28T22:02:46Z
  target_type : armor_red_3
  model_name : armor_red_3
  pose : 
       - position : [-0.00825793 , 2.96919 , 1.05214]
       - orientation : [0.605601 , 0.791061 , 0.0742785 , -0.0442008]
  RingCirclePositionError : 0
  position_error : 0.261586
  orientation_error : 1.84055
  found_in_gazebo : 1

 ErrorResults 
  stamp : 2025-11-28T22:02:46Z
  target_type : armor_red_3
  model_name : armor_red_3
  pose : 
       - position : [-0.00825793 , 2.96919 , 1.05214]
       - orientation : [0.605601 , 0.791061 , 0.0742785 , -0.0442008]
  RingCirclePositionError : 0
  position_error : 0.261586
  orientation_error : 1.84055
  found_in_gazebo : 1

 ErrorResults 
  stamp : 2025-11-28T22:02:46Z
  target_type : armor_red_3
  model_name : armor_red_3
  pose : 
       - position : [-0.00825793 , 2.96919 , 1.05214]
       - orientation : [0.605601 , 0.791061 , 0.0742785 , -0.0442008]
  RingCirclePositionError : 0
  position_error : 0.261586
  orientation_error : 1.84055
  found_in_gazebo : 1

 ErrorResults 
  stamp : 2025-11-28T22:02:46Z
  target_type : armor_red_3
  model_name : armor_red_3
  pose : 
       - position : [-0.00825793 , 2.96919 , 1.05214]
       - orientation : [0.605601 , 0.791061 , 0.0742785 , -0.0442008]
  RingCirclePositionError : 0
  position_error : 0.261586
  orientation_error : 1.84055
  found_in_gazebo : 1

 ErrorResults 
  stamp : 2025-11-28T22:02:46Z
  target_type : armor_red_3
  model_name : armor_red_3
  pose : 
       - position : [-0.00825793 , 2.96919 , 1.05214]
       - orientation : [0.605601 , 0.791061 , 0.0742785 , -0.0442008]
  RingCirclePositionError : 0
  position_error : 0.261586
  orientation_error : 1.84055
  found_in_gazebo : 1

 ErrorResults 
  stamp : 2025-11-28T22:02:46Z
  target_type : armor_red_3
  model_name : armor_red_3
  pose : 
       - position : [-0.00818357 , 2.96912 , 1.05211]
       - orientation : [0.605683 , 0.791034 , 0.0740049 , -0.0440114]
  RingCirclePositionError : 0
  position_error : 0.261541
  orientation_error : 1.84035
  found_in_gazebo : 1

 ErrorResults 
  stamp : 2025-11-28T22:02:46Z
  target_type : armor_red_3
  model_name : armor_red_3
  pose : 
       - position : [-0.00817564 , 2.96834 , 1.05184]
       - orientation : [0.606 , 0.790741 , 0.0744184 , -0.0442137]
  RingCirclePositionError : 0
  position_error : 0.261081
  orientation_error : 1.83955
  found_in_gazebo : 1

 ErrorResults 
  stamp : 2025-11-28T22:02:47Z
  target_type : armor_red_3
  model_name : armor_red_3
  pose : 
       - position : [-0.00817564 , 2.96834 , 1.05184]
       - orientation : [0.606 , 0.790741 , 0.0744184 , -0.0442137]
  RingCirclePositionError : 0
  position_error : 0.261081
  orientation_error : 1.83955
  found_in_gazebo : 1

 ErrorResults 
  stamp : 2025-11-28T22:02:47Z
  target_type : armor_red_3
  model_name : armor_red_3
  pose : 
       - position : [-0.00817564 , 2.96834 , 1.05184]
       - orientation : [0.606 , 0.790741 , 0.0744184 , -0.0442137]
  RingCirclePositionError : 0
  position_error : 0.261081
  orientation_error : 1.83955
  found_in_gazebo : 1

 ErrorResults 
  stamp : 2025-11-28T22:02:47Z
  target_type : armor_red_3
  model_name : armor_red_3
  pose : 
       - position : [-0.00817564 , 2.96834 , 1.05184]
       - orientation : [0.606 , 0.790741 , 0.0744184 , -0.0442137]
  RingCirclePositionError : 0
  position_error : 0.261081
  orientation_error : 1.83955
  found_in_gazebo : 1

 ErrorResults 
  stamp : 2025-11-28T22:02:47Z
  target_type : armor_red_3
  model_name : armor_red_3
  pose : 
       - position : [-0.00817564 , 2.96834 , 1.05184]
       - orientation : [0.606 , 0.790741 , 0.0744184 , -0.0442137]
  RingCirclePositionError : 0
  position_error : 0.261081
  orientation_error : 1.83955
  found_in_gazebo : 1

 ErrorResults 
  stamp : 2025-11-28T22:02:47Z
  target_type : armor_red_3
  model_name : armor_red_3
  pose : 
       - position : [-0.00817564 , 2.96834 , 1.05184]
       - orientation : [0.606 , 0.790741 , 0.0744184 , -0.0442137]
  RingCirclePositionError : 0
  position_error : 0.261081
  orientation_error : 1.83955
  found_in_gazebo : 1

 ErrorResults 
  stamp : 2025-11-28T22:02:47Z
  target_type : armor_red_3
  model_name : armor_red_3
  pose : 
       - position : [-0.00817564 , 2.96834 , 1.05184]
       - orientation : [0.606 , 0.790741 , 0.0744184 , -0.0442137]
  RingCirclePositionError : 0
  position_error : 0.261081
  orientation_error : 1.83955
  found_in_gazebo : 1

 ErrorResults 
  stamp : 2025-11-28T22:02:47Z
  target_type : armor_red_3
  model_name : armor_red_3
  pose : 
       - position : [-0.00817564 , 2.96834 , 1.05184]
       - orientation : [0.606 , 0.790741 , 0.0744184 , -0.0442137]
  RingCirclePositionError : 0
  position_error : 0.261081
  orientation_error : 1.83955
  found_in_gazebo : 1

 ErrorResults 
  stamp : 2025-11-28T22:02:47Z
  target_type : armor_red_3
  model_name : armor_red_3
  pose : 
       - position : [-0.00817564 , 2.96834 , 1.05184]
       - orientation : [0.606 , 0.790741 , 0.0744184 , -0.0442137]
  RingCirclePositionError : 0
  position_error : 0.261081
  orientation_error : 1.83955
  found_in_gazebo : 1

 ErrorResults 
  stamp : 2025-11-28T22:02:47Z
  target_type : armor_red_3
  model_name : armor_red_3
  pose : 
       - position : [-0.00817564 , 2.96834 , 1.05184]
       - orientation : [0.606 , 0.790741 , 0.0744184 , -0.0442137]
  RingCirclePositionError : 0
  position_error : 0.261081
  orientation_error : 1.83955
  found_in_gazebo : 1

 ErrorResults 
  stamp : 2025-11-28T22:02:47Z
  target_type : armor_red_3
  model_name : armor_red_3
  pose : 
       - position : [-0.00817564 , 2.96834 , 1.05184]
       - orientation : [0.606 , 0.790741 , 0.0744184 , -0.0442137]
  RingCirclePositionError : 0
  position_error : 0.261081
  orientation_error : 1.83955
  found_in_gazebo : 1

 ErrorResults 
  stamp : 2025-11-28T22:02:47Z
  target_type : armor_red_3
  model_name : armor_red_3
  pose : 
       - position : [-0.00817564 , 2.96834 , 1.05184]
       - orientation : [0.606 , 0.790741 , 0.0744184 , -0.0442137]
  RingCirclePositionError : 0
  position_error : 0.261081
  orientation_error : 1.83955
  found_in_gazebo : 1

 ErrorResults 
  stamp : 2025-11-28T22:02:47Z
  target_type : armor_red_3
  model_name : armor_red_3
  pose : 
       - position : [-0.00817564 , 2.96834 , 1.05184]
       - orientation : [0.606 , 0.790741 , 0.0744184 , -0.0442137]
  RingCirclePositionError : 0
  position_error : 0.261081
  orientation_error : 1.83955
  found_in_gazebo : 1

 ErrorResults 
  stamp : 2025-11-28T22:02:47Z
  target_type : armor_red_3
  model_name : armor_red_3
  pose : 
       - position : [-0.00817564 , 2.96834 , 1.05184]
       - orientation : [0.606 , 0.790741 , 0.0744184 , -0.0442137]
  RingCirclePositionError : 0
  position_error : 0.261081
  orientation_error : 1.83955
  found_in_gazebo : 1

 ErrorResults 
  stamp : 2025-11-28T22:02:47Z
  target_type : armor_red_3
  model_name : armor_red_3
  pose : 
       - position : [-0.00817564 , 2.96834 , 1.05184]
       - orientation : [0.606 , 0.790741 , 0.0744184 , -0.0442137]
  RingCirclePositionError : 0
  position_error : 0.261081
  orientation_error : 1.83955
  found_in_gazebo : 1

 ErrorResults 
  stamp : 2025-11-28T22:02:47Z
  target_type : armor_red_3
  model_name : armor_red_3
  pose : 
       - position : [-0.00817564 , 2.96834 , 1.05184]
       - orientation : [0.606 , 0.790741 , 0.0744184 , -0.0442137]
  RingCirclePositionError : 0
  position_error : 0.261081
  orientation_error : 1.83955
  found_in_gazebo : 1

 ErrorResults 
  stamp : 2025-11-28T22:02:47Z
  target_type : armor_red_3
  model_name : armor_red_3
  pose : 
       - position : [-0.00817564 , 2.96834 , 1.05184]
       - orientation : [0.606 , 0.790741 , 0.0744184 , -0.0442137]
  RingCirclePositionError : 0
  position_error : 0.261081
  orientation_error : 1.83955
  found_in_gazebo : 1

 ErrorResults 
  stamp : 2025-11-28T22:02:47Z
  target_type : armor_red_3
  model_name : armor_red_3
  pose : 
       - position : [-0.00817564 , 2.96834 , 1.05184]
       - orientation : [0.606 , 0.790741 , 0.0744184 , -0.0442137]
  RingCirclePositionError : 0
  position_error : 0.261081
  orientation_error : 1.83955
  found_in_gazebo : 1

 ErrorResults 
  stamp : 2025-11-28T22:02:47Z
  target_type : armor_red_3
  model_name : armor_red_3
  pose : 
       - position : [-0.00816704 , 2.96751 , 1.05156]
       - orientation : [0.60635 , 0.790418 , 0.0748624 , -0.044429]
  RingCirclePositionError : 0
  position_error : 0.260588
  orientation_error : 1.83867
  found_in_gazebo : 1

 ErrorResults 
  stamp : 2025-11-28T22:02:47Z
  target_type : armor_red_3
  model_name : armor_red_3
  pose : 
       - position : [-0.00816704 , 2.96751 , 1.05156]
       - orientation : [0.60635 , 0.790418 , 0.0748624 , -0.044429]
  RingCirclePositionError : 0
  position_error : 0.260588
  orientation_error : 1.83867
  found_in_gazebo : 1

 ErrorResults 
  stamp : 2025-11-28T22:02:47Z
  target_type : armor_red_3
  model_name : armor_red_3
  pose : 
       - position : [-0.00816704 , 2.96751 , 1.05156]
       - orientation : [0.60635 , 0.790418 , 0.0748624 , -0.044429]
  RingCirclePositionError : 0
  position_error : 0.260588
  orientation_error : 1.83867
  found_in_gazebo : 1

 ErrorResults 
  stamp : 2025-11-28T22:02:47Z
  target_type : armor_red_3
  model_name : armor_red_3
  pose : 
       - position : [-0.00808763 , 2.96743 , 1.05153]
       - orientation : [0.606434 , 0.790392 , 0.0745758 , -0.0442308]
  RingCirclePositionError : 0
  position_error : 0.260535
  orientation_error : 1.83846
  found_in_gazebo : 1

 ErrorResults 
  stamp : 2025-11-28T22:02:47Z
  target_type : armor_red_3
  model_name : armor_red_3
  pose : 
       - position : [-0.00808763 , 2.96743 , 1.05153]
       - orientation : [0.606434 , 0.790392 , 0.0745758 , -0.0442308]
  RingCirclePositionError : 0
  position_error : 0.260535
  orientation_error : 1.83846
  found_in_gazebo : 1

 ErrorResults 
  stamp : 2025-11-28T22:02:47Z
  target_type : armor_red_3
  model_name : armor_red_3
  pose : 
       - position : [-0.00808763 , 2.96743 , 1.05153]
       - orientation : [0.606434 , 0.790392 , 0.0745758 , -0.0442308]
  RingCirclePositionError : 0
  position_error : 0.260535
  orientation_error : 1.83846
  found_in_gazebo : 1

 ErrorResults 
  stamp : 2025-11-28T22:02:47Z
  target_type : armor_red_3
  model_name : armor_red_3
  pose : 
       - position : [-0.00808763 , 2.96743 , 1.05153]
       - orientation : [0.606434 , 0.790392 , 0.0745758 , -0.0442308]
  RingCirclePositionError : 0
  position_error : 0.260535
  orientation_error : 1.83846
  found_in_gazebo : 1

 ErrorResults 
  stamp : 2025-11-28T22:02:47Z
  target_type : armor_red_3
  model_name : armor_red_3
  pose : 
       - position : [-0.00808763 , 2.96743 , 1.05153]
       - orientation : [0.606434 , 0.790392 , 0.0745758 , -0.0442308]
  RingCirclePositionError : 0
  position_error : 0.260535
  orientation_error : 1.83846
  found_in_gazebo : 1

 ErrorResults 
  stamp : 2025-11-28T22:02:47Z
  target_type : armor_red_3
  model_name : armor_red_3
  pose : 
       - position : [-0.00808763 , 2.96743 , 1.05153]
       - orientation : [0.606434 , 0.790392 , 0.0745758 , -0.0442308]
  RingCirclePositionError : 0
  position_error : 0.260535
  orientation_error : 1.83846
  found_in_gazebo : 1

 ErrorResults 
  stamp : 2025-11-28T22:02:47Z
  target_type : armor_red_3
  model_name : armor_red_3
  pose : 
       - position : [-0.00808763 , 2.96743 , 1.05153]
       - orientation : [0.606434 , 0.790392 , 0.0745758 , -0.0442308]
  RingCirclePositionError : 0
  position_error : 0.260535
  orientation_error : 1.83846
  found_in_gazebo : 1

 ErrorResults 
  stamp : 2025-11-28T22:02:47Z
  target_type : armor_red_3
  model_name : armor_red_3
  pose : 
       - position : [-0.00808763 , 2.96743 , 1.05153]
       - orientation : [0.606434 , 0.790392 , 0.0745758 , -0.0442308]
  RingCirclePositionError : 0
  position_error : 0.260535
  orientation_error : 1.83846
  found_in_gazebo : 1

 ErrorResults 
  stamp : 2025-11-28T22:02:47Z
  target_type : armor_red_3
  model_name : armor_red_3
  pose : 
       - position : [-0.00808763 , 2.96743 , 1.05153]
       - orientation : [0.606434 , 0.790392 , 0.0745758 , -0.0442308]
  RingCirclePositionError : 0
  position_error : 0.260535
  orientation_error : 1.83846
  found_in_gazebo : 1

 ErrorResults 
  stamp : 2025-11-28T22:02:47Z
  target_type : armor_red_3
  model_name : armor_red_3
  pose : 
       - position : [-0.00808763 , 2.96743 , 1.05153]
       - orientation : [0.606434 , 0.790392 , 0.0745758 , -0.0442308]
  RingCirclePositionError : 0
  position_error : 0.260535
  orientation_error : 1.83846
  found_in_gazebo : 1

 ErrorResults 
  stamp : 2025-11-28T22:02:47Z
  target_type : armor_red_3
  model_name : armor_red_3
  pose : 
       - position : [-0.00808763 , 2.96743 , 1.05153]
       - orientation : [0.606434 , 0.790392 , 0.0745758 , -0.0442308]
  RingCirclePositionError : 0
  position_error : 0.260535
  orientation_error : 1.83846
  found_in_gazebo : 1

 ErrorResults 
  stamp : 2025-11-28T22:02:47Z
  target_type : armor_red_3
  model_name : armor_red_3
  pose : 
       - position : [-0.00808763 , 2.96743 , 1.05153]
       - orientation : [0.606434 , 0.790392 , 0.0745758 , -0.0442308]
  RingCirclePositionError : 0
  position_error : 0.260535
  orientation_error : 1.83846
  found_in_gazebo : 1

 ErrorResults 
  stamp : 2025-11-28T22:02:47Z
  target_type : armor_red_3
  model_name : armor_red_3
  pose : 
       - position : [-0.00808763 , 2.96743 , 1.05153]
       - orientation : [0.606434 , 0.790392 , 0.0745758 , -0.0442308]
  RingCirclePositionError : 0
  position_error : 0.260535
  orientation_error : 1.83846
  found_in_gazebo : 1

 ErrorResults 
  stamp : 2025-11-28T22:02:47Z
  target_type : armor_red_3
  model_name : armor_red_3
  pose : 
       - position : [-0.00808763 , 2.96743 , 1.05153]
       - orientation : [0.606434 , 0.790392 , 0.0745758 , -0.0442308]
  RingCirclePositionError : 0
  position_error : 0.260535
  orientation_error : 1.83846
  found_in_gazebo : 1

 ErrorResults 
  stamp : 2025-11-28T22:02:47Z
  target_type : armor_red_3
  model_name : armor_red_3
  pose : 
       - position : [-0.00808763 , 2.96743 , 1.05153]
       - orientation : [0.606434 , 0.790392 , 0.0745758 , -0.0442308]
  RingCirclePositionError : 0
  position_error : 0.260535
  orientation_error : 1.83846
  found_in_gazebo : 1

 ErrorResults 
  stamp : 2025-11-28T22:02:47Z
  target_type : armor_red_3
  model_name : armor_red_3
  pose : 
       - position : [-0.00808763 , 2.96743 , 1.05153]
       - orientation : [0.606434 , 0.790392 , 0.0745758 , -0.0442308]
  RingCirclePositionError : 0
  position_error : 0.260535
  orientation_error : 1.83846
  found_in_gazebo : 1

 ErrorResults 
  stamp : 2025-11-28T22:02:47Z
  target_type : armor_red_3
  model_name : armor_red_3
  pose : 
       - position : [-0.00807509 , 2.96652 , 1.05121]
       - orientation : [0.606825 , 0.790035 , 0.0750479 , -0.0444562]
  RingCirclePositionError : 0
  position_error : 0.259998
  orientation_error : 1.83747
  found_in_gazebo : 1

 ErrorResults 
  stamp : 2025-11-28T22:02:47Z
  target_type : armor_red_3
  model_name : armor_red_3
  pose : 
       - position : [-0.00807509 , 2.96652 , 1.05121]
       - orientation : [0.606825 , 0.790035 , 0.0750479 , -0.0444562]
  RingCirclePositionError : 0
  position_error : 0.259998
  orientation_error : 1.83747
  found_in_gazebo : 1

 ErrorResults 
  stamp : 2025-11-28T22:02:47Z
  target_type : armor_red_3
  model_name : armor_red_3
  pose : 
       - position : [-0.00807509 , 2.96652 , 1.05121]
       - orientation : [0.606825 , 0.790035 , 0.0750479 , -0.0444562]
  RingCirclePositionError : 0
  position_error : 0.259998
  orientation_error : 1.83747
  found_in_gazebo : 1

 ErrorResults 
  stamp : 2025-11-28T22:02:47Z
  target_type : armor_red_3
  model_name : armor_red_3
  pose : 
       - position : [-0.00807509 , 2.96652 , 1.05121]
       - orientation : [0.606825 , 0.790035 , 0.0750479 , -0.0444562]
  RingCirclePositionError : 0
  position_error : 0.259998
  orientation_error : 1.83747
  found_in_gazebo : 1

 ErrorResults 
  stamp : 2025-11-28T22:02:47Z
  target_type : armor_red_3
  model_name : armor_red_3
  pose : 
       - position : [-0.00807509 , 2.96652 , 1.05121]
       - orientation : [0.606825 , 0.790035 , 0.0750479 , -0.0444562]
  RingCirclePositionError : 0
  position_error : 0.259998
  orientation_error : 1.83747
  found_in_gazebo : 1

 ErrorResults 
  stamp : 2025-11-28T22:02:47Z
  target_type : armor_red_3
  model_name : armor_red_3
  pose : 
       - position : [-0.00799272 , 2.96643 , 1.05118]
       - orientation : [0.606909 , 0.790009 , 0.0747526 , -0.0442523]
  RingCirclePositionError : 0
  position_error : 0.259942
  orientation_error : 1.83726
  found_in_gazebo : 1

 ErrorResults 
  stamp : 2025-11-28T22:02:47Z
  target_type : armor_red_3
  model_name : armor_red_3
  pose : 
       - position : [-0.00799272 , 2.96643 , 1.05118]
       - orientation : [0.606909 , 0.790009 , 0.0747526 , -0.0442523]
  RingCirclePositionError : 0
  position_error : 0.259942
  orientation_error : 1.83726
  found_in_gazebo : 1

 ErrorResults 
  stamp : 2025-11-28T22:02:47Z
  target_type : armor_red_3
  model_name : armor_red_3
  pose : 
       - position : [-0.00799272 , 2.96643 , 1.05118]
       - orientation : [0.606909 , 0.790009 , 0.0747526 , -0.0442523]
  RingCirclePositionError : 0
  position_error : 0.259942
  orientation_error : 1.83726
  found_in_gazebo : 1

 ErrorResults 
  stamp : 2025-11-28T22:02:47Z
  target_type : armor_red_3
  model_name : armor_red_3
  pose : 
       - position : [-0.00799272 , 2.96643 , 1.05118]
       - orientation : [0.606909 , 0.790009 , 0.0747526 , -0.0442523]
  RingCirclePositionError : 0
  position_error : 0.259942
  orientation_error : 1.83726
  found_in_gazebo : 1

 ErrorResults 
  stamp : 2025-11-28T22:02:48Z
  target_type : armor_red_3
  model_name : armor_red_3
  pose : 
       - position : [-0.00799272 , 2.96643 , 1.05118]
       - orientation : [0.606909 , 0.790009 , 0.0747526 , -0.0442523]
  RingCirclePositionError : 0
  position_error : 0.259942
  orientation_error : 1.83726
  found_in_gazebo : 1

 ErrorResults 
  stamp : 2025-11-28T22:02:48Z
  target_type : armor_red_3
  model_name : armor_red_3
  pose : 
       - position : [-0.00799272 , 2.96643 , 1.05118]
       - orientation : [0.606909 , 0.790009 , 0.0747526 , -0.0442523]
  RingCirclePositionError : 0
  position_error : 0.259942
  orientation_error : 1.83726
  found_in_gazebo : 1

 ErrorResults 
  stamp : 2025-11-28T22:02:48Z
  target_type : armor_red_3
  model_name : armor_red_3
  pose : 
       - position : [-0.00799272 , 2.96643 , 1.05118]
       - orientation : [0.606909 , 0.790009 , 0.0747526 , -0.0442523]
  RingCirclePositionError : 0
  position_error : 0.259942
  orientation_error : 1.83726
  found_in_gazebo : 1

 ErrorResults 
  stamp : 2025-11-28T22:02:48Z
  target_type : armor_red_3
  model_name : armor_red_3
  pose : 
       - position : [-0.00799272 , 2.96643 , 1.05118]
       - orientation : [0.606909 , 0.790009 , 0.0747526 , -0.0442523]
  RingCirclePositionError : 0
  position_error : 0.259942
  orientation_error : 1.83726
  found_in_gazebo : 1

 ErrorResults 
  stamp : 2025-11-28T22:02:48Z
  target_type : armor_red_3
  model_name : armor_red_3
  pose : 
       - position : [-0.00799272 , 2.96643 , 1.05118]
       - orientation : [0.606909 , 0.790009 , 0.0747526 , -0.0442523]
  RingCirclePositionError : 0
  position_error : 0.259942
  orientation_error : 1.83726
  found_in_gazebo : 1

 ErrorResults 
  stamp : 2025-11-28T22:02:48Z
  target_type : armor_red_3
  model_name : armor_red_3
  pose : 
       - position : [-0.00799272 , 2.96643 , 1.05118]
       - orientation : [0.606909 , 0.790009 , 0.0747526 , -0.0442523]
  RingCirclePositionError : 0
  position_error : 0.259942
  orientation_error : 1.83726
  found_in_gazebo : 1

 ErrorResults 
  stamp : 2025-11-28T22:02:48Z
  target_type : armor_red_3
  model_name : armor_red_3
  pose : 
       - position : [-0.00799272 , 2.96643 , 1.05118]
       - orientation : [0.606909 , 0.790009 , 0.0747526 , -0.0442523]
  RingCirclePositionError : 0
  position_error : 0.259942
  orientation_error : 1.83726
  found_in_gazebo : 1

 ErrorResults 
  stamp : 2025-11-28T22:02:48Z
  target_type : armor_red_3
  model_name : armor_red_3
  pose : 
       - position : [-0.00799272 , 2.96643 , 1.05118]
       - orientation : [0.606909 , 0.790009 , 0.0747526 , -0.0442523]
  RingCirclePositionError : 0
  position_error : 0.259942
  orientation_error : 1.83726
  found_in_gazebo : 1

 ErrorResults 
  stamp : 2025-11-28T22:02:48Z
  target_type : armor_red_3
  model_name : armor_red_3
  pose : 
       - position : [-0.00799272 , 2.96643 , 1.05118]
       - orientation : [0.606909 , 0.790009 , 0.0747526 , -0.0442523]
  RingCirclePositionError : 0
  position_error : 0.259942
  orientation_error : 1.83726
  found_in_gazebo : 1

 ErrorResults 
  stamp : 2025-11-28T22:02:48Z
  target_type : armor_red_3
  model_name : armor_red_3
  pose : 
       - position : [-0.00799272 , 2.96643 , 1.05118]
       - orientation : [0.606909 , 0.790009 , 0.0747526 , -0.0442523]
  RingCirclePositionError : 0
  position_error : 0.259942
  orientation_error : 1.83726
  found_in_gazebo : 1

 ErrorResults 
  stamp : 2025-11-28T22:02:48Z
  target_type : armor_red_3
  model_name : armor_red_3
  pose : 
       - position : [-0.00799272 , 2.96643 , 1.05118]
       - orientation : [0.606909 , 0.790009 , 0.0747526 , -0.0442523]
  RingCirclePositionError : 0
  position_error : 0.259942
  orientation_error : 1.83726
  found_in_gazebo : 1

 ErrorResults 
  stamp : 2025-11-28T22:02:48Z
  target_type : armor_red_3
  model_name : armor_red_3
  pose : 
       - position : [-0.00797585 , 2.96544 , 1.05084]
       - orientation : [0.607346 , 0.789613 , 0.0752567 , -0.044489]
  RingCirclePositionError : 0
  position_error : 0.259356
  orientation_error : 1.83616
  found_in_gazebo : 1

 ErrorResults 
  stamp : 2025-11-28T22:02:48Z
  target_type : armor_red_3
  model_name : armor_red_3
  pose : 
       - position : [-0.00797585 , 2.96544 , 1.05084]
       - orientation : [0.607346 , 0.789613 , 0.0752567 , -0.044489]
  RingCirclePositionError : 0
  position_error : 0.259356
  orientation_error : 1.83616
  found_in_gazebo : 1

 ErrorResults 
  stamp : 2025-11-28T22:02:48Z
  target_type : armor_red_3
  model_name : armor_red_3
  pose : 
       - position : [-0.00797585 , 2.96544 , 1.05084]
       - orientation : [0.607346 , 0.789613 , 0.0752567 , -0.044489]
  RingCirclePositionError : 0
  position_error : 0.259356
  orientation_error : 1.83616
  found_in_gazebo : 1

 ErrorResults 
  stamp : 2025-11-28T22:02:48Z
  target_type : armor_red_3
  model_name : armor_red_3
  pose : 
       - position : [-0.00797585 , 2.96544 , 1.05084]
       - orientation : [0.607346 , 0.789613 , 0.0752567 , -0.044489]
  RingCirclePositionError : 0
  position_error : 0.259356
  orientation_error : 1.83616
  found_in_gazebo : 1

 ErrorResults 
  stamp : 2025-11-28T22:02:48Z
  target_type : armor_red_3
  model_name : armor_red_3
  pose : 
       - position : [-0.00797585 , 2.96544 , 1.05084]
       - orientation : [0.607346 , 0.789613 , 0.0752567 , -0.044489]
  RingCirclePositionError : 0
  position_error : 0.259356
  orientation_error : 1.83616
  found_in_gazebo : 1

 ErrorResults 
  stamp : 2025-11-28T22:02:48Z
  target_type : armor_red_3
  model_name : armor_red_3
  pose : 
       - position : [-0.00797585 , 2.96544 , 1.05084]
       - orientation : [0.607346 , 0.789613 , 0.0752567 , -0.044489]
  RingCirclePositionError : 0
  position_error : 0.259356
  orientation_error : 1.83616
  found_in_gazebo : 1

 ErrorResults 
  stamp : 2025-11-28T22:02:48Z
  target_type : armor_red_3
  model_name : armor_red_3
  pose : 
       - position : [-0.00797585 , 2.96544 , 1.05084]
       - orientation : [0.607346 , 0.789613 , 0.0752567 , -0.044489]
  RingCirclePositionError : 0
  position_error : 0.259356
  orientation_error : 1.83616
  found_in_gazebo : 1

 ErrorResults 
  stamp : 2025-11-28T22:02:48Z
  target_type : armor_red_3
  model_name : armor_red_3
  pose : 
       - position : [-0.00797585 , 2.96544 , 1.05084]
       - orientation : [0.607346 , 0.789613 , 0.0752567 , -0.044489]
  RingCirclePositionError : 0
  position_error : 0.259356
  orientation_error : 1.83616
  found_in_gazebo : 1

 ErrorResults 
  stamp : 2025-11-28T22:02:48Z
  target_type : armor_red_3
  model_name : armor_red_3
  pose : 
       - position : [-0.00789013 , 2.96534 , 1.0508]
       - orientation : [0.607431 , 0.789588 , 0.0749529 , -0.0442795]
  RingCirclePositionError : 0
  position_error : 0.259294
  orientation_error : 1.83595
  found_in_gazebo : 1

 ErrorResults 
  stamp : 2025-11-28T22:02:48Z
  target_type : armor_red_3
  model_name : armor_red_3
  pose : 
       - position : [-0.00789013 , 2.96534 , 1.0508]
       - orientation : [0.607431 , 0.789588 , 0.0749529 , -0.0442795]
  RingCirclePositionError : 0
  position_error : 0.259294
  orientation_error : 1.83595
  found_in_gazebo : 1

 ErrorResults 
  stamp : 2025-11-28T22:02:48Z
  target_type : armor_red_3
  model_name : armor_red_3
  pose : 
       - position : [-0.00789013 , 2.96534 , 1.0508]
       - orientation : [0.607431 , 0.789588 , 0.0749529 , -0.0442795]
  RingCirclePositionError : 0
  position_error : 0.259294
  orientation_error : 1.83595
  found_in_gazebo : 1

 ErrorResults 
  stamp : 2025-11-28T22:02:48Z
  target_type : armor_red_3
  model_name : armor_red_3
  pose : 
       - position : [-0.00789013 , 2.96534 , 1.0508]
       - orientation : [0.607431 , 0.789588 , 0.0749529 , -0.0442795]
  RingCirclePositionError : 0
  position_error : 0.259294
  orientation_error : 1.83595
  found_in_gazebo : 1

 ErrorResults 
  stamp : 2025-11-28T22:02:48Z
  target_type : armor_red_3
  model_name : armor_red_3
  pose : 
       - position : [-0.00789013 , 2.96534 , 1.0508]
       - orientation : [0.607431 , 0.789588 , 0.0749529 , -0.0442795]
  RingCirclePositionError : 0
  position_error : 0.259294
  orientation_error : 1.83595
  found_in_gazebo : 1

 ErrorResults 
  stamp : 2025-11-28T22:02:48Z
  target_type : armor_red_3
  model_name : armor_red_3
  pose : 
       - position : [-0.010222 , 2.92955 , 1.03678]
       - orientation : [0.59802 , 0.792825 , 0.100691 , -0.060516]
  RingCirclePositionError : 0
  position_error : 0.238832
  orientation_error : 1.85954
  found_in_gazebo : 1

 ErrorResults 
  stamp : 2025-11-28T22:02:48Z
  target_type : armor_red_3
  model_name : armor_red_3
  pose : 
       - position : [-0.010222 , 2.92955 , 1.03678]
       - orientation : [0.59802 , 0.792825 , 0.100691 , -0.060516]
  RingCirclePositionError : 0
  position_error : 0.238832
  orientation_error : 1.85954
  found_in_gazebo : 1

 ErrorResults 
  stamp : 2025-11-28T22:02:48Z
  target_type : armor_red_3
  model_name : armor_red_3
  pose : 
       - position : [-0.010222 , 2.92955 , 1.03678]
       - orientation : [0.59802 , 0.792825 , 0.100691 , -0.060516]
  RingCirclePositionError : 0
  position_error : 0.238832
  orientation_error : 1.85954
  found_in_gazebo : 1

 ErrorResults 
  stamp : 2025-11-28T22:02:48Z
  target_type : armor_red_3
  model_name : armor_red_3
  pose : 
       - position : [-0.010222 , 2.92955 , 1.03678]
       - orientation : [0.59802 , 0.792825 , 0.100691 , -0.060516]
  RingCirclePositionError : 0
  position_error : 0.238832
  orientation_error : 1.85954
  found_in_gazebo : 1

 ErrorResults 
  stamp : 2025-11-28T22:02:48Z
  target_type : armor_red_3
  model_name : armor_red_3
  pose : 
       - position : [-0.010222 , 2.92955 , 1.03678]
       - orientation : [0.59802 , 0.792825 , 0.100691 , -0.060516]
  RingCirclePositionError : 0
  position_error : 0.238832
  orientation_error : 1.85954
  found_in_gazebo : 1

 ErrorResults 
  stamp : 2025-11-28T22:02:48Z
  target_type : armor_red_3
  model_name : armor_red_3
  pose : 
       - position : [-0.010222 , 2.92955 , 1.03678]
       - orientation : [0.59802 , 0.792825 , 0.100691 , -0.060516]
  RingCirclePositionError : 0
  position_error : 0.238832
  orientation_error : 1.85954
  found_in_gazebo : 1

 ErrorResults 
  stamp : 2025-11-28T22:02:48Z
  target_type : armor_red_3
  model_name : armor_red_3
  pose : 
       - position : [-0.010222 , 2.92955 , 1.03678]
       - orientation : [0.59802 , 0.792825 , 0.100691 , -0.060516]
  RingCirclePositionError : 0
  position_error : 0.238832
  orientation_error : 1.85954
  found_in_gazebo : 1

 ErrorResults 
  stamp : 2025-11-28T22:02:48Z
  target_type : armor_red_3
  model_name : armor_red_3
  pose : 
       - position : [-0.0101441 , 2.92948 , 1.03675]
       - orientation : [0.598087 , 0.792817 , 0.100456 , -0.0603491]
  RingCirclePositionError : 0
  position_error : 0.238795
  orientation_error : 1.85937
  found_in_gazebo : 1

 ErrorResults 
  stamp : 2025-11-28T22:02:48Z
  target_type : armor_red_3
  model_name : armor_red_3
  pose : 
       - position : [-0.0101441 , 2.92948 , 1.03675]
       - orientation : [0.598087 , 0.792817 , 0.100456 , -0.0603491]
  RingCirclePositionError : 0
  position_error : 0.238795
  orientation_error : 1.85937
  found_in_gazebo : 1

 ErrorResults 
  stamp : 2025-11-28T22:02:48Z
  target_type : armor_red_3
  model_name : armor_red_3
  pose : 
       - position : [-0.0101441 , 2.92948 , 1.03675]
       - orientation : [0.598087 , 0.792817 , 0.100456 , -0.0603491]
  RingCirclePositionError : 0
  position_error : 0.238795
  orientation_error : 1.85937
  found_in_gazebo : 1

 ErrorResults 
  stamp : 2025-11-28T22:02:48Z
  target_type : armor_red_3
  model_name : armor_red_3
  pose : 
       - position : [-0.0101441 , 2.92948 , 1.03675]
       - orientation : [0.598087 , 0.792817 , 0.100456 , -0.0603491]
  RingCirclePositionError : 0
  position_error : 0.238795
  orientation_error : 1.85937
  found_in_gazebo : 1

 ErrorResults 
  stamp : 2025-11-28T22:02:48Z
  target_type : armor_red_3
  model_name : armor_red_3
  pose : 
       - position : [-0.0101441 , 2.92948 , 1.03675]
       - orientation : [0.598087 , 0.792817 , 0.100456 , -0.0603491]
  RingCirclePositionError : 0
  position_error : 0.238795
  orientation_error : 1.85937
  found_in_gazebo : 1

 ErrorResults 
  stamp : 2025-11-28T22:02:48Z
  target_type : armor_red_3
  model_name : armor_red_3
  pose : 
       - position : [-0.0101441 , 2.92948 , 1.03675]
       - orientation : [0.598087 , 0.792817 , 0.100456 , -0.0603491]
  RingCirclePositionError : 0
  position_error : 0.238795
  orientation_error : 1.85937
  found_in_gazebo : 1

 ErrorResults 
  stamp : 2025-11-28T22:02:48Z
  target_type : armor_red_3
  model_name : armor_red_3
  pose : 
       - position : [-0.0101441 , 2.92948 , 1.03675]
       - orientation : [0.598087 , 0.792817 , 0.100456 , -0.0603491]
  RingCirclePositionError : 0
  position_error : 0.238795
  orientation_error : 1.85937
  found_in_gazebo : 1

 ErrorResults 
  stamp : 2025-11-28T22:02:48Z
  target_type : armor_red_3
  model_name : armor_red_3
  pose : 
       - position : [-0.0101441 , 2.92948 , 1.03675]
       - orientation : [0.598087 , 0.792817 , 0.100456 , -0.0603491]
  RingCirclePositionError : 0
  position_error : 0.238795
  orientation_error : 1.85937
  found_in_gazebo : 1

 ErrorResults 
  stamp : 2025-11-28T22:02:48Z
  target_type : armor_red_3
  model_name : armor_red_3
  pose : 
       - position : [-0.0101441 , 2.92948 , 1.03675]
       - orientation : [0.598087 , 0.792817 , 0.100456 , -0.0603491]
  RingCirclePositionError : 0
  position_error : 0.238795
  orientation_error : 1.85937
  found_in_gazebo : 1

 ErrorResults 
  stamp : 2025-11-28T22:02:48Z
  target_type : armor_red_3
  model_name : armor_red_3
  pose : 
       - position : [-0.0101441 , 2.92948 , 1.03675]
       - orientation : [0.598087 , 0.792817 , 0.100456 , -0.0603491]
  RingCirclePositionError : 0
  position_error : 0.238795
  orientation_error : 1.85937
  found_in_gazebo : 1

 ErrorResults 
  stamp : 2025-11-28T22:02:48Z
  target_type : armor_red_3
  model_name : armor_red_3
  pose : 
       - position : [-0.0101441 , 2.92948 , 1.03675]
       - orientation : [0.598087 , 0.792817 , 0.100456 , -0.0603491]
  RingCirclePositionError : 0
  position_error : 0.238795
  orientation_error : 1.85937
  found_in_gazebo : 1

 ErrorResults 
  stamp : 2025-11-28T22:02:48Z
  target_type : armor_red_3
  model_name : armor_red_3
  pose : 
       - position : [-0.0100515 , 2.9299 , 1.03688]
       - orientation : [0.597554 , 0.793307 , 0.0999054 , -0.0601023]
  RingCirclePositionError : 0
  position_error : 0.238971
  orientation_error : 1.8607
  found_in_gazebo : 1

 ErrorResults 
  stamp : 2025-11-28T22:02:48Z
  target_type : armor_red_3
  model_name : armor_red_3
  pose : 
       - position : [-0.0100515 , 2.9299 , 1.03688]
       - orientation : [0.597554 , 0.793307 , 0.0999054 , -0.0601023]
  RingCirclePositionError : 0
  position_error : 0.238971
  orientation_error : 1.8607
  found_in_gazebo : 1

 ErrorResults 
  stamp : 2025-11-28T22:02:48Z
  target_type : armor_red_3
  model_name : armor_red_3
  pose : 
       - position : [-0.0100515 , 2.9299 , 1.03688]
       - orientation : [0.597554 , 0.793307 , 0.0999054 , -0.0601023]
  RingCirclePositionError : 0
  position_error : 0.238971
  orientation_error : 1.8607
  found_in_gazebo : 1

 ErrorResults 
  stamp : 2025-11-28T22:02:49Z
  target_type : armor_red_3
  model_name : armor_red_3
  pose : 
       - position : [-0.0100515 , 2.9299 , 1.03688]
       - orientation : [0.597554 , 0.793307 , 0.0999054 , -0.0601023]
  RingCirclePositionError : 0
  position_error : 0.238971
  orientation_error : 1.8607
  found_in_gazebo : 1

 ErrorResults 
  stamp : 2025-11-28T22:02:49Z
  target_type : armor_red_3
  model_name : armor_red_3
  pose : 
       - position : [-0.0100515 , 2.9299 , 1.03688]
       - orientation : [0.597554 , 0.793307 , 0.0999054 , -0.0601023]
  RingCirclePositionError : 0
  position_error : 0.238971
  orientation_error : 1.8607
  found_in_gazebo : 1

 ErrorResults 
  stamp : 2025-11-28T22:02:49Z
  target_type : armor_red_3
  model_name : armor_red_3
  pose : 
       - position : [-0.0100515 , 2.9299 , 1.03688]
       - orientation : [0.597554 , 0.793307 , 0.0999054 , -0.0601023]
  RingCirclePositionError : 0
  position_error : 0.238971
  orientation_error : 1.8607
  found_in_gazebo : 1

 ErrorResults 
  stamp : 2025-11-28T22:02:49Z
  target_type : armor_red_3
  model_name : armor_red_3
  pose : 
       - position : [-0.0100515 , 2.9299 , 1.03688]
       - orientation : [0.597554 , 0.793307 , 0.0999054 , -0.0601023]
  RingCirclePositionError : 0
  position_error : 0.238971
  orientation_error : 1.8607
  found_in_gazebo : 1

 ErrorResults 
  stamp : 2025-11-28T22:02:49Z
  target_type : armor_red_3
  model_name : armor_red_3
  pose : 
       - position : [-0.0100515 , 2.9299 , 1.03688]
       - orientation : [0.597554 , 0.793307 , 0.0999054 , -0.0601023]
  RingCirclePositionError : 0
  position_error : 0.238971
  orientation_error : 1.8607
  found_in_gazebo : 1

 ErrorResults 
  stamp : 2025-11-28T22:02:49Z
  target_type : armor_red_3
  model_name : armor_red_3
  pose : 
       - position : [-0.0100515 , 2.9299 , 1.03688]
       - orientation : [0.597554 , 0.793307 , 0.0999054 , -0.0601023]
  RingCirclePositionError : 0
  position_error : 0.238971
  orientation_error : 1.8607
  found_in_gazebo : 1

 ErrorResults 
  stamp : 2025-11-28T22:02:49Z
  target_type : armor_red_3
  model_name : armor_red_3
  pose : 
       - position : [-0.0100515 , 2.9299 , 1.03688]
       - orientation : [0.597554 , 0.793307 , 0.0999054 , -0.0601023]
  RingCirclePositionError : 0
  position_error : 0.238971
  orientation_error : 1.8607
  found_in_gazebo : 1

 ErrorResults 
  stamp : 2025-11-28T22:02:49Z
  target_type : armor_red_3
  model_name : armor_red_3
  pose : 
       - position : [-0.00997645 , 2.92984 , 1.03685]
       - orientation : [0.597621 , 0.793297 , 0.0996774 , -0.0599403]
  RingCirclePositionError : 0
  position_error : 0.238935
  orientation_error : 1.86053
  found_in_gazebo : 1

 ErrorResults 
  stamp : 2025-11-28T22:02:49Z
  target_type : armor_red_3
  model_name : armor_red_3
  pose : 
       - position : [-0.00997645 , 2.92984 , 1.03685]
       - orientation : [0.597621 , 0.793297 , 0.0996774 , -0.0599403]
  RingCirclePositionError : 0
  position_error : 0.238935
  orientation_error : 1.86053
  found_in_gazebo : 1

 ErrorResults 
  stamp : 2025-11-28T22:02:49Z
  target_type : armor_red_3
  model_name : armor_red_3
  pose : 
       - position : [-0.00997645 , 2.92984 , 1.03685]
       - orientation : [0.597621 , 0.793297 , 0.0996774 , -0.0599403]
  RingCirclePositionError : 0
  position_error : 0.238935
  orientation_error : 1.86053
  found_in_gazebo : 1

 ErrorResults 
  stamp : 2025-11-28T22:02:49Z
  target_type : armor_red_3
  model_name : armor_red_3
  pose : 
       - position : [-0.00997645 , 2.92984 , 1.03685]
       - orientation : [0.597621 , 0.793297 , 0.0996774 , -0.0599403]
  RingCirclePositionError : 0
  position_error : 0.238935
  orientation_error : 1.86053
  found_in_gazebo : 1

 ErrorResults 
  stamp : 2025-11-28T22:02:49Z
  target_type : armor_red_3
  model_name : armor_red_3
  pose : 
       - position : [-0.00997645 , 2.92984 , 1.03685]
       - orientation : [0.597621 , 0.793297 , 0.0996774 , -0.0599403]
  RingCirclePositionError : 0
  position_error : 0.238935
  orientation_error : 1.86053
  found_in_gazebo : 1

 ErrorResults 
  stamp : 2025-11-28T22:02:49Z
  target_type : armor_red_3
  model_name : armor_red_3
  pose : 
       - position : [-0.00997645 , 2.92984 , 1.03685]
       - orientation : [0.597621 , 0.793297 , 0.0996774 , -0.0599403]
  RingCirclePositionError : 0
  position_error : 0.238935
  orientation_error : 1.86053
  found_in_gazebo : 1

 ErrorResults 
  stamp : 2025-11-28T22:02:49Z
  target_type : armor_red_3
  model_name : armor_red_3
  pose : 
       - position : [-0.00997645 , 2.92984 , 1.03685]
       - orientation : [0.597621 , 0.793297 , 0.0996774 , -0.0599403]
  RingCirclePositionError : 0
  position_error : 0.238935
  orientation_error : 1.86053
  found_in_gazebo : 1

 ErrorResults 
  stamp : 2025-11-28T22:02:49Z
  target_type : armor_red_3
  model_name : armor_red_3
  pose : 
       - position : [-0.00997645 , 2.92984 , 1.03685]
       - orientation : [0.597621 , 0.793297 , 0.0996774 , -0.0599403]
  RingCirclePositionError : 0
  position_error : 0.238935
  orientation_error : 1.86053
  found_in_gazebo : 1

 ErrorResults 
  stamp : 2025-11-28T22:02:49Z
  target_type : armor_red_3
  model_name : armor_red_3
  pose : 
       - position : [-0.00997645 , 2.92984 , 1.03685]
       - orientation : [0.597621 , 0.793297 , 0.0996774 , -0.0599403]
  RingCirclePositionError : 0
  position_error : 0.238935
  orientation_error : 1.86053
  found_in_gazebo : 1

 ErrorResults 
  stamp : 2025-11-28T22:02:49Z
  target_type : armor_red_3
  model_name : armor_red_3
  pose : 
       - position : [-0.00997645 , 2.92984 , 1.03685]
       - orientation : [0.597621 , 0.793297 , 0.0996774 , -0.0599403]
  RingCirclePositionError : 0
  position_error : 0.238935
  orientation_error : 1.86053
  found_in_gazebo : 1

 ErrorResults 
  stamp : 2025-11-28T22:02:49Z
  target_type : armor_red_3
  model_name : armor_red_3
  pose : 
       - position : [-0.00997645 , 2.92984 , 1.03685]
       - orientation : [0.597621 , 0.793297 , 0.0996774 , -0.0599403]
  RingCirclePositionError : 0
  position_error : 0.238935
  orientation_error : 1.86053
  found_in_gazebo : 1

 ErrorResults 
  stamp : 2025-11-28T22:02:49Z
  target_type : armor_red_3
  model_name : armor_red_3
  pose : 
       - position : [-0.00997645 , 2.92984 , 1.03685]
       - orientation : [0.597621 , 0.793297 , 0.0996774 , -0.0599403]
  RingCirclePositionError : 0
  position_error : 0.238935
  orientation_error : 1.86053
  found_in_gazebo : 1

 ErrorResults 
  stamp : 2025-11-28T22:02:49Z
  target_type : armor_red_3
  model_name : armor_red_3
  pose : 
       - position : [-0.00997645 , 2.92984 , 1.03685]
       - orientation : [0.597621 , 0.793297 , 0.0996774 , -0.0599403]
  RingCirclePositionError : 0
  position_error : 0.238935
  orientation_error : 1.86053
  found_in_gazebo : 1

 ErrorResults 
  stamp : 2025-11-28T22:02:49Z
  target_type : armor_red_3
  model_name : armor_red_3
  pose : 
       - position : [-0.00997645 , 2.92984 , 1.03685]
       - orientation : [0.597621 , 0.793297 , 0.0996774 , -0.0599403]
  RingCirclePositionError : 0
  position_error : 0.238935
  orientation_error : 1.86053
  found_in_gazebo : 1

 ErrorResults 
  stamp : 2025-11-28T22:02:49Z
  target_type : armor_red_3
  model_name : armor_red_3
  pose : 
       - position : [-0.00997645 , 2.92984 , 1.03685]
       - orientation : [0.597621 , 0.793297 , 0.0996774 , -0.0599403]
  RingCirclePositionError : 0
  position_error : 0.238935
  orientation_error : 1.86053
  found_in_gazebo : 1

 ErrorResults 
  stamp : 2025-11-28T22:02:49Z
  target_type : armor_red_3
  model_name : armor_red_3
  pose : 
       - position : [-0.00998248 , 2.92861 , 1.03645]
       - orientation : [0.597067 , 0.793622 , 0.10012 , -0.0604244]
  RingCirclePositionError : 0
  position_error : 0.238388
  orientation_error : 1.86191
  found_in_gazebo : 1

 ErrorResults 
  stamp : 2025-11-28T22:02:49Z
  target_type : armor_red_3
  model_name : armor_red_3
  pose : 
       - position : [-0.00998248 , 2.92861 , 1.03645]
       - orientation : [0.597067 , 0.793622 , 0.10012 , -0.0604244]
  RingCirclePositionError : 0
  position_error : 0.238388
  orientation_error : 1.86191
  found_in_gazebo : 1

 ErrorResults 
  stamp : 2025-11-28T22:02:49Z
  target_type : armor_red_3
  model_name : armor_red_3
  pose : 
       - position : [-0.00998248 , 2.92861 , 1.03645]
       - orientation : [0.597067 , 0.793622 , 0.10012 , -0.0604244]
  RingCirclePositionError : 0
  position_error : 0.238388
  orientation_error : 1.86191
  found_in_gazebo : 1

 ErrorResults 
  stamp : 2025-11-28T22:02:49Z
  target_type : armor_red_3
  model_name : armor_red_3
  pose : 
       - position : [-0.00998248 , 2.92861 , 1.03645]
       - orientation : [0.597067 , 0.793622 , 0.10012 , -0.0604244]
  RingCirclePositionError : 0
  position_error : 0.238388
  orientation_error : 1.86191
  found_in_gazebo : 1

 ErrorResults 
  stamp : 2025-11-28T22:02:49Z
  target_type : armor_red_3
  model_name : armor_red_3
  pose : 
       - position : [-0.00998248 , 2.92861 , 1.03645]
       - orientation : [0.597067 , 0.793622 , 0.10012 , -0.0604244]
  RingCirclePositionError : 0
  position_error : 0.238388
  orientation_error : 1.86191
  found_in_gazebo : 1

 ErrorResults 
  stamp : 2025-11-28T22:02:49Z
  target_type : armor_red_3
  model_name : armor_red_3
  pose : 
       - position : [-0.00998248 , 2.92861 , 1.03645]
       - orientation : [0.597067 , 0.793622 , 0.10012 , -0.0604244]
  RingCirclePositionError : 0
  position_error : 0.238388
  orientation_error : 1.86191
  found_in_gazebo : 1

 ErrorResults 
  stamp : 2025-11-28T22:02:49Z
  target_type : armor_red_3
  model_name : armor_red_3
  pose : 
       - position : [-0.00998248 , 2.92861 , 1.03645]
       - orientation : [0.597067 , 0.793622 , 0.10012 , -0.0604244]
  RingCirclePositionError : 0
  position_error : 0.238388
  orientation_error : 1.86191
  found_in_gazebo : 1

 ErrorResults 
  stamp : 2025-11-28T22:02:49Z
  target_type : armor_red_3
  model_name : armor_red_3
  pose : 
       - position : [-0.00991054 , 2.92855 , 1.03643]
       - orientation : [0.597132 , 0.793613 , 0.0999008 , -0.0602687]
  RingCirclePositionError : 0
  position_error : 0.238355
  orientation_error : 1.86175
  found_in_gazebo : 1

 ErrorResults 
  stamp : 2025-11-28T22:02:49Z
  target_type : armor_red_3
  model_name : armor_red_3
  pose : 
       - position : [-0.00991054 , 2.92855 , 1.03643]
       - orientation : [0.597132 , 0.793613 , 0.0999008 , -0.0602687]
  RingCirclePositionError : 0
  position_error : 0.238355
  orientation_error : 1.86175
  found_in_gazebo : 1

 ErrorResults 
  stamp : 2025-11-28T22:02:49Z
  target_type : armor_red_3
  model_name : armor_red_3
  pose : 
       - position : [-0.00991054 , 2.92855 , 1.03643]
       - orientation : [0.597132 , 0.793613 , 0.0999008 , -0.0602687]
  RingCirclePositionError : 0
  position_error : 0.238355
  orientation_error : 1.86175
  found_in_gazebo : 1

 ErrorResults 
  stamp : 2025-11-28T22:02:49Z
  target_type : armor_red_3
  model_name : armor_red_3
  pose : 
       - position : [-0.00991054 , 2.92855 , 1.03643]
       - orientation : [0.597132 , 0.793613 , 0.0999008 , -0.0602687]
  RingCirclePositionError : 0
  position_error : 0.238355
  orientation_error : 1.86175
  found_in_gazebo : 1

 ErrorResults 
  stamp : 2025-11-28T22:02:49Z
  target_type : armor_red_3
  model_name : armor_red_3
  pose : 
       - position : [-0.00991054 , 2.92855 , 1.03643]
       - orientation : [0.597132 , 0.793613 , 0.0999008 , -0.0602687]
  RingCirclePositionError : 0
  position_error : 0.238355
  orientation_error : 1.86175
  found_in_gazebo : 1

 ErrorResults 
  stamp : 2025-11-28T22:02:49Z
  target_type : armor_red_3
  model_name : armor_red_3
  pose : 
       - position : [-0.00991054 , 2.92855 , 1.03643]
       - orientation : [0.597132 , 0.793613 , 0.0999008 , -0.0602687]
  RingCirclePositionError : 0
  position_error : 0.238355
  orientation_error : 1.86175
  found_in_gazebo : 1

 ErrorResults 
  stamp : 2025-11-28T22:02:49Z
  target_type : armor_red_3
  model_name : armor_red_3
  pose : 
       - position : [-0.00991054 , 2.92855 , 1.03643]
       - orientation : [0.597132 , 0.793613 , 0.0999008 , -0.0602687]
  RingCirclePositionError : 0
  position_error : 0.238355
  orientation_error : 1.86175
  found_in_gazebo : 1

 ErrorResults 
  stamp : 2025-11-28T22:02:49Z
  target_type : armor_red_3
  model_name : armor_red_3
  pose : 
       - position : [-0.00991054 , 2.92855 , 1.03643]
       - orientation : [0.597132 , 0.793613 , 0.0999008 , -0.0602687]
  RingCirclePositionError : 0
  position_error : 0.238355
  orientation_error : 1.86175
  found_in_gazebo : 1

 ErrorResults 
  stamp : 2025-11-28T22:02:49Z
  target_type : armor_red_3
  model_name : armor_red_3
  pose : 
       - position : [-0.00991054 , 2.92855 , 1.03643]
       - orientation : [0.597132 , 0.793613 , 0.0999008 , -0.0602687]
  RingCirclePositionError : 0
  position_error : 0.238355
  orientation_error : 1.86175
  found_in_gazebo : 1

 ErrorResults 
  stamp : 2025-11-28T22:02:49Z
  target_type : armor_red_3
  model_name : armor_red_3
  pose : 
       - position : [-0.00991054 , 2.92855 , 1.03643]
       - orientation : [0.597132 , 0.793613 , 0.0999008 , -0.0602687]
  RingCirclePositionError : 0
  position_error : 0.238355
  orientation_error : 1.86175
  found_in_gazebo : 1

 ErrorResults 
  stamp : 2025-11-28T22:02:49Z
  target_type : armor_red_3
  model_name : armor_red_3
  pose : 
       - position : [-0.00991054 , 2.92855 , 1.03643]
       - orientation : [0.597132 , 0.793613 , 0.0999008 , -0.0602687]
  RingCirclePositionError : 0
  position_error : 0.238355
  orientation_error : 1.86175
  found_in_gazebo : 1

 ErrorResults 
  stamp : 2025-11-28T22:02:49Z
  target_type : armor_red_3
  model_name : armor_red_3
  pose : 
       - position : [-0.00991054 , 2.92855 , 1.03643]
       - orientation : [0.597132 , 0.793613 , 0.0999008 , -0.0602687]
  RingCirclePositionError : 0
  position_error : 0.238355
  orientation_error : 1.86175
  found_in_gazebo : 1

 ErrorResults 
  stamp : 2025-11-28T22:02:49Z
  target_type : armor_red_3
  model_name : armor_red_3
  pose : 
       - position : [-0.00991054 , 2.92855 , 1.03643]
       - orientation : [0.597132 , 0.793613 , 0.0999008 , -0.0602687]
  RingCirclePositionError : 0
  position_error : 0.238355
  orientation_error : 1.86175
  found_in_gazebo : 1

 ErrorResults 
  stamp : 2025-11-28T22:02:49Z
  target_type : armor_red_3
  model_name : armor_red_3
  pose : 
       - position : [-0.00991054 , 2.92855 , 1.03643]
       - orientation : [0.597132 , 0.793613 , 0.0999008 , -0.0602687]
  RingCirclePositionError : 0
  position_error : 0.238355
  orientation_error : 1.86175
  found_in_gazebo : 1

 ErrorResults 
  stamp : 2025-11-28T22:02:49Z
  target_type : armor_red_3
  model_name : armor_red_3
  pose : 
       - position : [-0.00991054 , 2.92855 , 1.03643]
       - orientation : [0.597132 , 0.793613 , 0.0999008 , -0.0602687]
  RingCirclePositionError : 0
  position_error : 0.238355
  orientation_error : 1.86175
  found_in_gazebo : 1

 ErrorResults 
  stamp : 2025-11-28T22:02:50Z
  target_type : armor_red_3
  model_name : armor_red_3
  pose : 
       - position : [-0.00991054 , 2.92855 , 1.03643]
       - orientation : [0.597132 , 0.793613 , 0.0999008 , -0.0602687]
  RingCirclePositionError : 0
  position_error : 0.238355
  orientation_error : 1.86175
  found_in_gazebo : 1

 ErrorResults 
  stamp : 2025-11-28T22:02:50Z
  target_type : armor_red_3
  model_name : armor_red_3
  pose : 
       - position : [-0.00991054 , 2.92855 , 1.03643]
       - orientation : [0.597132 , 0.793613 , 0.0999008 , -0.0602687]
  RingCirclePositionError : 0
  position_error : 0.238355
  orientation_error : 1.86175
  found_in_gazebo : 1

 ErrorResults 
  stamp : 2025-11-28T22:02:50Z
  target_type : armor_red_3
  model_name : armor_red_3
  pose : 
       - position : [-0.00991054 , 2.92855 , 1.03643]
       - orientation : [0.597132 , 0.793613 , 0.0999008 , -0.0602687]
  RingCirclePositionError : 0
  position_error : 0.238355
  orientation_error : 1.86175
  found_in_gazebo : 1

 ErrorResults 
  stamp : 2025-11-28T22:02:50Z
  target_type : armor_red_3
  model_name : armor_red_3
  pose : 
       - position : [-0.00991054 , 2.92855 , 1.03643]
       - orientation : [0.597132 , 0.793613 , 0.0999008 , -0.0602687]
  RingCirclePositionError : 0
  position_error : 0.238355
  orientation_error : 1.86175
  found_in_gazebo : 1

 ErrorResults 
  stamp : 2025-11-28T22:02:50Z
  target_type : armor_red_3
  model_name : armor_red_3
  pose : 
       - position : [-0.00983436 , 2.92896 , 1.03656]
       - orientation : [0.596685 , 0.794026 , 0.0994195 , -0.0600459]
  RingCirclePositionError : 0
  position_error : 0.238529
  orientation_error : 1.86287
  found_in_gazebo : 1

 ErrorResults 
  stamp : 2025-11-28T22:02:50Z
  target_type : armor_red_3
  model_name : armor_red_3
  pose : 
       - position : [-0.00983436 , 2.92896 , 1.03656]
       - orientation : [0.596685 , 0.794026 , 0.0994195 , -0.0600459]
  RingCirclePositionError : 0
  position_error : 0.238529
  orientation_error : 1.86287
  found_in_gazebo : 1

 ErrorResults 
  stamp : 2025-11-28T22:02:50Z
  target_type : armor_red_3
  model_name : armor_red_3
  pose : 
       - position : [-0.00983436 , 2.92896 , 1.03656]
       - orientation : [0.596685 , 0.794026 , 0.0994195 , -0.0600459]
  RingCirclePositionError : 0
  position_error : 0.238529
  orientation_error : 1.86287
  found_in_gazebo : 1

 ErrorResults 
  stamp : 2025-11-28T22:02:50Z
  target_type : armor_red_3
  model_name : armor_red_3
  pose : 
       - position : [-0.00983436 , 2.92896 , 1.03656]
       - orientation : [0.596685 , 0.794026 , 0.0994195 , -0.0600459]
  RingCirclePositionError : 0
  position_error : 0.238529
  orientation_error : 1.86287
  found_in_gazebo : 1

 ErrorResults 
  stamp : 2025-11-28T22:02:50Z
  target_type : armor_red_3
  model_name : armor_red_3
  pose : 
       - position : [-0.00983436 , 2.92896 , 1.03656]
       - orientation : [0.596685 , 0.794026 , 0.0994195 , -0.0600459]
  RingCirclePositionError : 0
  position_error : 0.238529
  orientation_error : 1.86287
  found_in_gazebo : 1

 ErrorResults 
  stamp : 2025-11-28T22:02:50Z
  target_type : armor_red_3
  model_name : armor_red_3
  pose : 
       - position : [-0.00976484 , 2.9289 , 1.03654]
       - orientation : [0.59675 , 0.794015 , 0.0992066 , -0.0598943]
  RingCirclePositionError : 0
  position_error : 0.238498
  orientation_error : 1.8627
  found_in_gazebo : 1

 ErrorResults 
  stamp : 2025-11-28T22:02:50Z
  target_type : armor_red_3
  model_name : armor_red_3
  pose : 
       - position : [-0.00976484 , 2.9289 , 1.03654]
       - orientation : [0.59675 , 0.794015 , 0.0992066 , -0.0598943]
  RingCirclePositionError : 0
  position_error : 0.238498
  orientation_error : 1.8627
  found_in_gazebo : 1

 ErrorResults 
  stamp : 2025-11-28T22:02:50Z
  target_type : armor_red_3
  model_name : armor_red_3
  pose : 
       - position : [-0.00976484 , 2.9289 , 1.03654]
       - orientation : [0.59675 , 0.794015 , 0.0992066 , -0.0598943]
  RingCirclePositionError : 0
  position_error : 0.238498
  orientation_error : 1.8627
  found_in_gazebo : 1

 ErrorResults 
  stamp : 2025-11-28T22:02:50Z
  target_type : armor_red_3
  model_name : armor_red_3
  pose : 
       - position : [-0.00976484 , 2.9289 , 1.03654]
       - orientation : [0.59675 , 0.794015 , 0.0992066 , -0.0598943]
  RingCirclePositionError : 0
  position_error : 0.238498
  orientation_error : 1.8627
  found_in_gazebo : 1

 ErrorResults 
  stamp : 2025-11-28T22:02:50Z
  target_type : armor_red_3
  model_name : armor_red_3
  pose : 
       - position : [-0.00976484 , 2.9289 , 1.03654]
       - orientation : [0.59675 , 0.794015 , 0.0992066 , -0.0598943]
  RingCirclePositionError : 0
  position_error : 0.238498
  orientation_error : 1.8627
  found_in_gazebo : 1

 ErrorResults 
  stamp : 2025-11-28T22:02:50Z
  target_type : armor_red_3
  model_name : armor_red_3
  pose : 
       - position : [-0.00976484 , 2.9289 , 1.03654]
       - orientation : [0.59675 , 0.794015 , 0.0992066 , -0.0598943]
  RingCirclePositionError : 0
  position_error : 0.238498
  orientation_error : 1.8627
  found_in_gazebo : 1

 ErrorResults 
  stamp : 2025-11-28T22:02:50Z
  target_type : armor_red_3
  model_name : armor_red_3
  pose : 
       - position : [-0.00976484 , 2.9289 , 1.03654]
       - orientation : [0.59675 , 0.794015 , 0.0992066 , -0.0598943]
  RingCirclePositionError : 0
  position_error : 0.238498
  orientation_error : 1.8627
  found_in_gazebo : 1

 ErrorResults 
  stamp : 2025-11-28T22:02:50Z
  target_type : armor_red_3
  model_name : armor_red_3
  pose : 
       - position : [-0.00976484 , 2.9289 , 1.03654]
       - orientation : [0.59675 , 0.794015 , 0.0992066 , -0.0598943]
  RingCirclePositionError : 0
  position_error : 0.238498
  orientation_error : 1.8627
  found_in_gazebo : 1

 ErrorResults 
  stamp : 2025-11-28T22:02:50Z
  target_type : armor_red_3
  model_name : armor_red_3
  pose : 
       - position : [-0.00976484 , 2.9289 , 1.03654]
       - orientation : [0.59675 , 0.794015 , 0.0992066 , -0.0598943]
  RingCirclePositionError : 0
  position_error : 0.238498
  orientation_error : 1.8627
  found_in_gazebo : 1

 ErrorResults 
  stamp : 2025-11-28T22:02:50Z
  target_type : armor_red_3
  model_name : armor_red_3
  pose : 
       - position : [-0.00976484 , 2.9289 , 1.03654]
       - orientation : [0.59675 , 0.794015 , 0.0992066 , -0.0598943]
  RingCirclePositionError : 0
  position_error : 0.238498
  orientation_error : 1.8627
  found_in_gazebo : 1

 ErrorResults 
  stamp : 2025-11-28T22:02:50Z
  target_type : armor_red_3
  model_name : armor_red_3
  pose : 
       - position : [-0.0116146 , 2.89164 , 1.02455]
       - orientation : [0.595423 , 0.791047 , 0.118821 , -0.0748123]
  RingCirclePositionError : 0
  position_error : 0.225005
  orientation_error : 1.86601
  found_in_gazebo : 1

 ErrorResults 
  stamp : 2025-11-28T22:02:50Z
  target_type : armor_red_3
  model_name : armor_red_3
  pose : 
       - position : [-0.0116146 , 2.89164 , 1.02455]
       - orientation : [0.595423 , 0.791047 , 0.118821 , -0.0748123]
  RingCirclePositionError : 0
  position_error : 0.225005
  orientation_error : 1.86601
  found_in_gazebo : 1

 ErrorResults 
  stamp : 2025-11-28T22:02:50Z
  target_type : armor_red_3
  model_name : armor_red_3
  pose : 
       - position : [-0.0116146 , 2.89164 , 1.02455]
       - orientation : [0.595423 , 0.791047 , 0.118821 , -0.0748123]
  RingCirclePositionError : 0
  position_error : 0.225005
  orientation_error : 1.86601
  found_in_gazebo : 1

 ErrorResults 
  stamp : 2025-11-28T22:02:50Z
  target_type : armor_red_3
  model_name : armor_red_3
  pose : 
       - position : [-0.0116146 , 2.89164 , 1.02455]
       - orientation : [0.595423 , 0.791047 , 0.118821 , -0.0748123]
  RingCirclePositionError : 0
  position_error : 0.225005
  orientation_error : 1.86601
  found_in_gazebo : 1

 ErrorResults 
  stamp : 2025-11-28T22:02:50Z
  target_type : armor_red_3
  model_name : armor_red_3
  pose : 
       - position : [-0.0121039 , 2.87793 , 1.02095]
       - orientation : [0.588309 , 0.795071 , 0.125074 , -0.0781749]
  RingCirclePositionError : 0
  position_error : 0.222382
  orientation_error : 1.88366
  found_in_gazebo : 1

 ErrorResults 
  stamp : 2025-11-28T22:02:50Z
  target_type : armor_red_3
  model_name : armor_red_3
  pose : 
       - position : [-0.0121039 , 2.87793 , 1.02095]
       - orientation : [0.588309 , 0.795071 , 0.125074 , -0.0781749]
  RingCirclePositionError : 0
  position_error : 0.222382
  orientation_error : 1.88366
  found_in_gazebo : 1

 ErrorResults 
  stamp : 2025-11-28T22:02:50Z
  target_type : armor_red_3
  model_name : armor_red_3
  pose : 
       - position : [-0.0121039 , 2.87793 , 1.02095]
       - orientation : [0.588309 , 0.795071 , 0.125074 , -0.0781749]
  RingCirclePositionError : 0
  position_error : 0.222382
  orientation_error : 1.88366
  found_in_gazebo : 1

 ErrorResults 
  stamp : 2025-11-28T22:02:50Z
  target_type : armor_red_3
  model_name : armor_red_3
  pose : 
       - position : [-0.0121039 , 2.87793 , 1.02095]
       - orientation : [0.588309 , 0.795071 , 0.125074 , -0.0781749]
  RingCirclePositionError : 0
  position_error : 0.222382
  orientation_error : 1.88366
  found_in_gazebo : 1

 ErrorResults 
  stamp : 2025-11-28T22:02:50Z
  target_type : armor_red_3
  model_name : armor_red_3
  pose : 
       - position : [-0.0121039 , 2.87793 , 1.02095]
       - orientation : [0.588309 , 0.795071 , 0.125074 , -0.0781749]
  RingCirclePositionError : 0
  position_error : 0.222382
  orientation_error : 1.88366
  found_in_gazebo : 1

 ErrorResults 
  stamp : 2025-11-28T22:02:50Z
  target_type : armor_red_3
  model_name : armor_red_3
  pose : 
       - position : [-0.0121039 , 2.87793 , 1.02095]
       - orientation : [0.588309 , 0.795071 , 0.125074 , -0.0781749]
  RingCirclePositionError : 0
  position_error : 0.222382
  orientation_error : 1.88366
  found_in_gazebo : 1

 ErrorResults 
  stamp : 2025-11-28T22:02:50Z
  target_type : armor_red_3
  model_name : armor_red_3
  pose : 
       - position : [-0.0121039 , 2.87793 , 1.02095]
       - orientation : [0.588309 , 0.795071 , 0.125074 , -0.0781749]
  RingCirclePositionError : 0
  position_error : 0.222382
  orientation_error : 1.88366
  found_in_gazebo : 1

 ErrorResults 
  stamp : 2025-11-28T22:02:50Z
  target_type : armor_red_3
  model_name : armor_red_3
  pose : 
       - position : [-0.0121039 , 2.87793 , 1.02095]
       - orientation : [0.588309 , 0.795071 , 0.125074 , -0.0781749]
  RingCirclePositionError : 0
  position_error : 0.222382
  orientation_error : 1.88366
  found_in_gazebo : 1

 ErrorResults 
  stamp : 2025-11-28T22:02:50Z
  target_type : armor_red_3
  model_name : armor_red_3
  pose : 
       - position : [-0.0121039 , 2.87793 , 1.02095]
       - orientation : [0.588309 , 0.795071 , 0.125074 , -0.0781749]
  RingCirclePositionError : 0
  position_error : 0.222382
  orientation_error : 1.88366
  found_in_gazebo : 1

 ErrorResults 
  stamp : 2025-11-28T22:02:50Z
  target_type : armor_red_3
  model_name : armor_red_3
  pose : 
       - position : [-0.0120557 , 2.87812 , 1.02101]
       - orientation : [0.587807 , 0.795488 , 0.124811 , -0.0781251]
  RingCirclePositionError : 0
  position_error : 0.222414
  orientation_error : 1.8849
  found_in_gazebo : 1

 ErrorResults 
  stamp : 2025-11-28T22:02:50Z
  target_type : armor_red_3
  model_name : armor_red_3
  pose : 
       - position : [-0.0120557 , 2.87812 , 1.02101]
       - orientation : [0.587807 , 0.795488 , 0.124811 , -0.0781251]
  RingCirclePositionError : 0
  position_error : 0.222414
  orientation_error : 1.8849
  found_in_gazebo : 1

 ErrorResults 
  stamp : 2025-11-28T22:02:50Z
  target_type : armor_red_3
  model_name : armor_red_3
  pose : 
       - position : [-0.0119937 , 2.87809 , 1.02099]
       - orientation : [0.587847 , 0.795497 , 0.124644 , -0.0780052]
  RingCirclePositionError : 0
  position_error : 0.222401
  orientation_error : 1.8848
  found_in_gazebo : 1

 ErrorResults 
  stamp : 2025-11-28T22:02:50Z
  target_type : armor_red_3
  model_name : armor_red_3
  pose : 
       - position : [-0.0119937 , 2.87809 , 1.02099]
       - orientation : [0.587847 , 0.795497 , 0.124644 , -0.0780052]
  RingCirclePositionError : 0
  position_error : 0.222401
  orientation_error : 1.8848
  found_in_gazebo : 1

 ErrorResults 
  stamp : 2025-11-28T22:02:50Z
  target_type : armor_red_3
  model_name : armor_red_3
  pose : 
       - position : [-0.0119937 , 2.87809 , 1.02099]
       - orientation : [0.587847 , 0.795497 , 0.124644 , -0.0780052]
  RingCirclePositionError : 0
  position_error : 0.222401
  orientation_error : 1.8848
  found_in_gazebo : 1

 ErrorResults 
  stamp : 2025-11-28T22:02:50Z
  target_type : armor_red_3
  model_name : armor_red_3
  pose : 
       - position : [-0.0119937 , 2.87809 , 1.02099]
       - orientation : [0.587847 , 0.795497 , 0.124644 , -0.0780052]
  RingCirclePositionError : 0
  position_error : 0.222401
  orientation_error : 1.8848
  found_in_gazebo : 1

 ErrorResults 
  stamp : 2025-11-28T22:02:50Z
  target_type : armor_red_3
  model_name : armor_red_3
  pose : 
       - position : [-0.0119937 , 2.87809 , 1.02099]
       - orientation : [0.587847 , 0.795497 , 0.124644 , -0.0780052]
  RingCirclePositionError : 0
  position_error : 0.222401
  orientation_error : 1.8848
  found_in_gazebo : 1

 ErrorResults 
  stamp : 2025-11-28T22:02:50Z
  target_type : armor_red_3
  model_name : armor_red_3
  pose : 
       - position : [-0.0119937 , 2.87809 , 1.02099]
       - orientation : [0.587847 , 0.795497 , 0.124644 , -0.0780052]
  RingCirclePositionError : 0
  position_error : 0.222401
  orientation_error : 1.8848
  found_in_gazebo : 1

 ErrorResults 
  stamp : 2025-11-28T22:02:50Z
  target_type : armor_red_3
  model_name : armor_red_3
  pose : 
       - position : [-0.0119937 , 2.87809 , 1.02099]
       - orientation : [0.587847 , 0.795497 , 0.124644 , -0.0780052]
  RingCirclePositionError : 0
  position_error : 0.222401
  orientation_error : 1.8848
  found_in_gazebo : 1

 ErrorResults 
  stamp : 2025-11-28T22:02:50Z
  target_type : armor_red_3
  model_name : armor_red_3
  pose : 
       - position : [-0.0119937 , 2.87809 , 1.02099]
       - orientation : [0.587847 , 0.795497 , 0.124644 , -0.0780052]
  RingCirclePositionError : 0
  position_error : 0.222401
  orientation_error : 1.8848
  found_in_gazebo : 1

 ErrorResults 
  stamp : 2025-11-28T22:02:50Z
  target_type : armor_red_3
  model_name : armor_red_3
  pose : 
       - position : [-0.0119937 , 2.87809 , 1.02099]
       - orientation : [0.587847 , 0.795497 , 0.124644 , -0.0780052]
  RingCirclePositionError : 0
  position_error : 0.222401
  orientation_error : 1.8848
  found_in_gazebo : 1

 ErrorResults 
  stamp : 2025-11-28T22:02:50Z
  target_type : armor_red_3
  model_name : armor_red_3
  pose : 
       - position : [-0.0119937 , 2.87809 , 1.02099]
       - orientation : [0.587847 , 0.795497 , 0.124644 , -0.0780052]
  RingCirclePositionError : 0
  position_error : 0.222401
  orientation_error : 1.8848
  found_in_gazebo : 1

 ErrorResults 
  stamp : 2025-11-28T22:02:50Z
  target_type : armor_red_3
  model_name : armor_red_3
  pose : 
       - position : [-0.0119937 , 2.87809 , 1.02099]
       - orientation : [0.587847 , 0.795497 , 0.124644 , -0.0780052]
  RingCirclePositionError : 0
  position_error : 0.222401
  orientation_error : 1.8848
  found_in_gazebo : 1

 ErrorResults 
  stamp : 2025-11-28T22:02:51Z
  target_type : armor_red_3
  model_name : armor_red_3
  pose : 
       - position : [-0.0119937 , 2.87809 , 1.02099]
       - orientation : [0.587847 , 0.795497 , 0.124644 , -0.0780052]
  RingCirclePositionError : 0
  position_error : 0.222401
  orientation_error : 1.8848
  found_in_gazebo : 1

 ErrorResults 
  stamp : 2025-11-28T22:02:51Z
  target_type : armor_red_3
  model_name : armor_red_3
  pose : 
       - position : [-0.0119937 , 2.87809 , 1.02099]
       - orientation : [0.587847 , 0.795497 , 0.124644 , -0.0780052]
  RingCirclePositionError : 0
  position_error : 0.222401
  orientation_error : 1.8848
  found_in_gazebo : 1

 ErrorResults 
  stamp : 2025-11-28T22:02:51Z
  target_type : armor_red_3
  model_name : armor_red_3
  pose : 
       - position : [-0.0119937 , 2.87809 , 1.02099]
       - orientation : [0.587847 , 0.795497 , 0.124644 , -0.0780052]
  RingCirclePositionError : 0
  position_error : 0.222401
  orientation_error : 1.8848
  found_in_gazebo : 1

 ErrorResults 
  stamp : 2025-11-28T22:02:51Z
  target_type : armor_red_3
  model_name : armor_red_3
  pose : 
       - position : [-0.0119937 , 2.87809 , 1.02099]
       - orientation : [0.587847 , 0.795497 , 0.124644 , -0.0780052]
  RingCirclePositionError : 0
  position_error : 0.222401
  orientation_error : 1.8848
  found_in_gazebo : 1

 ErrorResults 
  stamp : 2025-11-28T22:02:51Z
  target_type : armor_red_3
  model_name : armor_red_3
  pose : 
       - position : [-0.0119937 , 2.87809 , 1.02099]
       - orientation : [0.587847 , 0.795497 , 0.124644 , -0.0780052]
  RingCirclePositionError : 0
  position_error : 0.222401
  orientation_error : 1.8848
  found_in_gazebo : 1

 ErrorResults 
  stamp : 2025-11-28T22:02:51Z
  target_type : armor_red_3
  model_name : armor_red_3
  pose : 
       - position : [-0.0119937 , 2.87809 , 1.02099]
       - orientation : [0.587847 , 0.795497 , 0.124644 , -0.0780052]
  RingCirclePositionError : 0
  position_error : 0.222401
  orientation_error : 1.8848
  found_in_gazebo : 1

 ErrorResults 
  stamp : 2025-11-28T22:02:51Z
  target_type : armor_red_3
  model_name : armor_red_3
  pose : 
       - position : [-0.0119937 , 2.87809 , 1.02099]
       - orientation : [0.587847 , 0.795497 , 0.124644 , -0.0780052]
  RingCirclePositionError : 0
  position_error : 0.222401
  orientation_error : 1.8848
  found_in_gazebo : 1

 ErrorResults 
  stamp : 2025-11-28T22:02:51Z
  target_type : armor_red_3
  model_name : armor_red_3
  pose : 
       - position : [-0.0119937 , 2.87809 , 1.02099]
       - orientation : [0.587847 , 0.795497 , 0.124644 , -0.0780052]
  RingCirclePositionError : 0
  position_error : 0.222401
  orientation_error : 1.8848
  found_in_gazebo : 1

 ErrorResults 
  stamp : 2025-11-28T22:02:51Z
  target_type : armor_red_3
  model_name : armor_red_3
  pose : 
       - position : [-0.0119937 , 2.87809 , 1.02099]
       - orientation : [0.587847 , 0.795497 , 0.124644 , -0.0780052]
  RingCirclePositionError : 0
  position_error : 0.222401
  orientation_error : 1.8848
  found_in_gazebo : 1

 ErrorResults 
  stamp : 2025-11-28T22:02:51Z
  target_type : armor_red_3
  model_name : armor_red_3
  pose : 
       - position : [-0.0119937 , 2.87809 , 1.02099]
       - orientation : [0.587847 , 0.795497 , 0.124644 , -0.0780052]
  RingCirclePositionError : 0
  position_error : 0.222401
  orientation_error : 1.8848
  found_in_gazebo : 1

 ErrorResults 
  stamp : 2025-11-28T22:02:51Z
  target_type : armor_red_3
  model_name : armor_red_3
  pose : 
       - position : [-0.0119937 , 2.87809 , 1.02099]
       - orientation : [0.587847 , 0.795497 , 0.124644 , -0.0780052]
  RingCirclePositionError : 0
  position_error : 0.222401
  orientation_error : 1.8848
  found_in_gazebo : 1

 ErrorResults 
  stamp : 2025-11-28T22:02:51Z
  target_type : armor_red_3
  model_name : armor_red_3
  pose : 
       - position : [-0.0119937 , 2.87809 , 1.02099]
       - orientation : [0.587847 , 0.795497 , 0.124644 , -0.0780052]
  RingCirclePositionError : 0
  position_error : 0.222401
  orientation_error : 1.8848
  found_in_gazebo : 1

 ErrorResults 
  stamp : 2025-11-28T22:02:51Z
  target_type : armor_red_3
  model_name : armor_red_3
  pose : 
       - position : [-0.0119937 , 2.87809 , 1.02099]
       - orientation : [0.587847 , 0.795497 , 0.124644 , -0.0780052]
  RingCirclePositionError : 0
  position_error : 0.222401
  orientation_error : 1.8848
  found_in_gazebo : 1

 ErrorResults 
  stamp : 2025-11-28T22:02:51Z
  target_type : armor_red_3
  model_name : armor_red_3
  pose : 
       - position : [-0.0119316 , 2.87806 , 1.02098]
       - orientation : [0.587888 , 0.795505 , 0.124476 , -0.0778852]
  RingCirclePositionError : 0
  position_error : 0.222388
  orientation_error : 1.8847
  found_in_gazebo : 1

 ErrorResults 
  stamp : 2025-11-28T22:02:51Z
  target_type : armor_red_3
  model_name : armor_red_3
  pose : 
       - position : [-0.0119316 , 2.87806 , 1.02098]
       - orientation : [0.587888 , 0.795505 , 0.124476 , -0.0778852]
  RingCirclePositionError : 0
  position_error : 0.222388
  orientation_error : 1.8847
  found_in_gazebo : 1

 ErrorResults 
  stamp : 2025-11-28T22:02:51Z
  target_type : armor_red_3
  model_name : armor_red_3
  pose : 
       - position : [-0.0118913 , 2.87823 , 1.02103]
       - orientation : [0.58742 , 0.79589 , 0.124245 , -0.0778476]
  RingCirclePositionError : 0
  position_error : 0.222418
  orientation_error : 1.88586
  found_in_gazebo : 1

 ErrorResults 
  stamp : 2025-11-28T22:02:51Z
  target_type : armor_red_3
  model_name : armor_red_3
  pose : 
       - position : [-0.0118913 , 2.87823 , 1.02103]
       - orientation : [0.58742 , 0.79589 , 0.124245 , -0.0778476]
  RingCirclePositionError : 0
  position_error : 0.222418
  orientation_error : 1.88586
  found_in_gazebo : 1

 ErrorResults 
  stamp : 2025-11-28T22:02:51Z
  target_type : armor_red_3
  model_name : armor_red_3
  pose : 
       - position : [-0.0118913 , 2.87823 , 1.02103]
       - orientation : [0.58742 , 0.79589 , 0.124245 , -0.0778476]
  RingCirclePositionError : 0
  position_error : 0.222418
  orientation_error : 1.88586
  found_in_gazebo : 1

 ErrorResults 
  stamp : 2025-11-28T22:02:51Z
  target_type : armor_red_3
  model_name : armor_red_3
  pose : 
       - position : [-0.0118913 , 2.87823 , 1.02103]
       - orientation : [0.58742 , 0.79589 , 0.124245 , -0.0778476]
  RingCirclePositionError : 0
  position_error : 0.222418
  orientation_error : 1.88586
  found_in_gazebo : 1

 ErrorResults 
  stamp : 2025-11-28T22:02:51Z
  target_type : armor_red_3
  model_name : armor_red_3
  pose : 
       - position : [-0.0118913 , 2.87823 , 1.02103]
       - orientation : [0.58742 , 0.79589 , 0.124245 , -0.0778476]
  RingCirclePositionError : 0
  position_error : 0.222418
  orientation_error : 1.88586
  found_in_gazebo : 1

 ErrorResults 
  stamp : 2025-11-28T22:02:51Z
  target_type : armor_red_3
  model_name : armor_red_3
  pose : 
       - position : [-0.0118913 , 2.87823 , 1.02103]
       - orientation : [0.58742 , 0.79589 , 0.124245 , -0.0778476]
  RingCirclePositionError : 0
  position_error : 0.222418
  orientation_error : 1.88586
  found_in_gazebo : 1

 ErrorResults 
  stamp : 2025-11-28T22:02:51Z
  target_type : armor_red_3
  model_name : armor_red_3
  pose : 
       - position : [-0.0118913 , 2.87823 , 1.02103]
       - orientation : [0.58742 , 0.79589 , 0.124245 , -0.0778476]
  RingCirclePositionError : 0
  position_error : 0.222418
  orientation_error : 1.88586
  found_in_gazebo : 1

 ErrorResults 
  stamp : 2025-11-28T22:02:51Z
  target_type : armor_red_3
  model_name : armor_red_3
  pose : 
       - position : [-0.0118913 , 2.87823 , 1.02103]
       - orientation : [0.58742 , 0.79589 , 0.124245 , -0.0778476]
  RingCirclePositionError : 0
  position_error : 0.222418
  orientation_error : 1.88586
  found_in_gazebo : 1

 ErrorResults 
  stamp : 2025-11-28T22:02:51Z
  target_type : armor_red_3
  model_name : armor_red_3
  pose : 
       - position : [-0.0118913 , 2.87823 , 1.02103]
       - orientation : [0.58742 , 0.79589 , 0.124245 , -0.0778476]
  RingCirclePositionError : 0
  position_error : 0.222418
  orientation_error : 1.88586
  found_in_gazebo : 1

 ErrorResults 
  stamp : 2025-11-28T22:02:51Z
  target_type : armor_red_3
  model_name : armor_red_3
  pose : 
       - position : [-0.0118913 , 2.87823 , 1.02103]
       - orientation : [0.58742 , 0.79589 , 0.124245 , -0.0778476]
  RingCirclePositionError : 0
  position_error : 0.222418
  orientation_error : 1.88586
  found_in_gazebo : 1

 ErrorResults 
  stamp : 2025-11-28T22:02:51Z
  target_type : armor_red_3
  model_name : armor_red_3
  pose : 
       - position : [-0.0118913 , 2.87823 , 1.02103]
       - orientation : [0.58742 , 0.79589 , 0.124245 , -0.0778476]
  RingCirclePositionError : 0
  position_error : 0.222418
  orientation_error : 1.88586
  found_in_gazebo : 1

 ErrorResults 
  stamp : 2025-11-28T22:02:51Z
  target_type : armor_red_3
  model_name : armor_red_3
  pose : 
       - position : [-0.00249948 , 2.99087 , 1.05977]
       - orientation : [0.587172 , 0.809088 , 0.0222567 , -0.0104869]
  RingCirclePositionError : 0
  position_error : 0.275213
  orientation_error : 1.88647
  found_in_gazebo : 1

 ErrorResults 
  stamp : 2025-11-28T22:02:51Z
  target_type : armor_red_3
  model_name : armor_red_3
  pose : 
       - position : [-0.00249948 , 2.99087 , 1.05977]
       - orientation : [0.587172 , 0.809088 , 0.0222567 , -0.0104869]
  RingCirclePositionError : 0
  position_error : 0.275213
  orientation_error : 1.88647
  found_in_gazebo : 1

 ErrorResults 
  stamp : 2025-11-28T22:02:51Z
  target_type : armor_red_3
  model_name : armor_red_3
  pose : 
       - position : [-0.00249948 , 2.99087 , 1.05977]
       - orientation : [0.587172 , 0.809088 , 0.0222567 , -0.0104869]
  RingCirclePositionError : 0
  position_error : 0.275213
  orientation_error : 1.88647
  found_in_gazebo : 1

 ErrorResults 
  stamp : 2025-11-28T22:02:51Z
  target_type : armor_red_3
  model_name : armor_red_3
  pose : 
       - position : [-0.00249948 , 2.99087 , 1.05977]
       - orientation : [0.587172 , 0.809088 , 0.0222567 , -0.0104869]
  RingCirclePositionError : 0
  position_error : 0.275213
  orientation_error : 1.88647
  found_in_gazebo : 1

 ErrorResults 
  stamp : 2025-11-28T22:02:51Z
  target_type : armor_red_3
  model_name : armor_red_3
  pose : 
       - position : [-0.00249948 , 2.99087 , 1.05977]
       - orientation : [0.587172 , 0.809088 , 0.0222567 , -0.0104869]
  RingCirclePositionError : 0
  position_error : 0.275213
  orientation_error : 1.88647
  found_in_gazebo : 1

 ErrorResults 
  stamp : 2025-11-28T22:02:51Z
  target_type : armor_red_3
  model_name : armor_red_3
  pose : 
       - position : [-0.00249948 , 2.99087 , 1.05977]
       - orientation : [0.587172 , 0.809088 , 0.0222567 , -0.0104869]
  RingCirclePositionError : 0
  position_error : 0.275213
  orientation_error : 1.88647
  found_in_gazebo : 1

 ErrorResults 
  stamp : 2025-11-28T22:02:51Z
  target_type : armor_red_3
  model_name : armor_red_3
  pose : 
       - position : [-0.00249948 , 2.99087 , 1.05977]
       - orientation : [0.587172 , 0.809088 , 0.0222567 , -0.0104869]
  RingCirclePositionError : 0
  position_error : 0.275213
  orientation_error : 1.88647
  found_in_gazebo : 1

 ErrorResults 
  stamp : 2025-11-28T22:02:51Z
  target_type : armor_red_3
  model_name : armor_red_3
  pose : 
       - position : [-0.00249948 , 2.99087 , 1.05977]
       - orientation : [0.587172 , 0.809088 , 0.0222567 , -0.0104869]
  RingCirclePositionError : 0
  position_error : 0.275213
  orientation_error : 1.88647
  found_in_gazebo : 1

 ErrorResults 
  stamp : 2025-11-28T22:02:51Z
  target_type : armor_red_3
  model_name : armor_red_3
  pose : 
       - position : [-0.00249948 , 2.99087 , 1.05977]
       - orientation : [0.587172 , 0.809088 , 0.0222567 , -0.0104869]
  RingCirclePositionError : 0
  position_error : 0.275213
  orientation_error : 1.88647
  found_in_gazebo : 1

 ErrorResults 
  stamp : 2025-11-28T22:02:51Z
  target_type : armor_red_3
  model_name : armor_red_3
  pose : 
       - position : [-0.00249948 , 2.99087 , 1.05977]
       - orientation : [0.587172 , 0.809088 , 0.0222567 , -0.0104869]
  RingCirclePositionError : 0
  position_error : 0.275213
  orientation_error : 1.88647
  found_in_gazebo : 1

 ErrorResults 
  stamp : 2025-11-28T22:02:51Z
  target_type : armor_red_3
  model_name : armor_red_3
  pose : 
       - position : [-0.00249948 , 2.99087 , 1.05977]
       - orientation : [0.587172 , 0.809088 , 0.0222567 , -0.0104869]
  RingCirclePositionError : 0
  position_error : 0.275213
  orientation_error : 1.88647
  found_in_gazebo : 1

 ErrorResults 
  stamp : 2025-11-28T22:02:51Z
  target_type : armor_red_3
  model_name : armor_red_3
  pose : 
       - position : [-0.00249948 , 2.99087 , 1.05977]
       - orientation : [0.587172 , 0.809088 , 0.0222567 , -0.0104869]
  RingCirclePositionError : 0
  position_error : 0.275213
  orientation_error : 1.88647
  found_in_gazebo : 1

 ErrorResults 
  stamp : 2025-11-28T22:02:51Z
  target_type : armor_red_3
  model_name : armor_red_3
  pose : 
       - position : [-0.00249948 , 2.99087 , 1.05977]
       - orientation : [0.587172 , 0.809088 , 0.0222567 , -0.0104869]
  RingCirclePositionError : 0
  position_error : 0.275213
  orientation_error : 1.88647
  found_in_gazebo : 1

 ErrorResults 
  stamp : 2025-11-28T22:02:51Z
  target_type : armor_red_3
  model_name : armor_red_3
  pose : 
       - position : [-0.00249948 , 2.99087 , 1.05977]
       - orientation : [0.587172 , 0.809088 , 0.0222567 , -0.0104869]
  RingCirclePositionError : 0
  position_error : 0.275213
  orientation_error : 1.88647
  found_in_gazebo : 1

 ErrorResults 
  stamp : 2025-11-28T22:02:51Z
  target_type : armor_red_3
  model_name : armor_red_3
  pose : 
       - position : [-0.00244904 , 2.9905 , 1.05963]
       - orientation : [0.587255 , 0.809029 , 0.0222322 , -0.0104662]
  RingCirclePositionError : 0
  position_error : 0.274966
  orientation_error : 1.88626
  found_in_gazebo : 1

 ErrorResults 
  stamp : 2025-11-28T22:02:51Z
  target_type : armor_red_3
  model_name : armor_red_3
  pose : 
       - position : [-0.00244904 , 2.9905 , 1.05963]
       - orientation : [0.587255 , 0.809029 , 0.0222322 , -0.0104662]
  RingCirclePositionError : 0
  position_error : 0.274966
  orientation_error : 1.88626
  found_in_gazebo : 1

 ErrorResults 
  stamp : 2025-11-28T22:02:51Z
  target_type : armor_red_3
  model_name : armor_red_3
  pose : 
       - position : [-0.00244904 , 2.9905 , 1.05963]
       - orientation : [0.587255 , 0.809029 , 0.0222322 , -0.0104662]
  RingCirclePositionError : 0
  position_error : 0.274966
  orientation_error : 1.88626
  found_in_gazebo : 1

 ErrorResults 
  stamp : 2025-11-28T22:02:51Z
  target_type : armor_red_3
  model_name : armor_red_3
  pose : 
       - position : [-0.00244904 , 2.9905 , 1.05963]
       - orientation : [0.587255 , 0.809029 , 0.0222322 , -0.0104662]
  RingCirclePositionError : 0
  position_error : 0.274966
  orientation_error : 1.88626
  found_in_gazebo : 1

 ErrorResults 
  stamp : 2025-11-28T22:02:51Z
  target_type : armor_red_3
  model_name : armor_red_3
  pose : 
       - position : [-0.00233653 , 2.99049 , 1.05963]
       - orientation : [0.586528 , 0.80959 , 0.021255 , -0.00980664]
  RingCirclePositionError : 0
  position_error : 0.274955
  orientation_error : 1.88806
  found_in_gazebo : 1

 ErrorResults 
  stamp : 2025-11-28T22:02:52Z
  target_type : armor_red_3
  model_name : armor_red_3
  pose : 
       - position : [-0.00233653 , 2.99049 , 1.05963]
       - orientation : [0.586528 , 0.80959 , 0.021255 , -0.00980664]
  RingCirclePositionError : 0
  position_error : 0.274955
  orientation_error : 1.88806
  found_in_gazebo : 1

 ErrorResults 
  stamp : 2025-11-28T22:02:52Z
  target_type : armor_red_3
  model_name : armor_red_3
  pose : 
       - position : [-0.00233653 , 2.99049 , 1.05963]
       - orientation : [0.586528 , 0.80959 , 0.021255 , -0.00980664]
  RingCirclePositionError : 0
  position_error : 0.274955
  orientation_error : 1.88806
  found_in_gazebo : 1

 ErrorResults 
  stamp : 2025-11-28T22:02:52Z
  target_type : armor_red_3
  model_name : armor_red_3
  pose : 
       - position : [-0.00233653 , 2.99049 , 1.05963]
       - orientation : [0.586528 , 0.80959 , 0.021255 , -0.00980664]
  RingCirclePositionError : 0
  position_error : 0.274955
  orientation_error : 1.88806
  found_in_gazebo : 1

 ErrorResults 
  stamp : 2025-11-28T22:02:52Z
  target_type : armor_red_3
  model_name : armor_red_3
  pose : 
       - position : [-0.00233653 , 2.99049 , 1.05963]
       - orientation : [0.586528 , 0.80959 , 0.021255 , -0.00980664]
  RingCirclePositionError : 0
  position_error : 0.274955
  orientation_error : 1.88806
  found_in_gazebo : 1

 ErrorResults 
  stamp : 2025-11-28T22:02:52Z
  target_type : armor_red_3
  model_name : armor_red_3
  pose : 
       - position : [-0.00233653 , 2.99049 , 1.05963]
       - orientation : [0.586528 , 0.80959 , 0.021255 , -0.00980664]
  RingCirclePositionError : 0
  position_error : 0.274955
  orientation_error : 1.88806
  found_in_gazebo : 1

 ErrorResults 
  stamp : 2025-11-28T22:02:52Z
  target_type : armor_red_3
  model_name : armor_red_3
  pose : 
       - position : [-0.00233653 , 2.99049 , 1.05963]
       - orientation : [0.586528 , 0.80959 , 0.021255 , -0.00980664]
  RingCirclePositionError : 0
  position_error : 0.274955
  orientation_error : 1.88806
  found_in_gazebo : 1

 ErrorResults 
  stamp : 2025-11-28T22:02:52Z
  target_type : armor_red_3
  model_name : armor_red_3
  pose : 
       - position : [-0.00233653 , 2.99049 , 1.05963]
       - orientation : [0.586528 , 0.80959 , 0.021255 , -0.00980664]
  RingCirclePositionError : 0
  position_error : 0.274955
  orientation_error : 1.88806
  found_in_gazebo : 1

 ErrorResults 
  stamp : 2025-11-28T22:02:52Z
  target_type : armor_red_3
  model_name : armor_red_3
  pose : 
       - position : [-0.00233653 , 2.99049 , 1.05963]
       - orientation : [0.586528 , 0.80959 , 0.021255 , -0.00980664]
  RingCirclePositionError : 0
  position_error : 0.274955
  orientation_error : 1.88806
  found_in_gazebo : 1

 ErrorResults 
  stamp : 2025-11-28T22:02:52Z
  target_type : armor_red_3
  model_name : armor_red_3
  pose : 
       - position : [-0.00233653 , 2.99049 , 1.05963]
       - orientation : [0.586528 , 0.80959 , 0.021255 , -0.00980664]
  RingCirclePositionError : 0
  position_error : 0.274955
  orientation_error : 1.88806
  found_in_gazebo : 1

 ErrorResults 
  stamp : 2025-11-28T22:02:52Z
  target_type : armor_red_3
  model_name : armor_red_3
  pose : 
       - position : [-0.00233653 , 2.99049 , 1.05963]
       - orientation : [0.586528 , 0.80959 , 0.021255 , -0.00980664]
  RingCirclePositionError : 0
  position_error : 0.274955
  orientation_error : 1.88806
  found_in_gazebo : 1

 ErrorResults 
  stamp : 2025-11-28T22:02:52Z
  target_type : armor_red_3
  model_name : armor_red_3
  pose : 
       - position : [-0.00233653 , 2.99049 , 1.05963]
       - orientation : [0.586528 , 0.80959 , 0.021255 , -0.00980664]
  RingCirclePositionError : 0
  position_error : 0.274955
  orientation_error : 1.88806
  found_in_gazebo : 1

 ErrorResults 
  stamp : 2025-11-28T22:02:52Z
  target_type : armor_red_3
  model_name : armor_red_3
  pose : 
       - position : [-0.00233653 , 2.99049 , 1.05963]
       - orientation : [0.586528 , 0.80959 , 0.021255 , -0.00980664]
  RingCirclePositionError : 0
  position_error : 0.274955
  orientation_error : 1.88806
  found_in_gazebo : 1

 ErrorResults 
  stamp : 2025-11-28T22:02:52Z
  target_type : armor_red_3
  model_name : armor_red_3
  pose : 
       - position : [-0.00233653 , 2.99049 , 1.05963]
       - orientation : [0.586528 , 0.80959 , 0.021255 , -0.00980664]
  RingCirclePositionError : 0
  position_error : 0.274955
  orientation_error : 1.88806
  found_in_gazebo : 1

 ErrorResults 
  stamp : 2025-11-28T22:02:52Z
  target_type : armor_red_3
  model_name : armor_red_3
  pose : 
       - position : [-0.00233653 , 2.99049 , 1.05963]
       - orientation : [0.586528 , 0.80959 , 0.021255 , -0.00980664]
  RingCirclePositionError : 0
  position_error : 0.274955
  orientation_error : 1.88806
  found_in_gazebo : 1

 ErrorResults 
  stamp : 2025-11-28T22:02:52Z
  target_type : armor_red_3
  model_name : armor_red_3
  pose : 
       - position : [-0.00233653 , 2.99049 , 1.05963]
       - orientation : [0.586528 , 0.80959 , 0.021255 , -0.00980664]
  RingCirclePositionError : 0
  position_error : 0.274955
  orientation_error : 1.88806
  found_in_gazebo : 1

 ErrorResults 
  stamp : 2025-11-28T22:02:52Z
  target_type : armor_red_3
  model_name : armor_red_3
  pose : 
       - position : [-0.00233653 , 2.99049 , 1.05963]
       - orientation : [0.586528 , 0.80959 , 0.021255 , -0.00980664]
  RingCirclePositionError : 0
  position_error : 0.274955
  orientation_error : 1.88806
  found_in_gazebo : 1

 ErrorResults 
  stamp : 2025-11-28T22:02:52Z
  target_type : armor_red_3
  model_name : armor_red_3
  pose : 
       - position : [-0.00233653 , 2.99049 , 1.05963]
       - orientation : [0.586528 , 0.80959 , 0.021255 , -0.00980664]
  RingCirclePositionError : 0
  position_error : 0.274955
  orientation_error : 1.88806
  found_in_gazebo : 1

 ErrorResults 
  stamp : 2025-11-28T22:02:52Z
  target_type : armor_red_3
  model_name : armor_red_3
  pose : 
       - position : [-0.00233653 , 2.99049 , 1.05963]
       - orientation : [0.586528 , 0.80959 , 0.021255 , -0.00980664]
  RingCirclePositionError : 0
  position_error : 0.274955
  orientation_error : 1.88806
  found_in_gazebo : 1

 ErrorResults 
  stamp : 2025-11-28T22:02:52Z
  target_type : armor_red_3
  model_name : armor_red_3
  pose : 
       - position : [-0.00233653 , 2.99049 , 1.05963]
       - orientation : [0.586528 , 0.80959 , 0.021255 , -0.00980664]
  RingCirclePositionError : 0
  position_error : 0.274955
  orientation_error : 1.88806
  found_in_gazebo : 1

 ErrorResults 
  stamp : 2025-11-28T22:02:52Z
  target_type : armor_red_3
  model_name : armor_red_3
  pose : 
       - position : [-0.00233653 , 2.99049 , 1.05963]
       - orientation : [0.586528 , 0.80959 , 0.021255 , -0.00980664]
  RingCirclePositionError : 0
  position_error : 0.274955
  orientation_error : 1.88806
  found_in_gazebo : 1

 ErrorResults 
  stamp : 2025-11-28T22:02:52Z
  target_type : armor_red_3
  model_name : armor_red_3
  pose : 
       - position : [-0.00233653 , 2.99049 , 1.05963]
       - orientation : [0.586528 , 0.80959 , 0.021255 , -0.00980664]
  RingCirclePositionError : 0
  position_error : 0.274955
  orientation_error : 1.88806
  found_in_gazebo : 1

 ErrorResults 
  stamp : 2025-11-28T22:02:52Z
  target_type : armor_red_3
  model_name : armor_red_3
  pose : 
       - position : [-0.00233653 , 2.99049 , 1.05963]
       - orientation : [0.586528 , 0.80959 , 0.021255 , -0.00980664]
  RingCirclePositionError : 0
  position_error : 0.274955
  orientation_error : 1.88806
  found_in_gazebo : 1

 ErrorResults 
  stamp : 2025-11-28T22:02:52Z
  target_type : armor_red_3
  model_name : armor_red_3
  pose : 
       - position : [-0.00228776 , 2.99013 , 1.0595]
       - orientation : [0.586631 , 0.809517 , 0.0212317 , -0.0097873]
  RingCirclePositionError : 0
  position_error : 0.274716
  orientation_error : 1.88781
  found_in_gazebo : 1

 ErrorResults 
  stamp : 2025-11-28T22:02:52Z
  target_type : armor_red_3
  model_name : armor_red_3
  pose : 
       - position : [-0.00228776 , 2.99013 , 1.0595]
       - orientation : [0.586631 , 0.809517 , 0.0212317 , -0.0097873]
  RingCirclePositionError : 0
  position_error : 0.274716
  orientation_error : 1.88781
  found_in_gazebo : 1

 ErrorResults 
  stamp : 2025-11-28T22:02:52Z
  target_type : armor_red_3
  model_name : armor_red_3
  pose : 
       - position : [-0.00228776 , 2.99013 , 1.0595]
       - orientation : [0.586631 , 0.809517 , 0.0212317 , -0.0097873]
  RingCirclePositionError : 0
  position_error : 0.274716
  orientation_error : 1.88781
  found_in_gazebo : 1

 ErrorResults 
  stamp : 2025-11-28T22:02:52Z
  target_type : armor_red_3
  model_name : armor_red_3
  pose : 
       - position : [-0.00228776 , 2.99013 , 1.0595]
       - orientation : [0.586631 , 0.809517 , 0.0212317 , -0.0097873]
  RingCirclePositionError : 0
  position_error : 0.274716
  orientation_error : 1.88781
  found_in_gazebo : 1

 ErrorResults 
  stamp : 2025-11-28T22:02:52Z
  target_type : armor_red_3
  model_name : armor_red_3
  pose : 
       - position : [-0.00228776 , 2.99013 , 1.0595]
       - orientation : [0.586631 , 0.809517 , 0.0212317 , -0.0097873]
  RingCirclePositionError : 0
  position_error : 0.274716
  orientation_error : 1.88781
  found_in_gazebo : 1

 ErrorResults 
  stamp : 2025-11-28T22:02:52Z
  target_type : armor_red_3
  model_name : armor_red_3
  pose : 
       - position : [-0.00228776 , 2.99013 , 1.0595]
       - orientation : [0.586631 , 0.809517 , 0.0212317 , -0.0097873]
  RingCirclePositionError : 0
  position_error : 0.274716
  orientation_error : 1.88781
  found_in_gazebo : 1

 ErrorResults 
  stamp : 2025-11-28T22:02:52Z
  target_type : armor_red_3
  model_name : armor_red_3
  pose : 
       - position : [-0.00228776 , 2.99013 , 1.0595]
       - orientation : [0.586631 , 0.809517 , 0.0212317 , -0.0097873]
  RingCirclePositionError : 0
  position_error : 0.274716
  orientation_error : 1.88781
  found_in_gazebo : 1

 ErrorResults 
  stamp : 2025-11-28T22:02:52Z
  target_type : armor_red_3
  model_name : armor_red_3
  pose : 
       - position : [-0.00228776 , 2.99013 , 1.0595]
       - orientation : [0.586631 , 0.809517 , 0.0212317 , -0.0097873]
  RingCirclePositionError : 0
  position_error : 0.274716
  orientation_error : 1.88781
  found_in_gazebo : 1

 ErrorResults 
  stamp : 2025-11-28T22:02:52Z
  target_type : armor_red_3
  model_name : armor_red_3
  pose : 
       - position : [-0.00218163 , 2.99014 , 1.05949]
       - orientation : [0.586007 , 0.81 , 0.0202875 , -0.00917325]
  RingCirclePositionError : 0
  position_error : 0.274708
  orientation_error : 1.88935
  found_in_gazebo : 1

 ErrorResults 
  stamp : 2025-11-28T22:02:52Z
  target_type : armor_red_3
  model_name : armor_red_3
  pose : 
       - position : [-0.00218163 , 2.99014 , 1.05949]
       - orientation : [0.586007 , 0.81 , 0.0202875 , -0.00917325]
  RingCirclePositionError : 0
  position_error : 0.274708
  orientation_error : 1.88935
  found_in_gazebo : 1

 ErrorResults 
  stamp : 2025-11-28T22:02:52Z
  target_type : armor_red_3
  model_name : armor_red_3
  pose : 
       - position : [-0.00218163 , 2.99014 , 1.05949]
       - orientation : [0.586007 , 0.81 , 0.0202875 , -0.00917325]
  RingCirclePositionError : 0
  position_error : 0.274708
  orientation_error : 1.88935
  found_in_gazebo : 1

 ErrorResults 
  stamp : 2025-11-28T22:02:52Z
  target_type : armor_red_3
  model_name : armor_red_3
  pose : 
       - position : [-0.00218163 , 2.99014 , 1.05949]
       - orientation : [0.586007 , 0.81 , 0.0202875 , -0.00917325]
  RingCirclePositionError : 0
  position_error : 0.274708
  orientation_error : 1.88935
  found_in_gazebo : 1

 ErrorResults 
  stamp : 2025-11-28T22:02:52Z
  target_type : armor_red_3
  model_name : armor_red_3
  pose : 
       - position : [-0.00218163 , 2.99014 , 1.05949]
       - orientation : [0.586007 , 0.81 , 0.0202875 , -0.00917325]
  RingCirclePositionError : 0
  position_error : 0.274708
  orientation_error : 1.88935
  found_in_gazebo : 1

 ErrorResults 
  stamp : 2025-11-28T22:02:52Z
  target_type : armor_red_3
  model_name : armor_red_3
  pose : 
       - position : [-0.00218163 , 2.99014 , 1.05949]
       - orientation : [0.586007 , 0.81 , 0.0202875 , -0.00917325]
  RingCirclePositionError : 0
  position_error : 0.274708
  orientation_error : 1.88935
  found_in_gazebo : 1

 ErrorResults 
  stamp : 2025-11-28T22:02:52Z
  target_type : armor_red_3
  model_name : armor_red_3
  pose : 
       - position : [-0.00218163 , 2.99014 , 1.05949]
       - orientation : [0.586007 , 0.81 , 0.0202875 , -0.00917325]
  RingCirclePositionError : 0
  position_error : 0.274708
  orientation_error : 1.88935
  found_in_gazebo : 1

 ErrorResults 
  stamp : 2025-11-28T22:02:52Z
  target_type : armor_red_3
  model_name : armor_red_3
  pose : 
       - position : [-0.00218163 , 2.99014 , 1.05949]
       - orientation : [0.586007 , 0.81 , 0.0202875 , -0.00917325]
  RingCirclePositionError : 0
  position_error : 0.274708
  orientation_error : 1.88935
  found_in_gazebo : 1

 ErrorResults 
  stamp : 2025-11-28T22:02:52Z
  target_type : armor_red_3
  model_name : armor_red_3
  pose : 
       - position : [-0.00218163 , 2.99014 , 1.05949]
       - orientation : [0.586007 , 0.81 , 0.0202875 , -0.00917325]
  RingCirclePositionError : 0
  position_error : 0.274708
  orientation_error : 1.88935
  found_in_gazebo : 1

 ErrorResults 
  stamp : 2025-11-28T22:02:52Z
  target_type : armor_red_3
  model_name : armor_red_3
  pose : 
       - position : [-0.00218163 , 2.99014 , 1.05949]
       - orientation : [0.586007 , 0.81 , 0.0202875 , -0.00917325]
  RingCirclePositionError : 0
  position_error : 0.274708
  orientation_error : 1.88935
  found_in_gazebo : 1

 ErrorResults 
  stamp : 2025-11-28T22:02:52Z
  target_type : armor_red_3
  model_name : armor_red_3
  pose : 
       - position : [-0.00218163 , 2.99014 , 1.05949]
       - orientation : [0.586007 , 0.81 , 0.0202875 , -0.00917325]
  RingCirclePositionError : 0
  position_error : 0.274708
  orientation_error : 1.88935
  found_in_gazebo : 1

 ErrorResults 
  stamp : 2025-11-28T22:02:53Z
  target_type : armor_red_3
  model_name : armor_red_3
  pose : 
       - position : [-0.00218163 , 2.99014 , 1.05949]
       - orientation : [0.586007 , 0.81 , 0.0202875 , -0.00917325]
  RingCirclePositionError : 0
  position_error : 0.274708
  orientation_error : 1.88935
  found_in_gazebo : 1

 ErrorResults 
  stamp : 2025-11-28T22:02:53Z
  target_type : armor_red_3
  model_name : armor_red_3
  pose : 
       - position : [-0.00218163 , 2.99014 , 1.05949]
       - orientation : [0.586007 , 0.81 , 0.0202875 , -0.00917325]
  RingCirclePositionError : 0
  position_error : 0.274708
  orientation_error : 1.88935
  found_in_gazebo : 1

 ErrorResults 
  stamp : 2025-11-28T22:02:53Z
  target_type : armor_red_3
  model_name : armor_red_3
  pose : 
       - position : [-0.00218163 , 2.99014 , 1.05949]
       - orientation : [0.586007 , 0.81 , 0.0202875 , -0.00917325]
  RingCirclePositionError : 0
  position_error : 0.274708
  orientation_error : 1.88935
  found_in_gazebo : 1

 ErrorResults 
  stamp : 2025-11-28T22:02:53Z
  target_type : armor_red_3
  model_name : armor_red_3
  pose : 
       - position : [-0.00218163 , 2.99014 , 1.05949]
       - orientation : [0.586007 , 0.81 , 0.0202875 , -0.00917325]
  RingCirclePositionError : 0
  position_error : 0.274708
  orientation_error : 1.88935
  found_in_gazebo : 1

 ErrorResults 
  stamp : 2025-11-28T22:02:53Z
  target_type : armor_red_3
  model_name : armor_red_3
  pose : 
       - position : [-0.00218163 , 2.99014 , 1.05949]
       - orientation : [0.586007 , 0.81 , 0.0202875 , -0.00917325]
  RingCirclePositionError : 0
  position_error : 0.274708
  orientation_error : 1.88935
  found_in_gazebo : 1

 ErrorResults 
  stamp : 2025-11-28T22:02:53Z
  target_type : armor_red_3
  model_name : armor_red_3
  pose : 
       - position : [-0.00218163 , 2.99014 , 1.05949]
       - orientation : [0.586007 , 0.81 , 0.0202875 , -0.00917325]
  RingCirclePositionError : 0
  position_error : 0.274708
  orientation_error : 1.88935
  found_in_gazebo : 1

 ErrorResults 
  stamp : 2025-11-28T22:02:53Z
  target_type : armor_red_3
  model_name : armor_red_3
  pose : 
       - position : [-0.00218163 , 2.99014 , 1.05949]
       - orientation : [0.586007 , 0.81 , 0.0202875 , -0.00917325]
  RingCirclePositionError : 0
  position_error : 0.274708
  orientation_error : 1.88935
  found_in_gazebo : 1

 ErrorResults 
  stamp : 2025-11-28T22:02:53Z
  target_type : armor_red_3
  model_name : armor_red_3
  pose : 
       - position : [-0.00213447 , 2.98979 , 1.05937]
       - orientation : [0.586121 , 0.809918 , 0.0202646 , -0.00915422]
  RingCirclePositionError : 0
  position_error : 0.274478
  orientation_error : 1.88907
  found_in_gazebo : 1

 ErrorResults 
  stamp : 2025-11-28T22:02:53Z
  target_type : armor_red_3
  model_name : armor_red_3
  pose : 
       - position : [-0.00213447 , 2.98979 , 1.05937]
       - orientation : [0.586121 , 0.809918 , 0.0202646 , -0.00915422]
  RingCirclePositionError : 0
  position_error : 0.274478
  orientation_error : 1.88907
  found_in_gazebo : 1

 ErrorResults 
  stamp : 2025-11-28T22:02:53Z
  target_type : armor_red_3
  model_name : armor_red_3
  pose : 
       - position : [-0.00213447 , 2.98979 , 1.05937]
       - orientation : [0.586121 , 0.809918 , 0.0202646 , -0.00915422]
  RingCirclePositionError : 0
  position_error : 0.274478
  orientation_error : 1.88907
  found_in_gazebo : 1

 ErrorResults 
  stamp : 2025-11-28T22:02:53Z
  target_type : armor_red_3
  model_name : armor_red_3
  pose : 
       - position : [-0.00213447 , 2.98979 , 1.05937]
       - orientation : [0.586121 , 0.809918 , 0.0202646 , -0.00915422]
  RingCirclePositionError : 0
  position_error : 0.274478
  orientation_error : 1.88907
  found_in_gazebo : 1

 ErrorResults 
  stamp : 2025-11-28T22:02:53Z
  target_type : armor_red_3
  model_name : armor_red_3
  pose : 
       - position : [-0.00213447 , 2.98979 , 1.05937]
       - orientation : [0.586121 , 0.809918 , 0.0202646 , -0.00915422]
  RingCirclePositionError : 0
  position_error : 0.274478
  orientation_error : 1.88907
  found_in_gazebo : 1

 ErrorResults 
  stamp : 2025-11-28T22:02:53Z
  target_type : armor_red_3
  model_name : armor_red_3
  pose : 
       - position : [-0.00213447 , 2.98979 , 1.05937]
       - orientation : [0.586121 , 0.809918 , 0.0202646 , -0.00915422]
  RingCirclePositionError : 0
  position_error : 0.274478
  orientation_error : 1.88907
  found_in_gazebo : 1

 ErrorResults 
  stamp : 2025-11-28T22:02:53Z
  target_type : armor_red_3
  model_name : armor_red_3
  pose : 
       - position : [-0.00213447 , 2.98979 , 1.05937]
       - orientation : [0.586121 , 0.809918 , 0.0202646 , -0.00915422]
  RingCirclePositionError : 0
  position_error : 0.274478
  orientation_error : 1.88907
  found_in_gazebo : 1

 ErrorResults 
  stamp : 2025-11-28T22:02:53Z
  target_type : armor_red_3
  model_name : armor_red_3
  pose : 
       - position : [-0.00213447 , 2.98979 , 1.05937]
       - orientation : [0.586121 , 0.809918 , 0.0202646 , -0.00915422]
  RingCirclePositionError : 0
  position_error : 0.274478
  orientation_error : 1.88907
  found_in_gazebo : 1

 ErrorResults 
  stamp : 2025-11-28T22:02:53Z
  target_type : armor_red_3
  model_name : armor_red_3
  pose : 
       - position : [-0.00213447 , 2.98979 , 1.05937]
       - orientation : [0.586121 , 0.809918 , 0.0202646 , -0.00915422]
  RingCirclePositionError : 0
  position_error : 0.274478
  orientation_error : 1.88907
  found_in_gazebo : 1

 ErrorResults 
  stamp : 2025-11-28T22:02:53Z
  target_type : armor_red_3
  model_name : armor_red_3
  pose : 
       - position : [-0.00213447 , 2.98979 , 1.05937]
       - orientation : [0.586121 , 0.809918 , 0.0202646 , -0.00915422]
  RingCirclePositionError : 0
  position_error : 0.274478
  orientation_error : 1.88907
  found_in_gazebo : 1

 ErrorResults 
  stamp : 2025-11-28T22:02:53Z
  target_type : armor_red_3
  model_name : armor_red_3
  pose : 
       - position : [-0.00213447 , 2.98979 , 1.05937]
       - orientation : [0.586121 , 0.809918 , 0.0202646 , -0.00915422]
  RingCirclePositionError : 0
  position_error : 0.274478
  orientation_error : 1.88907
  found_in_gazebo : 1

 ErrorResults 
  stamp : 2025-11-28T22:02:53Z
  target_type : armor_red_3
  model_name : armor_red_3
  pose : 
       - position : [-0.00213447 , 2.98979 , 1.05937]
       - orientation : [0.586121 , 0.809918 , 0.0202646 , -0.00915422]
  RingCirclePositionError : 0
  position_error : 0.274478
  orientation_error : 1.88907
  found_in_gazebo : 1

 ErrorResults 
  stamp : 2025-11-28T22:02:53Z
  target_type : armor_red_3
  model_name : armor_red_3
  pose : 
       - position : [-0.00213447 , 2.98979 , 1.05937]
       - orientation : [0.586121 , 0.809918 , 0.0202646 , -0.00915422]
  RingCirclePositionError : 0
  position_error : 0.274478
  orientation_error : 1.88907
  found_in_gazebo : 1

 ErrorResults 
  stamp : 2025-11-28T22:02:53Z
  target_type : armor_red_3
  model_name : armor_red_3
  pose : 
       - position : [-0.00202615 , 2.98995 , 1.05946]
       - orientation : [0.593429 , 0.804609 , 0.0193456 , -0.00844979]
  RingCirclePositionError : 0
  position_error : 0.27462
  orientation_error : 1.87097
  found_in_gazebo : 1

 ErrorResults 
  stamp : 2025-11-28T22:02:53Z
  target_type : armor_red_3
  model_name : armor_red_3
  pose : 
       - position : [-0.00202615 , 2.98995 , 1.05946]
       - orientation : [0.593429 , 0.804609 , 0.0193456 , -0.00844979]
  RingCirclePositionError : 0
  position_error : 0.27462
  orientation_error : 1.87097
  found_in_gazebo : 1

 ErrorResults 
  stamp : 2025-11-28T22:02:53Z
  target_type : armor_red_3
  model_name : armor_red_3
  pose : 
       - position : [-0.00202615 , 2.98995 , 1.05946]
       - orientation : [0.593429 , 0.804609 , 0.0193456 , -0.00844979]
  RingCirclePositionError : 0
  position_error : 0.27462
  orientation_error : 1.87097
  found_in_gazebo : 1

 ErrorResults 
  stamp : 2025-11-28T22:02:53Z
  target_type : armor_red_3
  model_name : armor_red_3
  pose : 
       - position : [-0.00202615 , 2.98995 , 1.05946]
       - orientation : [0.593429 , 0.804609 , 0.0193456 , -0.00844979]
  RingCirclePositionError : 0
  position_error : 0.27462
  orientation_error : 1.87097
  found_in_gazebo : 1

 ErrorResults 
  stamp : 2025-11-28T22:02:53Z
  target_type : armor_red_3
  model_name : armor_red_3
  pose : 
       - position : [-0.00202615 , 2.98995 , 1.05946]
       - orientation : [0.593429 , 0.804609 , 0.0193456 , -0.00844979]
  RingCirclePositionError : 0
  position_error : 0.27462
  orientation_error : 1.87097
  found_in_gazebo : 1

 ErrorResults 
  stamp : 2025-11-28T22:02:53Z
  target_type : armor_red_3
  model_name : armor_red_3
  pose : 
       - position : [-0.00202615 , 2.98995 , 1.05946]
       - orientation : [0.593429 , 0.804609 , 0.0193456 , -0.00844979]
  RingCirclePositionError : 0
  position_error : 0.27462
  orientation_error : 1.87097
  found_in_gazebo : 1

 ErrorResults 
  stamp : 2025-11-28T22:02:53Z
  target_type : armor_red_3
  model_name : armor_red_3
  pose : 
       - position : [-0.00202615 , 2.98995 , 1.05946]
       - orientation : [0.593429 , 0.804609 , 0.0193456 , -0.00844979]
  RingCirclePositionError : 0
  position_error : 0.27462
  orientation_error : 1.87097
  found_in_gazebo : 1

 ErrorResults 
  stamp : 2025-11-28T22:02:53Z
  target_type : armor_red_3
  model_name : armor_red_3
  pose : 
       - position : [-0.00202615 , 2.98995 , 1.05946]
       - orientation : [0.593429 , 0.804609 , 0.0193456 , -0.00844979]
  RingCirclePositionError : 0
  position_error : 0.27462
  orientation_error : 1.87097
  found_in_gazebo : 1

 ErrorResults 
  stamp : 2025-11-28T22:02:53Z
  target_type : armor_red_3
  model_name : armor_red_3
  pose : 
       - position : [-0.00202615 , 2.98995 , 1.05946]
       - orientation : [0.593429 , 0.804609 , 0.0193456 , -0.00844979]
  RingCirclePositionError : 0
  position_error : 0.27462
  orientation_error : 1.87097
  found_in_gazebo : 1

 ErrorResults 
  stamp : 2025-11-28T22:02:53Z
  target_type : armor_red_3
  model_name : armor_red_3
  pose : 
       - position : [-0.00202615 , 2.98995 , 1.05946]
       - orientation : [0.593429 , 0.804609 , 0.0193456 , -0.00844979]
  RingCirclePositionError : 0
  position_error : 0.27462
  orientation_error : 1.87097
  found_in_gazebo : 1

 ErrorResults 
  stamp : 2025-11-28T22:02:53Z
  target_type : armor_red_3
  model_name : armor_red_3
  pose : 
       - position : [-0.00202615 , 2.98995 , 1.05946]
       - orientation : [0.593429 , 0.804609 , 0.0193456 , -0.00844979]
  RingCirclePositionError : 0
  position_error : 0.27462
  orientation_error : 1.87097
  found_in_gazebo : 1

 ErrorResults 
  stamp : 2025-11-28T22:02:53Z
  target_type : armor_red_3
  model_name : armor_red_3
  pose : 
       - position : [-0.00202615 , 2.98995 , 1.05946]
       - orientation : [0.593429 , 0.804609 , 0.0193456 , -0.00844979]
  RingCirclePositionError : 0
  position_error : 0.27462
  orientation_error : 1.87097
  found_in_gazebo : 1

 ErrorResults 
  stamp : 2025-11-28T22:02:53Z
  target_type : armor_red_3
  model_name : armor_red_3
  pose : 
       - position : [-0.00202615 , 2.98995 , 1.05946]
       - orientation : [0.593429 , 0.804609 , 0.0193456 , -0.00844979]
  RingCirclePositionError : 0
  position_error : 0.27462
  orientation_error : 1.87097
  found_in_gazebo : 1

 ErrorResults 
  stamp : 2025-11-28T22:02:53Z
  target_type : armor_red_3
  model_name : armor_red_3
  pose : 
       - position : [-0.00202615 , 2.98995 , 1.05946]
       - orientation : [0.593429 , 0.804609 , 0.0193456 , -0.00844979]
  RingCirclePositionError : 0
  position_error : 0.27462
  orientation_error : 1.87097
  found_in_gazebo : 1

 ErrorResults 
  stamp : 2025-11-28T22:02:53Z
  target_type : armor_red_3
  model_name : armor_red_3
  pose : 
       - position : [-0.00202615 , 2.98995 , 1.05946]
       - orientation : [0.593429 , 0.804609 , 0.0193456 , -0.00844979]
  RingCirclePositionError : 0
  position_error : 0.27462
  orientation_error : 1.87097
  found_in_gazebo : 1

 ErrorResults 
  stamp : 2025-11-28T22:02:53Z
  target_type : armor_red_3
  model_name : armor_red_3
  pose : 
       - position : [-0.00202615 , 2.98995 , 1.05946]
       - orientation : [0.593429 , 0.804609 , 0.0193456 , -0.00844979]
  RingCirclePositionError : 0
  position_error : 0.27462
  orientation_error : 1.87097
  found_in_gazebo : 1

 ErrorResults 
  stamp : 2025-11-28T22:02:53Z
  target_type : armor_red_3
  model_name : armor_red_3
  pose : 
       - position : [-0.00202615 , 2.98995 , 1.05946]
       - orientation : [0.593429 , 0.804609 , 0.0193456 , -0.00844979]
  RingCirclePositionError : 0
  position_error : 0.27462
  orientation_error : 1.87097
  found_in_gazebo : 1

 ErrorResults 
  stamp : 2025-11-28T22:02:53Z
  target_type : armor_red_3
  model_name : armor_red_3
  pose : 
       - position : [-0.00199043 , 2.98947 , 1.05924]
       - orientation : [0.585734 , 0.810227 , 0.0193536 , -0.00855591]
  RingCirclePositionError : 0
  position_error : 0.274247
  orientation_error : 1.89002
  found_in_gazebo : 1

 ErrorResults 
  stamp : 2025-11-28T22:02:53Z
  target_type : armor_red_3
  model_name : armor_red_3
  pose : 
       - position : [-0.00199043 , 2.98947 , 1.05924]
       - orientation : [0.585734 , 0.810227 , 0.0193536 , -0.00855591]
  RingCirclePositionError : 0
  position_error : 0.274247
  orientation_error : 1.89002
  found_in_gazebo : 1

 ErrorResults 
  stamp : 2025-11-28T22:02:53Z
  target_type : armor_red_3
  model_name : armor_red_3
  pose : 
       - position : [-0.00199043 , 2.98947 , 1.05924]
       - orientation : [0.585734 , 0.810227 , 0.0193536 , -0.00855591]
  RingCirclePositionError : 0
  position_error : 0.274247
  orientation_error : 1.89002
  found_in_gazebo : 1

 ErrorResults 
  stamp : 2025-11-28T22:02:53Z
  target_type : armor_red_3
  model_name : armor_red_3
  pose : 
       - position : [-0.00199043 , 2.98947 , 1.05924]
       - orientation : [0.585734 , 0.810227 , 0.0193536 , -0.00855591]
  RingCirclePositionError : 0
  position_error : 0.274247
  orientation_error : 1.89002
  found_in_gazebo : 1

 ErrorResults 
  stamp : 2025-11-28T22:02:53Z
  target_type : armor_red_3
  model_name : armor_red_3
  pose : 
       - position : [-0.00199043 , 2.98947 , 1.05924]
       - orientation : [0.585734 , 0.810227 , 0.0193536 , -0.00855591]
  RingCirclePositionError : 0
  position_error : 0.274247
  orientation_error : 1.89002
  found_in_gazebo : 1

 ErrorResults 
  stamp : 2025-11-28T22:02:53Z
  target_type : armor_red_3
  model_name : armor_red_3
  pose : 
       - position : [-0.00199043 , 2.98947 , 1.05924]
       - orientation : [0.585734 , 0.810227 , 0.0193536 , -0.00855591]
  RingCirclePositionError : 0
  position_error : 0.274247
  orientation_error : 1.89002
  found_in_gazebo : 1

 ErrorResults 
  stamp : 2025-11-28T22:02:53Z
  target_type : armor_red_3
  model_name : armor_red_3
  pose : 
       - position : [-0.00199043 , 2.98947 , 1.05924]
       - orientation : [0.585734 , 0.810227 , 0.0193536 , -0.00855591]
  RingCirclePositionError : 0
  position_error : 0.274247
  orientation_error : 1.89002
  found_in_gazebo : 1

 ErrorResults 
  stamp : 2025-11-28T22:02:53Z
  target_type : armor_red_3
  model_name : armor_red_3
  pose : 
       - position : [-0.00199043 , 2.98947 , 1.05924]
       - orientation : [0.585734 , 0.810227 , 0.0193536 , -0.00855591]
  RingCirclePositionError : 0
  position_error : 0.274247
  orientation_error : 1.89002
  found_in_gazebo : 1

 ErrorResults 
  stamp : 2025-11-28T22:02:54Z
  target_type : armor_red_3
  model_name : armor_red_3
  pose : 
       - position : [-0.00199043 , 2.98947 , 1.05924]
       - orientation : [0.585734 , 0.810227 , 0.0193536 , -0.00855591]
  RingCirclePositionError : 0
  position_error : 0.274247
  orientation_error : 1.89002
  found_in_gazebo : 1

 ErrorResults 
  stamp : 2025-11-28T22:02:54Z
  target_type : armor_red_3
  model_name : armor_red_3
  pose : 
       - position : [-0.00199043 , 2.98947 , 1.05924]
       - orientation : [0.585734 , 0.810227 , 0.0193536 , -0.00855591]
  RingCirclePositionError : 0
  position_error : 0.274247
  orientation_error : 1.89002
  found_in_gazebo : 1

 ErrorResults 
  stamp : 2025-11-28T22:02:54Z
  target_type : armor_red_3
  model_name : armor_red_3
  pose : 
       - position : [-0.00199043 , 2.98947 , 1.05924]
       - orientation : [0.585734 , 0.810227 , 0.0193536 , -0.00855591]
  RingCirclePositionError : 0
  position_error : 0.274247
  orientation_error : 1.89002
  found_in_gazebo : 1

 ErrorResults 
  stamp : 2025-11-28T22:02:54Z
  target_type : armor_red_3
  model_name : armor_red_3
  pose : 
       - position : [-0.00199043 , 2.98947 , 1.05924]
       - orientation : [0.585734 , 0.810227 , 0.0193536 , -0.00855591]
  RingCirclePositionError : 0
  position_error : 0.274247
  orientation_error : 1.89002
  found_in_gazebo : 1

 ErrorResults 
  stamp : 2025-11-28T22:02:54Z
  target_type : armor_red_3
  model_name : armor_red_3
  pose : 
       - position : [-0.00199043 , 2.98947 , 1.05924]
       - orientation : [0.585734 , 0.810227 , 0.0193536 , -0.00855591]
  RingCirclePositionError : 0
  position_error : 0.274247
  orientation_error : 1.89002
  found_in_gazebo : 1

 ErrorResults 
  stamp : 2025-11-28T22:02:54Z
  target_type : armor_red_3
  model_name : armor_red_3
  pose : 
       - position : [-0.00199043 , 2.98947 , 1.05924]
       - orientation : [0.585734 , 0.810227 , 0.0193536 , -0.00855591]
  RingCirclePositionError : 0
  position_error : 0.274247
  orientation_error : 1.89002
  found_in_gazebo : 1

 ErrorResults 
  stamp : 2025-11-28T22:02:54Z
  target_type : armor_red_3
  model_name : armor_red_3
  pose : 
       - position : [-0.00199043 , 2.98947 , 1.05924]
       - orientation : [0.585734 , 0.810227 , 0.0193536 , -0.00855591]
  RingCirclePositionError : 0
  position_error : 0.274247
  orientation_error : 1.89002
  found_in_gazebo : 1

 ErrorResults 
  stamp : 2025-11-28T22:02:54Z
  target_type : armor_red_3
  model_name : armor_red_3
  pose : 
       - position : [-0.00199043 , 2.98947 , 1.05924]
       - orientation : [0.585734 , 0.810227 , 0.0193536 , -0.00855591]
  RingCirclePositionError : 0
  position_error : 0.274247
  orientation_error : 1.89002
  found_in_gazebo : 1

 ErrorResults 
  stamp : 2025-11-28T22:02:54Z
  target_type : armor_red_3
  model_name : armor_red_3
  pose : 
       - position : [-0.00199043 , 2.98947 , 1.05924]
       - orientation : [0.585734 , 0.810227 , 0.0193536 , -0.00855591]
  RingCirclePositionError : 0
  position_error : 0.274247
  orientation_error : 1.89002
  found_in_gazebo : 1

 ErrorResults 
  stamp : 2025-11-28T22:02:54Z
  target_type : armor_red_3
  model_name : armor_red_3
  pose : 
       - position : [-0.00199043 , 2.98947 , 1.05924]
       - orientation : [0.585734 , 0.810227 , 0.0193536 , -0.00855591]
  RingCirclePositionError : 0
  position_error : 0.274247
  orientation_error : 1.89002
  found_in_gazebo : 1

 ErrorResults 
  stamp : 2025-11-28T22:02:54Z
  target_type : armor_red_3
  model_name : armor_red_3
  pose : 
       - position : [-0.00199043 , 2.98947 , 1.05924]
       - orientation : [0.585734 , 0.810227 , 0.0193536 , -0.00855591]
  RingCirclePositionError : 0
  position_error : 0.274247
  orientation_error : 1.89002
  found_in_gazebo : 1

 ErrorResults 
  stamp : 2025-11-28T22:02:54Z
  target_type : armor_red_3
  model_name : armor_red_3
  pose : 
       - position : [-0.00189011 , 2.9896 , 1.05933]
       - orientation : [0.593952 , 0.804249 , 0.0185003 , -0.00788645]
  RingCirclePositionError : 0
  position_error : 0.274381
  orientation_error : 1.86967
  found_in_gazebo : 1

 ErrorResults 
  stamp : 2025-11-28T22:02:54Z
  target_type : armor_red_3
  model_name : armor_red_3
  pose : 
       - position : [-0.00189011 , 2.9896 , 1.05933]
       - orientation : [0.593952 , 0.804249 , 0.0185003 , -0.00788645]
  RingCirclePositionError : 0
  position_error : 0.274381
  orientation_error : 1.86967
  found_in_gazebo : 1

 ErrorResults 
  stamp : 2025-11-28T22:02:54Z
  target_type : armor_red_3
  model_name : armor_red_3
  pose : 
       - position : [-0.00189011 , 2.9896 , 1.05933]
       - orientation : [0.593952 , 0.804249 , 0.0185003 , -0.00788645]
  RingCirclePositionError : 0
  position_error : 0.274381
  orientation_error : 1.86967
  found_in_gazebo : 1

 ErrorResults 
  stamp : 2025-11-28T22:02:54Z
  target_type : armor_red_3
  model_name : armor_red_3
  pose : 
       - position : [-0.00189011 , 2.9896 , 1.05933]
       - orientation : [0.593952 , 0.804249 , 0.0185003 , -0.00788645]
  RingCirclePositionError : 0
  position_error : 0.274381
  orientation_error : 1.86967
  found_in_gazebo : 1

 ErrorResults 
  stamp : 2025-11-28T22:02:54Z
  target_type : armor_red_3
  model_name : armor_red_3
  pose : 
       - position : [-0.00189011 , 2.9896 , 1.05933]
       - orientation : [0.593952 , 0.804249 , 0.0185003 , -0.00788645]
  RingCirclePositionError : 0
  position_error : 0.274381
  orientation_error : 1.86967
  found_in_gazebo : 1

 ErrorResults 
  stamp : 2025-11-28T22:02:54Z
  target_type : armor_red_3
  model_name : armor_red_3
  pose : 
       - position : [-0.00189011 , 2.9896 , 1.05933]
       - orientation : [0.593952 , 0.804249 , 0.0185003 , -0.00788645]
  RingCirclePositionError : 0
  position_error : 0.274381
  orientation_error : 1.86967
  found_in_gazebo : 1

 ErrorResults 
  stamp : 2025-11-28T22:02:54Z
  target_type : armor_red_3
  model_name : armor_red_3
  pose : 
       - position : [-0.00189011 , 2.9896 , 1.05933]
       - orientation : [0.593952 , 0.804249 , 0.0185003 , -0.00788645]
  RingCirclePositionError : 0
  position_error : 0.274381
  orientation_error : 1.86967
  found_in_gazebo : 1

 ErrorResults 
  stamp : 2025-11-28T22:02:54Z
  target_type : armor_red_3
  model_name : armor_red_3
  pose : 
       - position : [-0.00189011 , 2.9896 , 1.05933]
       - orientation : [0.593952 , 0.804249 , 0.0185003 , -0.00788645]
  RingCirclePositionError : 0
  position_error : 0.274381
  orientation_error : 1.86967
  found_in_gazebo : 1

 ErrorResults 
  stamp : 2025-11-28T22:02:54Z
  target_type : armor_red_3
  model_name : armor_red_3
  pose : 
       - position : [-0.00189011 , 2.9896 , 1.05933]
       - orientation : [0.593952 , 0.804249 , 0.0185003 , -0.00788645]
  RingCirclePositionError : 0
  position_error : 0.274381
  orientation_error : 1.86967
  found_in_gazebo : 1

 ErrorResults 
  stamp : 2025-11-28T22:02:54Z
  target_type : armor_red_3
  model_name : armor_red_3
  pose : 
       - position : [-0.00189011 , 2.9896 , 1.05933]
       - orientation : [0.593952 , 0.804249 , 0.0185003 , -0.00788645]
  RingCirclePositionError : 0
  position_error : 0.274381
  orientation_error : 1.86967
  found_in_gazebo : 1

 ErrorResults 
  stamp : 2025-11-28T22:02:54Z
  target_type : armor_red_3
  model_name : armor_red_3
  pose : 
       - position : [-0.00189011 , 2.9896 , 1.05933]
       - orientation : [0.593952 , 0.804249 , 0.0185003 , -0.00788645]
  RingCirclePositionError : 0
  position_error : 0.274381
  orientation_error : 1.86967
  found_in_gazebo : 1

 ErrorResults 
  stamp : 2025-11-28T22:02:54Z
  target_type : armor_red_3
  model_name : armor_red_3
  pose : 
       - position : [-0.00189011 , 2.9896 , 1.05933]
       - orientation : [0.593952 , 0.804249 , 0.0185003 , -0.00788645]
  RingCirclePositionError : 0
  position_error : 0.274381
  orientation_error : 1.86967
  found_in_gazebo : 1

 ErrorResults 
  stamp : 2025-11-28T22:02:54Z
  target_type : armor_red_3
  model_name : armor_red_3
  pose : 
       - position : [-0.00189011 , 2.9896 , 1.05933]
       - orientation : [0.593952 , 0.804249 , 0.0185003 , -0.00788645]
  RingCirclePositionError : 0
  position_error : 0.274381
  orientation_error : 1.86967
  found_in_gazebo : 1

 ErrorResults 
  stamp : 2025-11-28T22:02:54Z
  target_type : armor_red_3
  model_name : armor_red_3
  pose : 
       - position : [-0.00184604 , 2.98928 , 1.05922]
       - orientation : [0.593915 , 0.804277 , 0.018478 , -0.00787029]
  RingCirclePositionError : 0
  position_error : 0.274165
  orientation_error : 1.86976
  found_in_gazebo : 1

 ErrorResults 
  stamp : 2025-11-28T22:02:54Z
  target_type : armor_red_3
  model_name : armor_red_3
  pose : 
       - position : [-0.00184604 , 2.98928 , 1.05922]
       - orientation : [0.593915 , 0.804277 , 0.018478 , -0.00787029]
  RingCirclePositionError : 0
  position_error : 0.274165
  orientation_error : 1.86976
  found_in_gazebo : 1

 ErrorResults 
  stamp : 2025-11-28T22:02:54Z
  target_type : armor_red_3
  model_name : armor_red_3
  pose : 
       - position : [-0.00184604 , 2.98928 , 1.05922]
       - orientation : [0.593915 , 0.804277 , 0.018478 , -0.00787029]
  RingCirclePositionError : 0
  position_error : 0.274165
  orientation_error : 1.86976
  found_in_gazebo : 1

 ErrorResults 
  stamp : 2025-11-28T22:02:54Z
  target_type : armor_red_3
  model_name : armor_red_3
  pose : 
       - position : [-0.00184604 , 2.98928 , 1.05922]
       - orientation : [0.593915 , 0.804277 , 0.018478 , -0.00787029]
  RingCirclePositionError : 0
  position_error : 0.274165
  orientation_error : 1.86976
  found_in_gazebo : 1

 ErrorResults 
  stamp : 2025-11-28T22:02:54Z
  target_type : armor_red_3
  model_name : armor_red_3
  pose : 
       - position : [-0.00184604 , 2.98928 , 1.05922]
       - orientation : [0.593915 , 0.804277 , 0.018478 , -0.00787029]
  RingCirclePositionError : 0
  position_error : 0.274165
  orientation_error : 1.86976
  found_in_gazebo : 1

 ErrorResults 
  stamp : 2025-11-28T22:02:54Z
  target_type : armor_red_3
  model_name : armor_red_3
  pose : 
       - position : [-0.00184604 , 2.98928 , 1.05922]
       - orientation : [0.593915 , 0.804277 , 0.018478 , -0.00787029]
  RingCirclePositionError : 0
  position_error : 0.274165
  orientation_error : 1.86976
  found_in_gazebo : 1

 ErrorResults 
  stamp : 2025-11-28T22:02:54Z
  target_type : armor_red_3
  model_name : armor_red_3
  pose : 
       - position : [-0.00184604 , 2.98928 , 1.05922]
       - orientation : [0.593915 , 0.804277 , 0.018478 , -0.00787029]
  RingCirclePositionError : 0
  position_error : 0.274165
  orientation_error : 1.86976
  found_in_gazebo : 1

 ErrorResults 
  stamp : 2025-11-28T22:02:54Z
  target_type : armor_red_3
  model_name : armor_red_3
  pose : 
       - position : [-0.00184604 , 2.98928 , 1.05922]
       - orientation : [0.593915 , 0.804277 , 0.018478 , -0.00787029]
  RingCirclePositionError : 0
  position_error : 0.274165
  orientation_error : 1.86976
  found_in_gazebo : 1

 ErrorResults 
  stamp : 2025-11-28T22:02:54Z
  target_type : armor_red_3
  model_name : armor_red_3
  pose : 
       - position : [-0.00184604 , 2.98928 , 1.05922]
       - orientation : [0.593915 , 0.804277 , 0.018478 , -0.00787029]
  RingCirclePositionError : 0
  position_error : 0.274165
  orientation_error : 1.86976
  found_in_gazebo : 1

 ErrorResults 
  stamp : 2025-11-28T22:02:54Z
  target_type : armor_red_3
  model_name : armor_red_3
  pose : 
       - position : [-0.00184604 , 2.98928 , 1.05922]
       - orientation : [0.593915 , 0.804277 , 0.018478 , -0.00787029]
  RingCirclePositionError : 0
  position_error : 0.274165
  orientation_error : 1.86976
  found_in_gazebo : 1

 ErrorResults 
  stamp : 2025-11-28T22:02:54Z
  target_type : armor_red_3
  model_name : armor_red_3
  pose : 
       - position : [-0.00184604 , 2.98928 , 1.05922]
       - orientation : [0.593915 , 0.804277 , 0.018478 , -0.00787029]
  RingCirclePositionError : 0
  position_error : 0.274165
  orientation_error : 1.86976
  found_in_gazebo : 1

 ErrorResults 
  stamp : 2025-11-28T22:02:54Z
  target_type : armor_red_3
  model_name : armor_red_3
  pose : 
       - position : [-0.00184604 , 2.98928 , 1.05922]
       - orientation : [0.593915 , 0.804277 , 0.018478 , -0.00787029]
  RingCirclePositionError : 0
  position_error : 0.274165
  orientation_error : 1.86976
  found_in_gazebo : 1

 ErrorResults 
  stamp : 2025-11-28T22:02:54Z
  target_type : armor_red_3
  model_name : armor_red_3
  pose : 
       - position : [-0.00184604 , 2.98928 , 1.05922]
       - orientation : [0.593915 , 0.804277 , 0.018478 , -0.00787029]
  RingCirclePositionError : 0
  position_error : 0.274165
  orientation_error : 1.86976
  found_in_gazebo : 1

 ErrorResults 
  stamp : 2025-11-28T22:02:54Z
  target_type : armor_red_3
  model_name : armor_red_3
  pose : 
       - position : [-0.00184604 , 2.98928 , 1.05922]
       - orientation : [0.593915 , 0.804277 , 0.018478 , -0.00787029]
  RingCirclePositionError : 0
  position_error : 0.274165
  orientation_error : 1.86976
  found_in_gazebo : 1

 ErrorResults 
  stamp : 2025-11-28T22:02:54Z
  target_type : armor_red_3
  model_name : armor_red_3
  pose : 
       - position : [-0.00184604 , 2.98928 , 1.05922]
       - orientation : [0.593915 , 0.804277 , 0.018478 , -0.00787029]
  RingCirclePositionError : 0
  position_error : 0.274165
  orientation_error : 1.86976
  found_in_gazebo : 1

 ErrorResults 
  stamp : 2025-11-28T22:02:54Z
  target_type : armor_red_3
  model_name : armor_red_3
  pose : 
       - position : [-0.00184604 , 2.98928 , 1.05922]
       - orientation : [0.593915 , 0.804277 , 0.018478 , -0.00787029]
  RingCirclePositionError : 0
  position_error : 0.274165
  orientation_error : 1.86976
  found_in_gazebo : 1

 ErrorResults 
  stamp : 2025-11-28T22:02:54Z
  target_type : armor_red_3
  model_name : armor_red_3
  pose : 
       - position : [-0.00184604 , 2.98928 , 1.05922]
       - orientation : [0.593915 , 0.804277 , 0.018478 , -0.00787029]
  RingCirclePositionError : 0
  position_error : 0.274165
  orientation_error : 1.86976
  found_in_gazebo : 1

 ErrorResults 
  stamp : 2025-11-28T22:02:54Z
  target_type : armor_red_3
  model_name : armor_red_3
  pose : 
       - position : [-0.00184604 , 2.98928 , 1.05922]
       - orientation : [0.593915 , 0.804277 , 0.018478 , -0.00787029]
  RingCirclePositionError : 0
  position_error : 0.274165
  orientation_error : 1.86976
  found_in_gazebo : 1

 ErrorResults 
  stamp : 2025-11-28T22:02:54Z
  target_type : armor_red_3
  model_name : armor_red_3
  pose : 
       - position : [-0.00184604 , 2.98928 , 1.05922]
       - orientation : [0.593915 , 0.804277 , 0.018478 , -0.00787029]
  RingCirclePositionError : 0
  position_error : 0.274165
  orientation_error : 1.86976
  found_in_gazebo : 1

 ErrorResults 
  stamp : 2025-11-28T22:02:54Z
  target_type : armor_red_3
  model_name : armor_red_3
  pose : 
       - position : [-0.00184604 , 2.98928 , 1.05922]
       - orientation : [0.593915 , 0.804277 , 0.018478 , -0.00787029]
  RingCirclePositionError : 0
  position_error : 0.274165
  orientation_error : 1.86976
  found_in_gazebo : 1

 ErrorResults 
  stamp : 2025-11-28T22:02:54Z
  target_type : armor_red_3
  model_name : armor_red_3
  pose : 
       - position : [-0.00184604 , 2.98928 , 1.05922]
       - orientation : [0.593915 , 0.804277 , 0.018478 , -0.00787029]
  RingCirclePositionError : 0
  position_error : 0.274165
  orientation_error : 1.86976
  found_in_gazebo : 1

 ErrorResults 
  stamp : 2025-11-28T22:02:55Z
  target_type : armor_red_3
  model_name : armor_red_3
  pose : 
       - position : [-0.00184604 , 2.98928 , 1.05922]
       - orientation : [0.593915 , 0.804277 , 0.018478 , -0.00787029]
  RingCirclePositionError : 0
  position_error : 0.274165
  orientation_error : 1.86976
  found_in_gazebo : 1

 ErrorResults 
  stamp : 2025-11-28T22:02:55Z
  target_type : armor_red_3
  model_name : armor_red_3
  pose : 
       - position : [-0.00184604 , 2.98928 , 1.05922]
       - orientation : [0.593915 , 0.804277 , 0.018478 , -0.00787029]
  RingCirclePositionError : 0
  position_error : 0.274165
  orientation_error : 1.86976
  found_in_gazebo : 1

 ErrorResults 
  stamp : 2025-11-28T22:02:55Z
  target_type : armor_red_3
  model_name : armor_red_3
  pose : 
       - position : [-0.00184604 , 2.98928 , 1.05922]
       - orientation : [0.593915 , 0.804277 , 0.018478 , -0.00787029]
  RingCirclePositionError : 0
  position_error : 0.274165
  orientation_error : 1.86976
  found_in_gazebo : 1

 ErrorResults 
  stamp : 2025-11-28T22:02:55Z
  target_type : armor_red_3
  model_name : armor_red_3
  pose : 
       - position : [-0.00184604 , 2.98928 , 1.05922]
       - orientation : [0.593915 , 0.804277 , 0.018478 , -0.00787029]
  RingCirclePositionError : 0
  position_error : 0.274165
  orientation_error : 1.86976
  found_in_gazebo : 1

 ErrorResults 
  stamp : 2025-11-28T22:02:55Z
  target_type : armor_red_3
  model_name : armor_red_3
  pose : 
       - position : [-0.00176166 , 2.98927 , 1.05921]
       - orientation : [0.594241 , 0.804059 , 0.0176973 , -0.00735528]
  RingCirclePositionError : 0
  position_error : 0.274152
  orientation_error : 1.86895
  found_in_gazebo : 1

 ErrorResults 
  stamp : 2025-11-28T22:02:55Z
  target_type : armor_red_3
  model_name : armor_red_3
  pose : 
       - position : [-0.00176166 , 2.98927 , 1.05921]
       - orientation : [0.594241 , 0.804059 , 0.0176973 , -0.00735528]
  RingCirclePositionError : 0
  position_error : 0.274152
  orientation_error : 1.86895
  found_in_gazebo : 1

 ErrorResults 
  stamp : 2025-11-28T22:02:55Z
  target_type : armor_red_3
  model_name : armor_red_3
  pose : 
       - position : [-0.00176166 , 2.98927 , 1.05921]
       - orientation : [0.594241 , 0.804059 , 0.0176973 , -0.00735528]
  RingCirclePositionError : 0
  position_error : 0.274152
  orientation_error : 1.86895
  found_in_gazebo : 1

 ErrorResults 
  stamp : 2025-11-28T22:02:55Z
  target_type : armor_red_3
  model_name : armor_red_3
  pose : 
       - position : [-0.00176166 , 2.98927 , 1.05921]
       - orientation : [0.594241 , 0.804059 , 0.0176973 , -0.00735528]
  RingCirclePositionError : 0
  position_error : 0.274152
  orientation_error : 1.86895
  found_in_gazebo : 1

 ErrorResults 
  stamp : 2025-11-28T22:02:55Z
  target_type : armor_red_3
  model_name : armor_red_3
  pose : 
       - position : [-0.00176166 , 2.98927 , 1.05921]
       - orientation : [0.594241 , 0.804059 , 0.0176973 , -0.00735528]
  RingCirclePositionError : 0
  position_error : 0.274152
  orientation_error : 1.86895
  found_in_gazebo : 1

 ErrorResults 
  stamp : 2025-11-28T22:02:55Z
  target_type : armor_red_3
  model_name : armor_red_3
  pose : 
       - position : [-0.00176166 , 2.98927 , 1.05921]
       - orientation : [0.594241 , 0.804059 , 0.0176973 , -0.00735528]
  RingCirclePositionError : 0
  position_error : 0.274152
  orientation_error : 1.86895
  found_in_gazebo : 1

 ErrorResults 
  stamp : 2025-11-28T22:02:55Z
  target_type : armor_red_3
  model_name : armor_red_3
  pose : 
       - position : [-0.00176166 , 2.98927 , 1.05921]
       - orientation : [0.594241 , 0.804059 , 0.0176973 , -0.00735528]
  RingCirclePositionError : 0
  position_error : 0.274152
  orientation_error : 1.86895
  found_in_gazebo : 1

 ErrorResults 
  stamp : 2025-11-28T22:02:55Z
  target_type : armor_red_3
  model_name : armor_red_3
  pose : 
       - position : [-0.00176166 , 2.98927 , 1.05921]
       - orientation : [0.594241 , 0.804059 , 0.0176973 , -0.00735528]
  RingCirclePositionError : 0
  position_error : 0.274152
  orientation_error : 1.86895
  found_in_gazebo : 1

 ErrorResults 
  stamp : 2025-11-28T22:02:55Z
  target_type : armor_red_3
  model_name : armor_red_3
  pose : 
       - position : [-0.00176166 , 2.98927 , 1.05921]
       - orientation : [0.594241 , 0.804059 , 0.0176973 , -0.00735528]
  RingCirclePositionError : 0
  position_error : 0.274152
  orientation_error : 1.86895
  found_in_gazebo : 1

 ErrorResults 
  stamp : 2025-11-28T22:02:55Z
  target_type : armor_red_3
  model_name : armor_red_3
  pose : 
       - position : [-0.00171909 , 2.98896 , 1.05909]
       - orientation : [0.59415 , 0.804127 , 0.017677 , -0.00734103]
  RingCirclePositionError : 0
  position_error : 0.273944
  orientation_error : 1.86918
  found_in_gazebo : 1

 ErrorResults 
  stamp : 2025-11-28T22:02:55Z
  target_type : armor_red_3
  model_name : armor_red_3
  pose : 
       - position : [-0.00171909 , 2.98896 , 1.05909]
       - orientation : [0.59415 , 0.804127 , 0.017677 , -0.00734103]
  RingCirclePositionError : 0
  position_error : 0.273944
  orientation_error : 1.86918
  found_in_gazebo : 1

 ErrorResults 
  stamp : 2025-11-28T22:02:55Z
  target_type : armor_red_3
  model_name : armor_red_3
  pose : 
       - position : [-0.00171909 , 2.98896 , 1.05909]
       - orientation : [0.59415 , 0.804127 , 0.017677 , -0.00734103]
  RingCirclePositionError : 0
  position_error : 0.273944
  orientation_error : 1.86918
  found_in_gazebo : 1

 ErrorResults 
  stamp : 2025-11-28T22:02:55Z
  target_type : armor_red_3
  model_name : armor_red_3
  pose : 
       - position : [-0.00171909 , 2.98896 , 1.05909]
       - orientation : [0.59415 , 0.804127 , 0.017677 , -0.00734103]
  RingCirclePositionError : 0
  position_error : 0.273944
  orientation_error : 1.86918
  found_in_gazebo : 1

 ErrorResults 
  stamp : 2025-11-28T22:02:55Z
  target_type : armor_red_3
  model_name : armor_red_3
  pose : 
       - position : [-0.00171909 , 2.98896 , 1.05909]
       - orientation : [0.59415 , 0.804127 , 0.017677 , -0.00734103]
  RingCirclePositionError : 0
  position_error : 0.273944
  orientation_error : 1.86918
  found_in_gazebo : 1

 ErrorResults 
  stamp : 2025-11-28T22:02:55Z
  target_type : armor_red_3
  model_name : armor_red_3
  pose : 
       - position : [-0.00171909 , 2.98896 , 1.05909]
       - orientation : [0.59415 , 0.804127 , 0.017677 , -0.00734103]
  RingCirclePositionError : 0
  position_error : 0.273944
  orientation_error : 1.86918
  found_in_gazebo : 1

 ErrorResults 
  stamp : 2025-11-28T22:02:55Z
  target_type : armor_red_3
  model_name : armor_red_3
  pose : 
       - position : [-0.00171909 , 2.98896 , 1.05909]
       - orientation : [0.59415 , 0.804127 , 0.017677 , -0.00734103]
  RingCirclePositionError : 0
  position_error : 0.273944
  orientation_error : 1.86918
  found_in_gazebo : 1

 ErrorResults 
  stamp : 2025-11-28T22:02:55Z
  target_type : armor_red_3
  model_name : armor_red_3
  pose : 
       - position : [-0.00171909 , 2.98896 , 1.05909]
       - orientation : [0.59415 , 0.804127 , 0.017677 , -0.00734103]
  RingCirclePositionError : 0
  position_error : 0.273944
  orientation_error : 1.86918
  found_in_gazebo : 1

 ErrorResults 
  stamp : 2025-11-28T22:02:55Z
  target_type : armor_red_3
  model_name : armor_red_3
  pose : 
       - position : [-0.00171909 , 2.98896 , 1.05909]
       - orientation : [0.59415 , 0.804127 , 0.017677 , -0.00734103]
  RingCirclePositionError : 0
  position_error : 0.273944
  orientation_error : 1.86918
  found_in_gazebo : 1

 ErrorResults 
  stamp : 2025-11-28T22:02:55Z
  target_type : armor_red_3
  model_name : armor_red_3
  pose : 
       - position : [-0.00171909 , 2.98896 , 1.05909]
       - orientation : [0.59415 , 0.804127 , 0.017677 , -0.00734103]
  RingCirclePositionError : 0
  position_error : 0.273944
  orientation_error : 1.86918
  found_in_gazebo : 1

 ErrorResults 
  stamp : 2025-11-28T22:02:55Z
  target_type : armor_red_3
  model_name : armor_red_3
  pose : 
       - position : [-0.00171909 , 2.98896 , 1.05909]
       - orientation : [0.59415 , 0.804127 , 0.017677 , -0.00734103]
  RingCirclePositionError : 0
  position_error : 0.273944
  orientation_error : 1.86918
  found_in_gazebo : 1

 ErrorResults 
  stamp : 2025-11-28T22:02:55Z
  target_type : armor_red_3
  model_name : armor_red_3
  pose : 
       - position : [-0.00171909 , 2.98896 , 1.05909]
       - orientation : [0.59415 , 0.804127 , 0.017677 , -0.00734103]
  RingCirclePositionError : 0
  position_error : 0.273944
  orientation_error : 1.86918
  found_in_gazebo : 1

 ErrorResults 
  stamp : 2025-11-28T22:02:55Z
  target_type : armor_red_3
  model_name : armor_red_3
  pose : 
       - position : [-0.00171909 , 2.98896 , 1.05909]
       - orientation : [0.59415 , 0.804127 , 0.017677 , -0.00734103]
  RingCirclePositionError : 0
  position_error : 0.273944
  orientation_error : 1.86918
  found_in_gazebo : 1

 ErrorResults 
  stamp : 2025-11-28T22:02:55Z
  target_type : armor_red_3
  model_name : armor_red_3
  pose : 
       - position : [-0.00171909 , 2.98896 , 1.05909]
       - orientation : [0.59415 , 0.804127 , 0.017677 , -0.00734103]
  RingCirclePositionError : 0
  position_error : 0.273944
  orientation_error : 1.86918
  found_in_gazebo : 1

 ErrorResults 
  stamp : 2025-11-28T22:02:55Z
  target_type : armor_red_3
  model_name : armor_red_3
  pose : 
       - position : [-0.00171909 , 2.98896 , 1.05909]
       - orientation : [0.59415 , 0.804127 , 0.017677 , -0.00734103]
  RingCirclePositionError : 0
  position_error : 0.273944
  orientation_error : 1.86918
  found_in_gazebo : 1

 ErrorResults 
  stamp : 2025-11-28T22:02:55Z
  target_type : armor_red_3
  model_name : armor_red_3
  pose : 
       - position : [-0.00171909 , 2.98896 , 1.05909]
       - orientation : [0.59415 , 0.804127 , 0.017677 , -0.00734103]
  RingCirclePositionError : 0
  position_error : 0.273944
  orientation_error : 1.86918
  found_in_gazebo : 1

 ErrorResults 
  stamp : 2025-11-28T22:02:55Z
  target_type : armor_red_3
  model_name : armor_red_3
  pose : 
       - position : [-0.00171909 , 2.98896 , 1.05909]
       - orientation : [0.59415 , 0.804127 , 0.017677 , -0.00734103]
  RingCirclePositionError : 0
  position_error : 0.273944
  orientation_error : 1.86918
  found_in_gazebo : 1

 ErrorResults 
  stamp : 2025-11-28T22:02:55Z
  target_type : armor_red_3
  model_name : armor_red_3
  pose : 
       - position : [-0.00171909 , 2.98896 , 1.05909]
       - orientation : [0.59415 , 0.804127 , 0.017677 , -0.00734103]
  RingCirclePositionError : 0
  position_error : 0.273944
  orientation_error : 1.86918
  found_in_gazebo : 1

 ErrorResults 
  stamp : 2025-11-28T22:02:55Z
  target_type : armor_red_3
  model_name : armor_red_3
  pose : 
       - position : [-0.00171909 , 2.98896 , 1.05909]
       - orientation : [0.59415 , 0.804127 , 0.017677 , -0.00734103]
  RingCirclePositionError : 0
  position_error : 0.273944
  orientation_error : 1.86918
  found_in_gazebo : 1

 ErrorResults 
  stamp : 2025-11-28T22:02:55Z
  target_type : armor_red_3
  model_name : armor_red_3
  pose : 
       - position : [-0.00171909 , 2.98896 , 1.05909]
       - orientation : [0.59415 , 0.804127 , 0.017677 , -0.00734103]
  RingCirclePositionError : 0
  position_error : 0.273944
  orientation_error : 1.86918
  found_in_gazebo : 1

 ErrorResults 
  stamp : 2025-11-28T22:02:55Z
  target_type : armor_red_3
  model_name : armor_red_3
  pose : 
       - position : [-0.00171909 , 2.98896 , 1.05909]
       - orientation : [0.59415 , 0.804127 , 0.017677 , -0.00734103]
  RingCirclePositionError : 0
  position_error : 0.273944
  orientation_error : 1.86918
  found_in_gazebo : 1

 ErrorResults 
  stamp : 2025-11-28T22:02:55Z
  target_type : armor_red_3
  model_name : armor_red_3
  pose : 
       - position : [-0.00171909 , 2.98896 , 1.05909]
       - orientation : [0.59415 , 0.804127 , 0.017677 , -0.00734103]
  RingCirclePositionError : 0
  position_error : 0.273944
  orientation_error : 1.86918
  found_in_gazebo : 1

 ErrorResults 
  stamp : 2025-11-28T22:02:55Z
  target_type : armor_red_3
  model_name : armor_red_3
  pose : 
       - position : [-0.00171909 , 2.98896 , 1.05909]
       - orientation : [0.59415 , 0.804127 , 0.017677 , -0.00734103]
  RingCirclePositionError : 0
  position_error : 0.273944
  orientation_error : 1.86918
  found_in_gazebo : 1

 ErrorResults 
  stamp : 2025-11-28T22:02:55Z
  target_type : armor_red_3
  model_name : armor_red_3
  pose : 
       - position : [-0.00171909 , 2.98896 , 1.05909]
       - orientation : [0.59415 , 0.804127 , 0.017677 , -0.00734103]
  RingCirclePositionError : 0
  position_error : 0.273944
  orientation_error : 1.86918
  found_in_gazebo : 1

 ErrorResults 
  stamp : 2025-11-28T22:02:55Z
  target_type : armor_red_3
  model_name : armor_red_3
  pose : 
       - position : [-0.00171909 , 2.98896 , 1.05909]
       - orientation : [0.59415 , 0.804127 , 0.017677 , -0.00734103]
  RingCirclePositionError : 0
  position_error : 0.273944
  orientation_error : 1.86918
  found_in_gazebo : 1

 ErrorResults 
  stamp : 2025-11-28T22:02:55Z
  target_type : armor_red_3
  model_name : armor_red_3
  pose : 
       - position : [-0.00171909 , 2.98896 , 1.05909]
       - orientation : [0.59415 , 0.804127 , 0.017677 , -0.00734103]
  RingCirclePositionError : 0
  position_error : 0.273944
  orientation_error : 1.86918
  found_in_gazebo : 1

 ErrorResults 
  stamp : 2025-11-28T22:02:55Z
  target_type : armor_red_3
  model_name : armor_red_3
  pose : 
       - position : [-0.00171909 , 2.98896 , 1.05909]
       - orientation : [0.59415 , 0.804127 , 0.017677 , -0.00734103]
  RingCirclePositionError : 0
  position_error : 0.273944
  orientation_error : 1.86918
  found_in_gazebo : 1

 ErrorResults 
  stamp : 2025-11-28T22:02:55Z
  target_type : armor_red_3
  model_name : armor_red_3
  pose : 
       - position : [-0.00171909 , 2.98896 , 1.05909]
       - orientation : [0.59415 , 0.804127 , 0.017677 , -0.00734103]
  RingCirclePositionError : 0
  position_error : 0.273944
  orientation_error : 1.86918
  found_in_gazebo : 1

 ErrorResults 
  stamp : 2025-11-28T22:02:55Z
  target_type : armor_red_3
  model_name : armor_red_3
  pose : 
       - position : [-0.00171909 , 2.98896 , 1.05909]
       - orientation : [0.59415 , 0.804127 , 0.017677 , -0.00734103]
  RingCirclePositionError : 0
  position_error : 0.273944
  orientation_error : 1.86918
  found_in_gazebo : 1

 ErrorResults 
  stamp : 2025-11-28T22:02:55Z
  target_type : armor_red_3
  model_name : armor_red_3
  pose : 
       - position : [-0.00171909 , 2.98896 , 1.05909]
       - orientation : [0.59415 , 0.804127 , 0.017677 , -0.00734103]
  RingCirclePositionError : 0
  position_error : 0.273944
  orientation_error : 1.86918
  found_in_gazebo : 1

 ErrorResults 
  stamp : 2025-11-28T22:02:55Z
  target_type : armor_red_3
  model_name : armor_red_3
  pose : 
       - position : [-0.00171909 , 2.98896 , 1.05909]
       - orientation : [0.59415 , 0.804127 , 0.017677 , -0.00734103]
  RingCirclePositionError : 0
  position_error : 0.273944
  orientation_error : 1.86918
  found_in_gazebo : 1

 ErrorResults 
  stamp : 2025-11-28T22:02:55Z
  target_type : armor_red_3
  model_name : armor_red_3
  pose : 
       - position : [-0.00164089 , 2.98894 , 1.05908]
       - orientation : [0.594398 , 0.803963 , 0.016943 , -0.00685787]
  RingCirclePositionError : 0
  position_error : 0.273931
  orientation_error : 1.86856
  found_in_gazebo : 1

 ErrorResults 
  stamp : 2025-11-28T22:02:56Z
  target_type : armor_red_3
  model_name : armor_red_3
  pose : 
       - position : [-0.00164089 , 2.98894 , 1.05908]
       - orientation : [0.594398 , 0.803963 , 0.016943 , -0.00685787]
  RingCirclePositionError : 0
  position_error : 0.273931
  orientation_error : 1.86856
  found_in_gazebo : 1

 ErrorResults 
  stamp : 2025-11-28T22:02:56Z
  target_type : armor_red_3
  model_name : armor_red_3
  pose : 
       - position : [-0.00164089 , 2.98894 , 1.05908]
       - orientation : [0.594398 , 0.803963 , 0.016943 , -0.00685787]
  RingCirclePositionError : 0
  position_error : 0.273931
  orientation_error : 1.86856
  found_in_gazebo : 1

 ErrorResults 
  stamp : 2025-11-28T22:02:56Z
  target_type : armor_red_3
  model_name : armor_red_3
  pose : 
       - position : [-0.00164089 , 2.98894 , 1.05908]
       - orientation : [0.594398 , 0.803963 , 0.016943 , -0.00685787]
  RingCirclePositionError : 0
  position_error : 0.273931
  orientation_error : 1.86856
  found_in_gazebo : 1

 ErrorResults 
  stamp : 2025-11-28T22:02:56Z
  target_type : armor_red_3
  model_name : armor_red_3
  pose : 
       - position : [-0.00164089 , 2.98894 , 1.05908]
       - orientation : [0.594398 , 0.803963 , 0.016943 , -0.00685787]
  RingCirclePositionError : 0
  position_error : 0.273931
  orientation_error : 1.86856
  found_in_gazebo : 1

 ErrorResults 
  stamp : 2025-11-28T22:02:56Z
  target_type : armor_red_3
  model_name : armor_red_3
  pose : 
       - position : [-0.00164089 , 2.98894 , 1.05908]
       - orientation : [0.594398 , 0.803963 , 0.016943 , -0.00685787]
  RingCirclePositionError : 0
  position_error : 0.273931
  orientation_error : 1.86856
  found_in_gazebo : 1

 ErrorResults 
  stamp : 2025-11-28T22:02:56Z
  target_type : armor_red_3
  model_name : armor_red_3
  pose : 
       - position : [-0.00159955 , 2.98864 , 1.05898]
       - orientation : [0.594312 , 0.804027 , 0.0169228 , -0.00684365]
  RingCirclePositionError : 0
  position_error : 0.27373
  orientation_error : 1.86877
  found_in_gazebo : 1

 ErrorResults 
  stamp : 2025-11-28T22:02:56Z
  target_type : armor_red_3
  model_name : armor_red_3
  pose : 
       - position : [-0.00159955 , 2.98864 , 1.05898]
       - orientation : [0.594312 , 0.804027 , 0.0169228 , -0.00684365]
  RingCirclePositionError : 0
  position_error : 0.27373
  orientation_error : 1.86877
  found_in_gazebo : 1

 ErrorResults 
  stamp : 2025-11-28T22:02:56Z
  target_type : armor_red_3
  model_name : armor_red_3
  pose : 
       - position : [-0.00159955 , 2.98864 , 1.05898]
       - orientation : [0.594312 , 0.804027 , 0.0169228 , -0.00684365]
  RingCirclePositionError : 0
  position_error : 0.27373
  orientation_error : 1.86877
  found_in_gazebo : 1

 ErrorResults 
  stamp : 2025-11-28T22:02:56Z
  target_type : armor_red_3
  model_name : armor_red_3
  pose : 
       - position : [-0.00159955 , 2.98864 , 1.05898]
       - orientation : [0.594312 , 0.804027 , 0.0169228 , -0.00684365]
  RingCirclePositionError : 0
  position_error : 0.27373
  orientation_error : 1.86877
  found_in_gazebo : 1

 ErrorResults 
  stamp : 2025-11-28T22:02:56Z
  target_type : armor_red_3
  model_name : armor_red_3
  pose : 
       - position : [-0.00159955 , 2.98864 , 1.05898]
       - orientation : [0.594312 , 0.804027 , 0.0169228 , -0.00684365]
  RingCirclePositionError : 0
  position_error : 0.27373
  orientation_error : 1.86877
  found_in_gazebo : 1

 ErrorResults 
  stamp : 2025-11-28T22:02:56Z
  target_type : armor_red_3
  model_name : armor_red_3
  pose : 
       - position : [-0.00159955 , 2.98864 , 1.05898]
       - orientation : [0.594312 , 0.804027 , 0.0169228 , -0.00684365]
  RingCirclePositionError : 0
  position_error : 0.27373
  orientation_error : 1.86877
  found_in_gazebo : 1

 ErrorResults 
  stamp : 2025-11-28T22:02:56Z
  target_type : armor_red_3
  model_name : armor_red_3
  pose : 
       - position : [-0.00159955 , 2.98864 , 1.05898]
       - orientation : [0.594312 , 0.804027 , 0.0169228 , -0.00684365]
  RingCirclePositionError : 0
  position_error : 0.27373
  orientation_error : 1.86877
  found_in_gazebo : 1

 ErrorResults 
  stamp : 2025-11-28T22:02:56Z
  target_type : armor_red_3
  model_name : armor_red_3
  pose : 
       - position : [-0.00159955 , 2.98864 , 1.05898]
       - orientation : [0.594312 , 0.804027 , 0.0169228 , -0.00684365]
  RingCirclePositionError : 0
  position_error : 0.27373
  orientation_error : 1.86877
  found_in_gazebo : 1

 ErrorResults 
  stamp : 2025-11-28T22:02:56Z
  target_type : armor_red_3
  model_name : armor_red_3
  pose : 
       - position : [-0.00159955 , 2.98864 , 1.05898]
       - orientation : [0.594312 , 0.804027 , 0.0169228 , -0.00684365]
  RingCirclePositionError : 0
  position_error : 0.27373
  orientation_error : 1.86877
  found_in_gazebo : 1

 ErrorResults 
  stamp : 2025-11-28T22:02:56Z
  target_type : armor_red_3
  model_name : armor_red_3
  pose : 
       - position : [-0.00159955 , 2.98864 , 1.05898]
       - orientation : [0.594312 , 0.804027 , 0.0169228 , -0.00684365]
  RingCirclePositionError : 0
  position_error : 0.27373
  orientation_error : 1.86877
  found_in_gazebo : 1

 ErrorResults 
  stamp : 2025-11-28T22:02:56Z
  target_type : armor_red_3
  model_name : armor_red_3
  pose : 
       - position : [-0.00159955 , 2.98864 , 1.05898]
       - orientation : [0.594312 , 0.804027 , 0.0169228 , -0.00684365]
  RingCirclePositionError : 0
  position_error : 0.27373
  orientation_error : 1.86877
  found_in_gazebo : 1

 ErrorResults 
  stamp : 2025-11-28T22:02:56Z
  target_type : armor_red_3
  model_name : armor_red_3
  pose : 
       - position : [-0.00159955 , 2.98864 , 1.05898]
       - orientation : [0.594312 , 0.804027 , 0.0169228 , -0.00684365]
  RingCirclePositionError : 0
  position_error : 0.27373
  orientation_error : 1.86877
  found_in_gazebo : 1

 ErrorResults 
  stamp : 2025-11-28T22:02:56Z
  target_type : armor_red_3
  model_name : armor_red_3
  pose : 
       - position : [-0.00159955 , 2.98864 , 1.05898]
       - orientation : [0.594312 , 0.804027 , 0.0169228 , -0.00684365]
  RingCirclePositionError : 0
  position_error : 0.27373
  orientation_error : 1.86877
  found_in_gazebo : 1

 ErrorResults 
  stamp : 2025-11-28T22:02:56Z
  target_type : armor_red_3
  model_name : armor_red_3
  pose : 
       - position : [-0.00159955 , 2.98864 , 1.05898]
       - orientation : [0.594312 , 0.804027 , 0.0169228 , -0.00684365]
  RingCirclePositionError : 0
  position_error : 0.27373
  orientation_error : 1.86877
  found_in_gazebo : 1

 ErrorResults 
  stamp : 2025-11-28T22:02:56Z
  target_type : armor_red_3
  model_name : armor_red_3
  pose : 
       - position : [-0.00159955 , 2.98864 , 1.05898]
       - orientation : [0.594312 , 0.804027 , 0.0169228 , -0.00684365]
  RingCirclePositionError : 0
  position_error : 0.27373
  orientation_error : 1.86877
  found_in_gazebo : 1

 ErrorResults 
  stamp : 2025-11-28T22:02:56Z
  target_type : armor_red_3
  model_name : armor_red_3
  pose : 
       - position : [-0.00159955 , 2.98864 , 1.05898]
       - orientation : [0.594312 , 0.804027 , 0.0169228 , -0.00684365]
  RingCirclePositionError : 0
  position_error : 0.27373
  orientation_error : 1.86877
  found_in_gazebo : 1

 ErrorResults 
  stamp : 2025-11-28T22:02:56Z
  target_type : armor_red_3
  model_name : armor_red_3
  pose : 
       - position : [-0.00159955 , 2.98864 , 1.05898]
       - orientation : [0.594312 , 0.804027 , 0.0169228 , -0.00684365]
  RingCirclePositionError : 0
  position_error : 0.27373
  orientation_error : 1.86877
  found_in_gazebo : 1

 ErrorResults 
  stamp : 2025-11-28T22:02:56Z
  target_type : armor_red_3
  model_name : armor_red_3
  pose : 
       - position : [-0.00159955 , 2.98864 , 1.05898]
       - orientation : [0.594312 , 0.804027 , 0.0169228 , -0.00684365]
  RingCirclePositionError : 0
  position_error : 0.27373
  orientation_error : 1.86877
  found_in_gazebo : 1

 ErrorResults 
  stamp : 2025-11-28T22:02:56Z
  target_type : armor_red_3
  model_name : armor_red_3
  pose : 
       - position : [-0.00159955 , 2.98864 , 1.05898]
       - orientation : [0.594312 , 0.804027 , 0.0169228 , -0.00684365]
  RingCirclePositionError : 0
  position_error : 0.27373
  orientation_error : 1.86877
  found_in_gazebo : 1

 ErrorResults 
  stamp : 2025-11-28T22:02:56Z
  target_type : armor_red_3
  model_name : armor_red_3
  pose : 
       - position : [-0.00159955 , 2.98864 , 1.05898]
       - orientation : [0.594312 , 0.804027 , 0.0169228 , -0.00684365]
  RingCirclePositionError : 0
  position_error : 0.27373
  orientation_error : 1.86877
  found_in_gazebo : 1

 ErrorResults 
  stamp : 2025-11-28T22:02:56Z
  target_type : armor_red_3
  model_name : armor_red_3
  pose : 
       - position : [-0.00159955 , 2.98864 , 1.05898]
       - orientation : [0.594312 , 0.804027 , 0.0169228 , -0.00684365]
  RingCirclePositionError : 0
  position_error : 0.27373
  orientation_error : 1.86877
  found_in_gazebo : 1

 ErrorResults 
  stamp : 2025-11-28T22:02:56Z
  target_type : armor_red_3
  model_name : armor_red_3
  pose : 
       - position : [-0.00159955 , 2.98864 , 1.05898]
       - orientation : [0.594312 , 0.804027 , 0.0169228 , -0.00684365]
  RingCirclePositionError : 0
  position_error : 0.27373
  orientation_error : 1.86877
  found_in_gazebo : 1

 ErrorResults 
  stamp : 2025-11-28T22:02:56Z
  target_type : armor_red_3
  model_name : armor_red_3
  pose : 
       - position : [-0.00159955 , 2.98864 , 1.05898]
       - orientation : [0.594312 , 0.804027 , 0.0169228 , -0.00684365]
  RingCirclePositionError : 0
  position_error : 0.27373
  orientation_error : 1.86877
  found_in_gazebo : 1

 ErrorResults 
  stamp : 2025-11-28T22:02:56Z
  target_type : armor_red_3
  model_name : armor_red_3
  pose : 
       - position : [-0.00159955 , 2.98864 , 1.05898]
       - orientation : [0.594312 , 0.804027 , 0.0169228 , -0.00684365]
  RingCirclePositionError : 0
  position_error : 0.27373
  orientation_error : 1.86877
  found_in_gazebo : 1

 ErrorResults 
  stamp : 2025-11-28T22:02:56Z
  target_type : armor_red_3
  model_name : armor_red_3
  pose : 
       - position : [-0.00159955 , 2.98864 , 1.05898]
       - orientation : [0.594312 , 0.804027 , 0.0169228 , -0.00684365]
  RingCirclePositionError : 0
  position_error : 0.27373
  orientation_error : 1.86877
  found_in_gazebo : 1

 ErrorResults 
  stamp : 2025-11-28T22:02:56Z
  target_type : armor_red_3
  model_name : armor_red_3
  pose : 
       - position : [-0.00159955 , 2.98864 , 1.05898]
       - orientation : [0.594312 , 0.804027 , 0.0169228 , -0.00684365]
  RingCirclePositionError : 0
  position_error : 0.27373
  orientation_error : 1.86877
  found_in_gazebo : 1

 ErrorResults 
  stamp : 2025-11-28T22:02:56Z
  target_type : armor_red_3
  model_name : armor_red_3
  pose : 
       - position : [-0.00159955 , 2.98864 , 1.05898]
       - orientation : [0.594312 , 0.804027 , 0.0169228 , -0.00684365]
  RingCirclePositionError : 0
  position_error : 0.27373
  orientation_error : 1.86877
  found_in_gazebo : 1

 ErrorResults 
  stamp : 2025-11-28T22:02:56Z
  target_type : armor_red_3
  model_name : armor_red_3
  pose : 
       - position : [-0.00159955 , 2.98864 , 1.05898]
       - orientation : [0.594312 , 0.804027 , 0.0169228 , -0.00684365]
  RingCirclePositionError : 0
  position_error : 0.27373
  orientation_error : 1.86877
  found_in_gazebo : 1

 ErrorResults 
  stamp : 2025-11-28T22:02:56Z
  target_type : armor_red_3
  model_name : armor_red_3
  pose : 
       - position : [-0.00159955 , 2.98864 , 1.05898]
       - orientation : [0.594312 , 0.804027 , 0.0169228 , -0.00684365]
  RingCirclePositionError : 0
  position_error : 0.27373
  orientation_error : 1.86877
  found_in_gazebo : 1

 ErrorResults 
  stamp : 2025-11-28T22:02:56Z
  target_type : armor_red_3
  model_name : armor_red_3
  pose : 
       - position : [-0.00159955 , 2.98864 , 1.05898]
       - orientation : [0.594312 , 0.804027 , 0.0169228 , -0.00684365]
  RingCirclePositionError : 0
  position_error : 0.27373
  orientation_error : 1.86877
  found_in_gazebo : 1

 ErrorResults 
  stamp : 2025-11-28T22:02:56Z
  target_type : armor_red_3
  model_name : armor_red_3
  pose : 
       - position : [-0.00159955 , 2.98864 , 1.05898]
       - orientation : [0.594312 , 0.804027 , 0.0169228 , -0.00684365]
  RingCirclePositionError : 0
  position_error : 0.27373
  orientation_error : 1.86877
  found_in_gazebo : 1

 ErrorResults 
  stamp : 2025-11-28T22:02:56Z
  target_type : armor_red_3
  model_name : armor_red_3
  pose : 
       - position : [-0.00159955 , 2.98864 , 1.05898]
       - orientation : [0.594312 , 0.804027 , 0.0169228 , -0.00684365]
  RingCirclePositionError : 0
  position_error : 0.27373
  orientation_error : 1.86877
  found_in_gazebo : 1

 ErrorResults 
  stamp : 2025-11-28T22:02:56Z
  target_type : armor_red_3
  model_name : armor_red_3
  pose : 
       - position : [-0.00159955 , 2.98864 , 1.05898]
       - orientation : [0.594312 , 0.804027 , 0.0169228 , -0.00684365]
  RingCirclePositionError : 0
  position_error : 0.27373
  orientation_error : 1.86877
  found_in_gazebo : 1

 ErrorResults 
  stamp : 2025-11-28T22:02:56Z
  target_type : armor_red_3
  model_name : armor_red_3
  pose : 
       - position : [-0.00159955 , 2.98864 , 1.05898]
       - orientation : [0.594312 , 0.804027 , 0.0169228 , -0.00684365]
  RingCirclePositionError : 0
  position_error : 0.27373
  orientation_error : 1.86877
  found_in_gazebo : 1

 ErrorResults 
  stamp : 2025-11-28T22:02:56Z
  target_type : armor_red_3
  model_name : armor_red_3
  pose : 
       - position : [-0.00159955 , 2.98864 , 1.05898]
       - orientation : [0.594312 , 0.804027 , 0.0169228 , -0.00684365]
  RingCirclePositionError : 0
  position_error : 0.27373
  orientation_error : 1.86877
  found_in_gazebo : 1

 ErrorResults 
  stamp : 2025-11-28T22:02:56Z
  target_type : armor_red_3
  model_name : armor_red_3
  pose : 
       - position : [-0.00159955 , 2.98864 , 1.05898]
       - orientation : [0.594312 , 0.804027 , 0.0169228 , -0.00684365]
  RingCirclePositionError : 0
  position_error : 0.27373
  orientation_error : 1.86877
  found_in_gazebo : 1

 ErrorResults 
  stamp : 2025-11-28T22:02:56Z
  target_type : armor_red_3
  model_name : armor_red_3
  pose : 
       - position : [-0.00159955 , 2.98864 , 1.05898]
       - orientation : [0.594312 , 0.804027 , 0.0169228 , -0.00684365]
  RingCirclePositionError : 0
  position_error : 0.27373
  orientation_error : 1.86877
  found_in_gazebo : 1

 ErrorResults 
  stamp : 2025-11-28T22:02:56Z
  target_type : armor_red_3
  model_name : armor_red_3
  pose : 
       - position : [-0.00148642 , 2.98834 , 1.05886]
       - orientation : [0.594646 , 0.803799 , 0.0162087 , -0.00637138]
  RingCirclePositionError : 0
  position_error : 0.273522
  orientation_error : 1.86794
  found_in_gazebo : 1

 ErrorResults 
  stamp : 2025-11-28T22:02:56Z
  target_type : armor_red_3
  model_name : armor_red_3
  pose : 
       - position : [-0.00148642 , 2.98834 , 1.05886]
       - orientation : [0.594646 , 0.803799 , 0.0162087 , -0.00637138]
  RingCirclePositionError : 0
  position_error : 0.273522
  orientation_error : 1.86794
  found_in_gazebo : 1

 ErrorResults 
  stamp : 2025-11-28T22:02:56Z
  target_type : armor_red_3
  model_name : armor_red_3
  pose : 
       - position : [-0.00148642 , 2.98834 , 1.05886]
       - orientation : [0.594646 , 0.803799 , 0.0162087 , -0.00637138]
  RingCirclePositionError : 0
  position_error : 0.273522
  orientation_error : 1.86794
  found_in_gazebo : 1

 ErrorResults 
  stamp : 2025-11-28T22:02:57Z
  target_type : armor_red_3
  model_name : armor_red_3
  pose : 
       - position : [-0.00148642 , 2.98834 , 1.05886]
       - orientation : [0.594646 , 0.803799 , 0.0162087 , -0.00637138]
  RingCirclePositionError : 0
  position_error : 0.273522
  orientation_error : 1.86794
  found_in_gazebo : 1

 ErrorResults 
  stamp : 2025-11-28T22:02:57Z
  target_type : armor_red_3
  model_name : armor_red_3
  pose : 
       - position : [-0.00148642 , 2.98834 , 1.05886]
       - orientation : [0.594646 , 0.803799 , 0.0162087 , -0.00637138]
  RingCirclePositionError : 0
  position_error : 0.273522
  orientation_error : 1.86794
  found_in_gazebo : 1

 ErrorResults 
  stamp : 2025-11-28T22:02:57Z
  target_type : armor_red_3
  model_name : armor_red_3
  pose : 
       - position : [-0.00148642 , 2.98834 , 1.05886]
       - orientation : [0.594646 , 0.803799 , 0.0162087 , -0.00637138]
  RingCirclePositionError : 0
  position_error : 0.273522
  orientation_error : 1.86794
  found_in_gazebo : 1

 ErrorResults 
  stamp : 2025-11-28T22:02:57Z
  target_type : armor_red_3
  model_name : armor_red_3
  pose : 
       - position : [-0.00148642 , 2.98834 , 1.05886]
       - orientation : [0.594646 , 0.803799 , 0.0162087 , -0.00637138]
  RingCirclePositionError : 0
  position_error : 0.273522
  orientation_error : 1.86794
  found_in_gazebo : 1

 ErrorResults 
  stamp : 2025-11-28T22:02:57Z
  target_type : armor_red_3
  model_name : armor_red_3
  pose : 
       - position : [-0.00148642 , 2.98834 , 1.05886]
       - orientation : [0.594646 , 0.803799 , 0.0162087 , -0.00637138]
  RingCirclePositionError : 0
  position_error : 0.273522
  orientation_error : 1.86794
  found_in_gazebo : 1

 ErrorResults 
  stamp : 2025-11-28T22:02:57Z
  target_type : armor_red_3
  model_name : armor_red_3
  pose : 
       - position : [-0.00148642 , 2.98834 , 1.05886]
       - orientation : [0.594646 , 0.803799 , 0.0162087 , -0.00637138]
  RingCirclePositionError : 0
  position_error : 0.273522
  orientation_error : 1.86794
  found_in_gazebo : 1

 ErrorResults 
  stamp : 2025-11-28T22:02:57Z
  target_type : armor_red_3
  model_name : armor_red_3
  pose : 
       - position : [-0.00148642 , 2.98834 , 1.05886]
       - orientation : [0.594646 , 0.803799 , 0.0162087 , -0.00637138]
  RingCirclePositionError : 0
  position_error : 0.273522
  orientation_error : 1.86794
  found_in_gazebo : 1

 ErrorResults 
  stamp : 2025-11-28T22:02:57Z
  target_type : armor_red_3
  model_name : armor_red_3
  pose : 
       - position : [-0.00148642 , 2.98834 , 1.05886]
       - orientation : [0.594646 , 0.803799 , 0.0162087 , -0.00637138]
  RingCirclePositionError : 0
  position_error : 0.273522
  orientation_error : 1.86794
  found_in_gazebo : 1

 ErrorResults 
  stamp : 2025-11-28T22:02:57Z
  target_type : armor_red_3
  model_name : armor_red_3
  pose : 
       - position : [-0.00148642 , 2.98834 , 1.05886]
       - orientation : [0.594646 , 0.803799 , 0.0162087 , -0.00637138]
  RingCirclePositionError : 0
  position_error : 0.273522
  orientation_error : 1.86794
  found_in_gazebo : 1

 ErrorResults 
  stamp : 2025-11-28T22:02:57Z
  target_type : armor_red_3
  model_name : armor_red_3
  pose : 
       - position : [-0.00148642 , 2.98834 , 1.05886]
       - orientation : [0.594646 , 0.803799 , 0.0162087 , -0.00637138]
  RingCirclePositionError : 0
  position_error : 0.273522
  orientation_error : 1.86794
  found_in_gazebo : 1

 ErrorResults 
  stamp : 2025-11-28T22:02:57Z
  target_type : armor_red_3
  model_name : armor_red_3
  pose : 
       - position : [-0.00148642 , 2.98834 , 1.05886]
       - orientation : [0.594646 , 0.803799 , 0.0162087 , -0.00637138]
  RingCirclePositionError : 0
  position_error : 0.273522
  orientation_error : 1.86794
  found_in_gazebo : 1

 ErrorResults 
  stamp : 2025-11-28T22:02:57Z
  target_type : armor_red_3
  model_name : armor_red_3
  pose : 
       - position : [-0.00148642 , 2.98834 , 1.05886]
       - orientation : [0.594646 , 0.803799 , 0.0162087 , -0.00637138]
  RingCirclePositionError : 0
  position_error : 0.273522
  orientation_error : 1.86794
  found_in_gazebo : 1

 ErrorResults 
  stamp : 2025-11-28T22:02:57Z
  target_type : armor_red_3
  model_name : armor_red_3
  pose : 
       - position : [-0.00148642 , 2.98834 , 1.05886]
       - orientation : [0.594646 , 0.803799 , 0.0162087 , -0.00637138]
  RingCirclePositionError : 0
  position_error : 0.273522
  orientation_error : 1.86794
  found_in_gazebo : 1

 ErrorResults 
  stamp : 2025-11-28T22:02:57Z
  target_type : armor_red_3
  model_name : armor_red_3
  pose : 
       - position : [-0.00148642 , 2.98834 , 1.05886]
       - orientation : [0.594646 , 0.803799 , 0.0162087 , -0.00637138]
  RingCirclePositionError : 0
  position_error : 0.273522
  orientation_error : 1.86794
  found_in_gazebo : 1

 ErrorResults 
  stamp : 2025-11-28T22:02:57Z
  target_type : armor_red_3
  model_name : armor_red_3
  pose : 
       - position : [-0.00148642 , 2.98834 , 1.05886]
       - orientation : [0.594646 , 0.803799 , 0.0162087 , -0.00637138]
  RingCirclePositionError : 0
  position_error : 0.273522
  orientation_error : 1.86794
  found_in_gazebo : 1

 ErrorResults 
  stamp : 2025-11-28T22:02:57Z
  target_type : armor_red_3
  model_name : armor_red_3
  pose : 
       - position : [-0.00148642 , 2.98834 , 1.05886]
       - orientation : [0.594646 , 0.803799 , 0.0162087 , -0.00637138]
  RingCirclePositionError : 0
  position_error : 0.273522
  orientation_error : 1.86794
  found_in_gazebo : 1

 ErrorResults 
  stamp : 2025-11-28T22:02:57Z
  target_type : armor_red_3
  model_name : armor_red_3
  pose : 
       - position : [-0.00148642 , 2.98834 , 1.05886]
       - orientation : [0.594646 , 0.803799 , 0.0162087 , -0.00637138]
  RingCirclePositionError : 0
  position_error : 0.273522
  orientation_error : 1.86794
  found_in_gazebo : 1

 ErrorResults 
  stamp : 2025-11-28T22:02:57Z
  target_type : armor_red_3
  model_name : armor_red_3
  pose : 
       - position : [-0.00148642 , 2.98834 , 1.05886]
       - orientation : [0.594646 , 0.803799 , 0.0162087 , -0.00637138]
  RingCirclePositionError : 0
  position_error : 0.273522
  orientation_error : 1.86794
  found_in_gazebo : 1

 ErrorResults 
  stamp : 2025-11-28T22:02:57Z
  target_type : armor_red_3
  model_name : armor_red_3
  pose : 
       - position : [-0.00148642 , 2.98834 , 1.05886]
       - orientation : [0.594646 , 0.803799 , 0.0162087 , -0.00637138]
  RingCirclePositionError : 0
  position_error : 0.273522
  orientation_error : 1.86794
  found_in_gazebo : 1

 ErrorResults 
  stamp : 2025-11-28T22:02:57Z
  target_type : armor_red_3
  model_name : armor_red_3
  pose : 
       - position : [-0.00148642 , 2.98834 , 1.05886]
       - orientation : [0.594646 , 0.803799 , 0.0162087 , -0.00637138]
  RingCirclePositionError : 0
  position_error : 0.273522
  orientation_error : 1.86794
  found_in_gazebo : 1

 ErrorResults 
  stamp : 2025-11-28T22:02:57Z
  target_type : armor_red_3
  model_name : armor_red_3
  pose : 
       - position : [-0.00148642 , 2.98834 , 1.05886]
       - orientation : [0.594646 , 0.803799 , 0.0162087 , -0.00637138]
  RingCirclePositionError : 0
  position_error : 0.273522
  orientation_error : 1.86794
  found_in_gazebo : 1

 ErrorResults 
  stamp : 2025-11-28T22:02:57Z
  target_type : armor_red_3
  model_name : armor_red_3
  pose : 
       - position : [-0.00148642 , 2.98834 , 1.05886]
       - orientation : [0.594646 , 0.803799 , 0.0162087 , -0.00637138]
  RingCirclePositionError : 0
  position_error : 0.273522
  orientation_error : 1.86794
  found_in_gazebo : 1

 ErrorResults 
  stamp : 2025-11-28T22:02:57Z
  target_type : armor_red_3
  model_name : armor_red_3
  pose : 
       - position : [-0.00148642 , 2.98834 , 1.05886]
       - orientation : [0.594646 , 0.803799 , 0.0162087 , -0.00637138]
  RingCirclePositionError : 0
  position_error : 0.273522
  orientation_error : 1.86794
  found_in_gazebo : 1

 ErrorResults 
  stamp : 2025-11-28T22:02:57Z
  target_type : armor_red_3
  model_name : armor_red_3
  pose : 
       - position : [-0.00148642 , 2.98834 , 1.05886]
       - orientation : [0.594646 , 0.803799 , 0.0162087 , -0.00637138]
  RingCirclePositionError : 0
  position_error : 0.273522
  orientation_error : 1.86794
  found_in_gazebo : 1

 ErrorResults 
  stamp : 2025-11-28T22:02:57Z
  target_type : armor_red_3
  model_name : armor_red_3
  pose : 
       - position : [-0.00148642 , 2.98834 , 1.05886]
       - orientation : [0.594646 , 0.803799 , 0.0162087 , -0.00637138]
  RingCirclePositionError : 0
  position_error : 0.273522
  orientation_error : 1.86794
  found_in_gazebo : 1

 ErrorResults 
  stamp : 2025-11-28T22:02:57Z
  target_type : armor_red_3
  model_name : armor_red_3
  pose : 
       - position : [-0.00148642 , 2.98834 , 1.05886]
       - orientation : [0.594646 , 0.803799 , 0.0162087 , -0.00637138]
  RingCirclePositionError : 0
  position_error : 0.273522
  orientation_error : 1.86794
  found_in_gazebo : 1

 ErrorResults 
  stamp : 2025-11-28T22:02:57Z
  target_type : armor_red_3
  model_name : armor_red_3
  pose : 
       - position : [-0.00148642 , 2.98834 , 1.05886]
       - orientation : [0.594646 , 0.803799 , 0.0162087 , -0.00637138]
  RingCirclePositionError : 0
  position_error : 0.273522
  orientation_error : 1.86794
  found_in_gazebo : 1

 ErrorResults 
  stamp : 2025-11-28T22:02:57Z
  target_type : armor_red_3
  model_name : armor_red_3
  pose : 
       - position : [-0.00148642 , 2.98834 , 1.05886]
       - orientation : [0.594646 , 0.803799 , 0.0162087 , -0.00637138]
  RingCirclePositionError : 0
  position_error : 0.273522
  orientation_error : 1.86794
  found_in_gazebo : 1

 ErrorResults 
  stamp : 2025-11-28T22:02:57Z
  target_type : armor_red_3
  model_name : armor_red_3
  pose : 
       - position : [-0.00148642 , 2.98834 , 1.05886]
       - orientation : [0.594646 , 0.803799 , 0.0162087 , -0.00637138]
  RingCirclePositionError : 0
  position_error : 0.273522
  orientation_error : 1.86794
  found_in_gazebo : 1

 ErrorResults 
  stamp : 2025-11-28T22:02:57Z
  target_type : armor_red_3
  model_name : armor_red_3
  pose : 
       - position : [-0.00148642 , 2.98834 , 1.05886]
       - orientation : [0.594646 , 0.803799 , 0.0162087 , -0.00637138]
  RingCirclePositionError : 0
  position_error : 0.273522
  orientation_error : 1.86794
  found_in_gazebo : 1

 ErrorResults 
  stamp : 2025-11-28T22:02:57Z
  target_type : armor_red_3
  model_name : armor_red_3
  pose : 
       - position : [-0.00148642 , 2.98834 , 1.05886]
       - orientation : [0.594646 , 0.803799 , 0.0162087 , -0.00637138]
  RingCirclePositionError : 0
  position_error : 0.273522
  orientation_error : 1.86794
  found_in_gazebo : 1

 ErrorResults 
  stamp : 2025-11-28T22:02:57Z
  target_type : armor_red_3
  model_name : armor_red_3
  pose : 
       - position : [-0.00148642 , 2.98834 , 1.05886]
       - orientation : [0.594646 , 0.803799 , 0.0162087 , -0.00637138]
  RingCirclePositionError : 0
  position_error : 0.273522
  orientation_error : 1.86794
  found_in_gazebo : 1

 ErrorResults 
  stamp : 2025-11-28T22:02:57Z
  target_type : armor_red_3
  model_name : armor_red_3
  pose : 
       - position : [-0.00148642 , 2.98834 , 1.05886]
       - orientation : [0.594646 , 0.803799 , 0.0162087 , -0.00637138]
  RingCirclePositionError : 0
  position_error : 0.273522
  orientation_error : 1.86794
  found_in_gazebo : 1

 ErrorResults 
  stamp : 2025-11-28T22:02:57Z
  target_type : armor_red_3
  model_name : armor_red_3
  pose : 
       - position : [-0.00148642 , 2.98834 , 1.05886]
       - orientation : [0.594646 , 0.803799 , 0.0162087 , -0.00637138]
  RingCirclePositionError : 0
  position_error : 0.273522
  orientation_error : 1.86794
  found_in_gazebo : 1

 ErrorResults 
  stamp : 2025-11-28T22:02:57Z
  target_type : armor_red_3
  model_name : armor_red_3
  pose : 
       - position : [-0.00148642 , 2.98834 , 1.05886]
       - orientation : [0.594646 , 0.803799 , 0.0162087 , -0.00637138]
  RingCirclePositionError : 0
  position_error : 0.273522
  orientation_error : 1.86794
  found_in_gazebo : 1

 ErrorResults 
  stamp : 2025-11-28T22:02:57Z
  target_type : armor_red_3
  model_name : armor_red_3
  pose : 
       - position : [-0.00148642 , 2.98834 , 1.05886]
       - orientation : [0.594646 , 0.803799 , 0.0162087 , -0.00637138]
  RingCirclePositionError : 0
  position_error : 0.273522
  orientation_error : 1.86794
  found_in_gazebo : 1

 ErrorResults 
  stamp : 2025-11-28T22:02:57Z
  target_type : armor_red_3
  model_name : armor_red_3
  pose : 
       - position : [-0.00148642 , 2.98834 , 1.05886]
       - orientation : [0.594646 , 0.803799 , 0.0162087 , -0.00637138]
  RingCirclePositionError : 0
  position_error : 0.273522
  orientation_error : 1.86794
  found_in_gazebo : 1

 ErrorResults 
  stamp : 2025-11-28T22:02:57Z
  target_type : armor_red_3
  model_name : armor_red_3
  pose : 
       - position : [-0.00148642 , 2.98834 , 1.05886]
       - orientation : [0.594646 , 0.803799 , 0.0162087 , -0.00637138]
  RingCirclePositionError : 0
  position_error : 0.273522
  orientation_error : 1.86794
  found_in_gazebo : 1

 ErrorResults 
  stamp : 2025-11-28T22:02:57Z
  target_type : armor_red_3
  model_name : armor_red_3
  pose : 
       - position : [-0.0014465 , 2.98804 , 1.05875]
       - orientation : [0.594604 , 0.803831 , 0.0161919 , -0.00635929]
  RingCirclePositionError : 0
  position_error : 0.273326
  orientation_error : 1.86805
  found_in_gazebo : 1

 ErrorResults 
  stamp : 2025-11-28T22:02:57Z
  target_type : armor_red_3
  model_name : armor_red_3
  pose : 
       - position : [-0.0014465 , 2.98804 , 1.05875]
       - orientation : [0.594604 , 0.803831 , 0.0161919 , -0.00635929]
  RingCirclePositionError : 0
  position_error : 0.273326
  orientation_error : 1.86805
  found_in_gazebo : 1

 ErrorResults 
  stamp : 2025-11-28T22:02:57Z
  target_type : armor_red_3
  model_name : armor_red_3
  pose : 
       - position : [-0.0014465 , 2.98804 , 1.05875]
       - orientation : [0.594604 , 0.803831 , 0.0161919 , -0.00635929]
  RingCirclePositionError : 0
  position_error : 0.273326
  orientation_error : 1.86805
  found_in_gazebo : 1

 ErrorResults 
  stamp : 2025-11-28T22:02:57Z
  target_type : armor_red_3
  model_name : armor_red_3
  pose : 
       - position : [-0.0014465 , 2.98804 , 1.05875]
       - orientation : [0.594604 , 0.803831 , 0.0161919 , -0.00635929]
  RingCirclePositionError : 0
  position_error : 0.273326
  orientation_error : 1.86805
  found_in_gazebo : 1

 ErrorResults 
  stamp : 2025-11-28T22:02:57Z
  target_type : armor_red_3
  model_name : armor_red_3
  pose : 
       - position : [-0.0014465 , 2.98804 , 1.05875]
       - orientation : [0.594604 , 0.803831 , 0.0161919 , -0.00635929]
  RingCirclePositionError : 0
  position_error : 0.273326
  orientation_error : 1.86805
  found_in_gazebo : 1

 ErrorResults 
  stamp : 2025-11-28T22:02:57Z
  target_type : armor_red_3
  model_name : armor_red_3
  pose : 
       - position : [-0.00137953 , 2.98804 , 1.05875]
       - orientation : [0.594668 , 0.8038 , 0.0155336 , -0.00592807]
  RingCirclePositionError : 0
  position_error : 0.273322
  orientation_error : 1.86789
  found_in_gazebo : 1

 ErrorResults 
  stamp : 2025-11-28T22:02:57Z
  target_type : armor_red_3
  model_name : armor_red_3
  pose : 
       - position : [-0.00137953 , 2.98804 , 1.05875]
       - orientation : [0.594668 , 0.8038 , 0.0155336 , -0.00592807]
  RingCirclePositionError : 0
  position_error : 0.273322
  orientation_error : 1.86789
  found_in_gazebo : 1

 ErrorResults 
  stamp : 2025-11-28T22:02:57Z
  target_type : armor_red_3
  model_name : armor_red_3
  pose : 
       - position : [-0.00137953 , 2.98804 , 1.05875]
       - orientation : [0.594668 , 0.8038 , 0.0155336 , -0.00592807]
  RingCirclePositionError : 0
  position_error : 0.273322
  orientation_error : 1.86789
  found_in_gazebo : 1

 ErrorResults 
  stamp : 2025-11-28T22:02:57Z
  target_type : armor_red_3
  model_name : armor_red_3
  pose : 
       - position : [-0.00137953 , 2.98804 , 1.05875]
       - orientation : [0.594668 , 0.8038 , 0.0155336 , -0.00592807]
  RingCirclePositionError : 0
  position_error : 0.273322
  orientation_error : 1.86789
  found_in_gazebo : 1

 ErrorResults 
  stamp : 2025-11-28T22:02:58Z
  target_type : armor_red_3
  model_name : armor_red_3
  pose : 
       - position : [-0.00137953 , 2.98804 , 1.05875]
       - orientation : [0.594668 , 0.8038 , 0.0155336 , -0.00592807]
  RingCirclePositionError : 0
  position_error : 0.273322
  orientation_error : 1.86789
  found_in_gazebo : 1

 ErrorResults 
  stamp : 2025-11-28T22:02:58Z
  target_type : armor_red_3
  model_name : armor_red_3
  pose : 
       - position : [-0.00137953 , 2.98804 , 1.05875]
       - orientation : [0.594668 , 0.8038 , 0.0155336 , -0.00592807]
  RingCirclePositionError : 0
  position_error : 0.273322
  orientation_error : 1.86789
  found_in_gazebo : 1

 ErrorResults 
  stamp : 2025-11-28T22:02:58Z
  target_type : armor_red_3
  model_name : armor_red_3
  pose : 
       - position : [-0.00137953 , 2.98804 , 1.05875]
       - orientation : [0.594668 , 0.8038 , 0.0155336 , -0.00592807]
  RingCirclePositionError : 0
  position_error : 0.273322
  orientation_error : 1.86789
  found_in_gazebo : 1

 ErrorResults 
  stamp : 2025-11-28T22:02:58Z
  target_type : armor_red_3
  model_name : armor_red_3
  pose : 
       - position : [-0.00137953 , 2.98804 , 1.05875]
       - orientation : [0.594668 , 0.8038 , 0.0155336 , -0.00592807]
  RingCirclePositionError : 0
  position_error : 0.273322
  orientation_error : 1.86789
  found_in_gazebo : 1

 ErrorResults 
  stamp : 2025-11-28T22:02:58Z
  target_type : armor_red_3
  model_name : armor_red_3
  pose : 
       - position : [-0.00137953 , 2.98804 , 1.05875]
       - orientation : [0.594668 , 0.8038 , 0.0155336 , -0.00592807]
  RingCirclePositionError : 0
  position_error : 0.273322
  orientation_error : 1.86789
  found_in_gazebo : 1

 ErrorResults 
  stamp : 2025-11-28T22:02:58Z
  target_type : armor_red_3
  model_name : armor_red_3
  pose : 
       - position : [-0.00137953 , 2.98804 , 1.05875]
       - orientation : [0.594668 , 0.8038 , 0.0155336 , -0.00592807]
  RingCirclePositionError : 0
  position_error : 0.273322
  orientation_error : 1.86789
  found_in_gazebo : 1

 ErrorResults 
  stamp : 2025-11-28T22:02:58Z
  target_type : armor_red_3
  model_name : armor_red_3
  pose : 
       - position : [-0.00137953 , 2.98804 , 1.05875]
       - orientation : [0.594668 , 0.8038 , 0.0155336 , -0.00592807]
  RingCirclePositionError : 0
  position_error : 0.273322
  orientation_error : 1.86789
  found_in_gazebo : 1

 ErrorResults 
  stamp : 2025-11-28T22:02:58Z
  target_type : armor_red_3
  model_name : armor_red_3
  pose : 
       - position : [-0.00137953 , 2.98804 , 1.05875]
       - orientation : [0.594668 , 0.8038 , 0.0155336 , -0.00592807]
  RingCirclePositionError : 0
  position_error : 0.273322
  orientation_error : 1.86789
  found_in_gazebo : 1

 ErrorResults 
  stamp : 2025-11-28T22:02:58Z
  target_type : armor_red_3
  model_name : armor_red_3
  pose : 
       - position : [-0.00137953 , 2.98804 , 1.05875]
       - orientation : [0.594668 , 0.8038 , 0.0155336 , -0.00592807]
  RingCirclePositionError : 0
  position_error : 0.273322
  orientation_error : 1.86789
  found_in_gazebo : 1

 ErrorResults 
  stamp : 2025-11-28T22:02:58Z
  target_type : armor_red_3
  model_name : armor_red_3
  pose : 
       - position : [-0.00137953 , 2.98804 , 1.05875]
       - orientation : [0.594668 , 0.8038 , 0.0155336 , -0.00592807]
  RingCirclePositionError : 0
  position_error : 0.273322
  orientation_error : 1.86789
  found_in_gazebo : 1

 ErrorResults 
  stamp : 2025-11-28T22:02:58Z
  target_type : armor_red_3
  model_name : armor_red_3
  pose : 
       - position : [-0.00137953 , 2.98804 , 1.05875]
       - orientation : [0.594668 , 0.8038 , 0.0155336 , -0.00592807]
  RingCirclePositionError : 0
  position_error : 0.273322
  orientation_error : 1.86789
  found_in_gazebo : 1

 ErrorResults 
  stamp : 2025-11-28T22:02:58Z
  target_type : armor_red_3
  model_name : armor_red_3
  pose : 
       - position : [-0.00137953 , 2.98804 , 1.05875]
       - orientation : [0.594668 , 0.8038 , 0.0155336 , -0.00592807]
  RingCirclePositionError : 0
  position_error : 0.273322
  orientation_error : 1.86789
  found_in_gazebo : 1

 ErrorResults 
  stamp : 2025-11-28T22:02:58Z
  target_type : armor_red_3
  model_name : armor_red_3
  pose : 
       - position : [-0.00137953 , 2.98804 , 1.05875]
       - orientation : [0.594668 , 0.8038 , 0.0155336 , -0.00592807]
  RingCirclePositionError : 0
  position_error : 0.273322
  orientation_error : 1.86789
  found_in_gazebo : 1

 ErrorResults 
  stamp : 2025-11-28T22:02:58Z
  target_type : armor_red_3
  model_name : armor_red_3
  pose : 
       - position : [0.0110112 , 2.87966 , 1.01854]
       - orientation : [0.574397 , 0.805829 , -0.114731 , 0.0868626]
  RingCirclePositionError : 0
  position_error : 0.219756
  orientation_error : 1.91786
  found_in_gazebo : 1

 ErrorResults 
  stamp : 2025-11-28T22:02:58Z
  target_type : armor_red_3
  model_name : armor_red_3
  pose : 
       - position : [0.0110112 , 2.87966 , 1.01854]
       - orientation : [0.574397 , 0.805829 , -0.114731 , 0.0868626]
  RingCirclePositionError : 0
  position_error : 0.219756
  orientation_error : 1.91786
  found_in_gazebo : 1

 ErrorResults 
  stamp : 2025-11-28T22:02:58Z
  target_type : armor_red_3
  model_name : armor_red_3
  pose : 
       - position : [0.0110112 , 2.87966 , 1.01854]
       - orientation : [0.574397 , 0.805829 , -0.114731 , 0.0868626]
  RingCirclePositionError : 0
  position_error : 0.219756
  orientation_error : 1.91786
  found_in_gazebo : 1

 ErrorResults 
  stamp : 2025-11-28T22:02:58Z
  target_type : armor_red_3
  model_name : armor_red_3
  pose : 
       - position : [0.0110112 , 2.87966 , 1.01854]
       - orientation : [0.574397 , 0.805829 , -0.114731 , 0.0868626]
  RingCirclePositionError : 0
  position_error : 0.219756
  orientation_error : 1.91786
  found_in_gazebo : 1

 ErrorResults 
  stamp : 2025-11-28T22:02:58Z
  target_type : armor_red_3
  model_name : armor_red_3
  pose : 
       - position : [0.0110112 , 2.87966 , 1.01854]
       - orientation : [0.574397 , 0.805829 , -0.114731 , 0.0868626]
  RingCirclePositionError : 0
  position_error : 0.219756
  orientation_error : 1.91786
  found_in_gazebo : 1

 ErrorResults 
  stamp : 2025-11-28T22:02:58Z
  target_type : armor_red_3
  model_name : armor_red_3
  pose : 
       - position : [0.0110112 , 2.87966 , 1.01854]
       - orientation : [0.574397 , 0.805829 , -0.114731 , 0.0868626]
  RingCirclePositionError : 0
  position_error : 0.219756
  orientation_error : 1.91786
  found_in_gazebo : 1

 ErrorResults 
  stamp : 2025-11-28T22:02:58Z
  target_type : armor_red_3
  model_name : armor_red_3
  pose : 
       - position : [0.0110112 , 2.87966 , 1.01854]
       - orientation : [0.574397 , 0.805829 , -0.114731 , 0.0868626]
  RingCirclePositionError : 0
  position_error : 0.219756
  orientation_error : 1.91786
  found_in_gazebo : 1

 ErrorResults 
  stamp : 2025-11-28T22:02:58Z
  target_type : armor_red_3
  model_name : armor_red_3
  pose : 
       - position : [0.0110112 , 2.87966 , 1.01854]
       - orientation : [0.574397 , 0.805829 , -0.114731 , 0.0868626]
  RingCirclePositionError : 0
  position_error : 0.219756
  orientation_error : 1.91786
  found_in_gazebo : 1

 ErrorResults 
  stamp : 2025-11-28T22:02:58Z
  target_type : armor_red_3
  model_name : armor_red_3
  pose : 
       - position : [0.0110112 , 2.87966 , 1.01854]
       - orientation : [0.574397 , 0.805829 , -0.114731 , 0.0868626]
  RingCirclePositionError : 0
  position_error : 0.219756
  orientation_error : 1.91786
  found_in_gazebo : 1

 ErrorResults 
  stamp : 2025-11-28T22:02:58Z
  target_type : armor_red_3
  model_name : armor_red_3
  pose : 
       - position : [0.0110112 , 2.87966 , 1.01854]
       - orientation : [0.574397 , 0.805829 , -0.114731 , 0.0868626]
  RingCirclePositionError : 0
  position_error : 0.219756
  orientation_error : 1.91786
  found_in_gazebo : 1

 ErrorResults 
  stamp : 2025-11-28T22:02:58Z
  target_type : armor_red_3
  model_name : armor_red_3
  pose : 
       - position : [0.0110112 , 2.87966 , 1.01854]
       - orientation : [0.574397 , 0.805829 , -0.114731 , 0.0868626]
  RingCirclePositionError : 0
  position_error : 0.219756
  orientation_error : 1.91786
  found_in_gazebo : 1

 ErrorResults 
  stamp : 2025-11-28T22:02:58Z
  target_type : armor_red_3
  model_name : armor_red_3
  pose : 
       - position : [0.0110112 , 2.87966 , 1.01854]
       - orientation : [0.574397 , 0.805829 , -0.114731 , 0.0868626]
  RingCirclePositionError : 0
  position_error : 0.219756
  orientation_error : 1.91786
  found_in_gazebo : 1

 ErrorResults 
  stamp : 2025-11-28T22:02:58Z
  target_type : armor_red_3
  model_name : armor_red_3
  pose : 
       - position : [0.0110112 , 2.87966 , 1.01854]
       - orientation : [0.574397 , 0.805829 , -0.114731 , 0.0868626]
  RingCirclePositionError : 0
  position_error : 0.219756
  orientation_error : 1.91786
  found_in_gazebo : 1

 ErrorResults 
  stamp : 2025-11-28T22:02:58Z
  target_type : armor_red_3
  model_name : armor_red_3
  pose : 
       - position : [0.0110112 , 2.87966 , 1.01854]
       - orientation : [0.574397 , 0.805829 , -0.114731 , 0.0868626]
  RingCirclePositionError : 0
  position_error : 0.219756
  orientation_error : 1.91786
  found_in_gazebo : 1

 ErrorResults 
  stamp : 2025-11-28T22:02:58Z
  target_type : armor_red_3
  model_name : armor_red_3
  pose : 
       - position : [0.0110112 , 2.87966 , 1.01854]
       - orientation : [0.574397 , 0.805829 , -0.114731 , 0.0868626]
  RingCirclePositionError : 0
  position_error : 0.219756
  orientation_error : 1.91786
  found_in_gazebo : 1

 ErrorResults 
  stamp : 2025-11-28T22:02:58Z
  target_type : armor_red_3
  model_name : armor_red_3
  pose : 
       - position : [0.0110112 , 2.87966 , 1.01854]
       - orientation : [0.574397 , 0.805829 , -0.114731 , 0.0868626]
  RingCirclePositionError : 0
  position_error : 0.219756
  orientation_error : 1.91786
  found_in_gazebo : 1

 ErrorResults 
  stamp : 2025-11-28T22:02:58Z
  target_type : armor_red_3
  model_name : armor_red_3
  pose : 
       - position : [0.0110112 , 2.87966 , 1.01854]
       - orientation : [0.574397 , 0.805829 , -0.114731 , 0.0868626]
  RingCirclePositionError : 0
  position_error : 0.219756
  orientation_error : 1.91786
  found_in_gazebo : 1

 ErrorResults 
  stamp : 2025-11-28T22:02:58Z
  target_type : armor_red_3
  model_name : armor_red_3
  pose : 
       - position : [0.0110112 , 2.87966 , 1.01854]
       - orientation : [0.574397 , 0.805829 , -0.114731 , 0.0868626]
  RingCirclePositionError : 0
  position_error : 0.219756
  orientation_error : 1.91786
  found_in_gazebo : 1

 ErrorResults 
  stamp : 2025-11-28T22:02:58Z
  target_type : armor_red_3
  model_name : armor_red_3
  pose : 
       - position : [0.0110112 , 2.87966 , 1.01854]
       - orientation : [0.574397 , 0.805829 , -0.114731 , 0.0868626]
  RingCirclePositionError : 0
  position_error : 0.219756
  orientation_error : 1.91786
  found_in_gazebo : 1

 ErrorResults 
  stamp : 2025-11-28T22:02:58Z
  target_type : armor_red_3
  model_name : armor_red_3
  pose : 
       - position : [0.0110112 , 2.87966 , 1.01854]
       - orientation : [0.574397 , 0.805829 , -0.114731 , 0.0868626]
  RingCirclePositionError : 0
  position_error : 0.219756
  orientation_error : 1.91786
  found_in_gazebo : 1

 ErrorResults 
  stamp : 2025-11-28T22:02:58Z
  target_type : armor_red_3
  model_name : armor_red_3
  pose : 
       - position : [0.0110112 , 2.87966 , 1.01854]
       - orientation : [0.574397 , 0.805829 , -0.114731 , 0.0868626]
  RingCirclePositionError : 0
  position_error : 0.219756
  orientation_error : 1.91786
  found_in_gazebo : 1

 ErrorResults 
  stamp : 2025-11-28T22:02:58Z
  target_type : armor_red_3
  model_name : armor_red_3
  pose : 
       - position : [0.0110112 , 2.87966 , 1.01854]
       - orientation : [0.574397 , 0.805829 , -0.114731 , 0.0868626]
  RingCirclePositionError : 0
  position_error : 0.219756
  orientation_error : 1.91786
  found_in_gazebo : 1

 ErrorResults 
  stamp : 2025-11-28T22:02:58Z
  target_type : armor_red_3
  model_name : armor_red_3
  pose : 
       - position : [0.0110356 , 2.87964 , 1.01853]
       - orientation : [0.574441 , 0.805828 , -0.114592 , 0.0867613]
  RingCirclePositionError : 0
  position_error : 0.219751
  orientation_error : 1.91775
  found_in_gazebo : 1

 ErrorResults 
  stamp : 2025-11-28T22:02:58Z
  target_type : armor_red_3
  model_name : armor_red_3
  pose : 
       - position : [0.0110356 , 2.87964 , 1.01853]
       - orientation : [0.574441 , 0.805828 , -0.114592 , 0.0867613]
  RingCirclePositionError : 0
  position_error : 0.219751
  orientation_error : 1.91775
  found_in_gazebo : 1

 ErrorResults 
  stamp : 2025-11-28T22:02:58Z
  target_type : armor_red_3
  model_name : armor_red_3
  pose : 
       - position : [0.0110356 , 2.87964 , 1.01853]
       - orientation : [0.574441 , 0.805828 , -0.114592 , 0.0867613]
  RingCirclePositionError : 0
  position_error : 0.219751
  orientation_error : 1.91775
  found_in_gazebo : 1

 ErrorResults 
  stamp : 2025-11-28T22:02:58Z
  target_type : armor_red_3
  model_name : armor_red_3
  pose : 
       - position : [0.0110356 , 2.87964 , 1.01853]
       - orientation : [0.574441 , 0.805828 , -0.114592 , 0.0867613]
  RingCirclePositionError : 0
  position_error : 0.219751
  orientation_error : 1.91775
  found_in_gazebo : 1

 ErrorResults 
  stamp : 2025-11-28T22:02:58Z
  target_type : armor_red_3
  model_name : armor_red_3
  pose : 
       - position : [0.0110356 , 2.87964 , 1.01853]
       - orientation : [0.574441 , 0.805828 , -0.114592 , 0.0867613]
  RingCirclePositionError : 0
  position_error : 0.219751
  orientation_error : 1.91775
  found_in_gazebo : 1

 ErrorResults 
  stamp : 2025-11-28T22:02:58Z
  target_type : armor_red_3
  model_name : armor_red_3
  pose : 
       - position : [0.0110356 , 2.87964 , 1.01853]
       - orientation : [0.574441 , 0.805828 , -0.114592 , 0.0867613]
  RingCirclePositionError : 0
  position_error : 0.219751
  orientation_error : 1.91775
  found_in_gazebo : 1

 ErrorResults 
  stamp : 2025-11-28T22:02:58Z
  target_type : armor_red_3
  model_name : armor_red_3
  pose : 
       - position : [0.0110356 , 2.87964 , 1.01853]
       - orientation : [0.574441 , 0.805828 , -0.114592 , 0.0867613]
  RingCirclePositionError : 0
  position_error : 0.219751
  orientation_error : 1.91775
  found_in_gazebo : 1

 ErrorResults 
  stamp : 2025-11-28T22:02:58Z
  target_type : armor_red_3
  model_name : armor_red_3
  pose : 
       - position : [0.0110356 , 2.87964 , 1.01853]
       - orientation : [0.574441 , 0.805828 , -0.114592 , 0.0867613]
  RingCirclePositionError : 0
  position_error : 0.219751
  orientation_error : 1.91775
  found_in_gazebo : 1

 ErrorResults 
  stamp : 2025-11-28T22:02:58Z
  target_type : armor_red_3
  model_name : armor_red_3
  pose : 
       - position : [0.0110356 , 2.87964 , 1.01853]
       - orientation : [0.574441 , 0.805828 , -0.114592 , 0.0867613]
  RingCirclePositionError : 0
  position_error : 0.219751
  orientation_error : 1.91775
  found_in_gazebo : 1

 ErrorResults 
  stamp : 2025-11-28T22:02:58Z
  target_type : armor_red_3
  model_name : armor_red_3
  pose : 
       - position : [0.0110356 , 2.87964 , 1.01853]
       - orientation : [0.574441 , 0.805828 , -0.114592 , 0.0867613]
  RingCirclePositionError : 0
  position_error : 0.219751
  orientation_error : 1.91775
  found_in_gazebo : 1

 ErrorResults 
  stamp : 2025-11-28T22:02:58Z
  target_type : armor_red_3
  model_name : armor_red_3
  pose : 
       - position : [0.0110356 , 2.87964 , 1.01853]
       - orientation : [0.574441 , 0.805828 , -0.114592 , 0.0867613]
  RingCirclePositionError : 0
  position_error : 0.219751
  orientation_error : 1.91775
  found_in_gazebo : 1

 ErrorResults 
  stamp : 2025-11-28T22:02:59Z
  target_type : armor_red_3
  model_name : armor_red_3
  pose : 
       - position : [0.0110529 , 2.8793 , 1.01838]
       - orientation : [0.575136 , 0.805308 , -0.114745 , 0.0867805]
  RingCirclePositionError : 0
  position_error : 0.219633
  orientation_error : 1.91605
  found_in_gazebo : 1

 ErrorResults 
  stamp : 2025-11-28T22:02:59Z
  target_type : armor_red_3
  model_name : armor_red_3
  pose : 
       - position : [0.0110529 , 2.8793 , 1.01838]
       - orientation : [0.575136 , 0.805308 , -0.114745 , 0.0867805]
  RingCirclePositionError : 0
  position_error : 0.219633
  orientation_error : 1.91605
  found_in_gazebo : 1

 ErrorResults 
  stamp : 2025-11-28T22:02:59Z
  target_type : armor_red_3
  model_name : armor_red_3
  pose : 
       - position : [0.0110529 , 2.8793 , 1.01838]
       - orientation : [0.575136 , 0.805308 , -0.114745 , 0.0867805]
  RingCirclePositionError : 0
  position_error : 0.219633
  orientation_error : 1.91605
  found_in_gazebo : 1

 ErrorResults 
  stamp : 2025-11-28T22:02:59Z
  target_type : armor_red_3
  model_name : armor_red_3
  pose : 
       - position : [0.0110529 , 2.8793 , 1.01838]
       - orientation : [0.575136 , 0.805308 , -0.114745 , 0.0867805]
  RingCirclePositionError : 0
  position_error : 0.219633
  orientation_error : 1.91605
  found_in_gazebo : 1

 ErrorResults 
  stamp : 2025-11-28T22:02:59Z
  target_type : armor_red_3
  model_name : armor_red_3
  pose : 
       - position : [0.0111002 , 2.87926 , 1.01836]
       - orientation : [0.575223 , 0.805306 , -0.114475 , 0.0865831]
  RingCirclePositionError : 0
  position_error : 0.219624
  orientation_error : 1.91584
  found_in_gazebo : 1

 ErrorResults 
  stamp : 2025-11-28T22:02:59Z
  target_type : armor_red_3
  model_name : armor_red_3
  pose : 
       - position : [0.0111002 , 2.87926 , 1.01836]
       - orientation : [0.575223 , 0.805306 , -0.114475 , 0.0865831]
  RingCirclePositionError : 0
  position_error : 0.219624
  orientation_error : 1.91584
  found_in_gazebo : 1

 ErrorResults 
  stamp : 2025-11-28T22:02:59Z
  target_type : armor_red_3
  model_name : armor_red_3
  pose : 
       - position : [0.0111002 , 2.87926 , 1.01836]
       - orientation : [0.575223 , 0.805306 , -0.114475 , 0.0865831]
  RingCirclePositionError : 0
  position_error : 0.219624
  orientation_error : 1.91584
  found_in_gazebo : 1

 ErrorResults 
  stamp : 2025-11-28T22:02:59Z
  target_type : armor_red_3
  model_name : armor_red_3
  pose : 
       - position : [0.0111002 , 2.87926 , 1.01836]
       - orientation : [0.575223 , 0.805306 , -0.114475 , 0.0865831]
  RingCirclePositionError : 0
  position_error : 0.219624
  orientation_error : 1.91584
  found_in_gazebo : 1

 ErrorResults 
  stamp : 2025-11-28T22:02:59Z
  target_type : armor_red_3
  model_name : armor_red_3
  pose : 
       - position : [0.0111002 , 2.87926 , 1.01836]
       - orientation : [0.575223 , 0.805306 , -0.114475 , 0.0865831]
  RingCirclePositionError : 0
  position_error : 0.219624
  orientation_error : 1.91584
  found_in_gazebo : 1

 ErrorResults 
  stamp : 2025-11-28T22:02:59Z
  target_type : armor_red_3
  model_name : armor_red_3
  pose : 
       - position : [0.0111002 , 2.87926 , 1.01836]
       - orientation : [0.575223 , 0.805306 , -0.114475 , 0.0865831]
  RingCirclePositionError : 0
  position_error : 0.219624
  orientation_error : 1.91584
  found_in_gazebo : 1

 ErrorResults 
  stamp : 2025-11-28T22:02:59Z
  target_type : armor_red_3
  model_name : armor_red_3
  pose : 
       - position : [0.0111002 , 2.87926 , 1.01836]
       - orientation : [0.575223 , 0.805306 , -0.114475 , 0.0865831]
  RingCirclePositionError : 0
  position_error : 0.219624
  orientation_error : 1.91584
  found_in_gazebo : 1

 ErrorResults 
  stamp : 2025-11-28T22:02:59Z
  target_type : armor_red_3
  model_name : armor_red_3
  pose : 
       - position : [0.0111002 , 2.87926 , 1.01836]
       - orientation : [0.575223 , 0.805306 , -0.114475 , 0.0865831]
  RingCirclePositionError : 0
  position_error : 0.219624
  orientation_error : 1.91584
  found_in_gazebo : 1

 ErrorResults 
  stamp : 2025-11-28T22:02:59Z
  target_type : armor_red_3
  model_name : armor_red_3
  pose : 
       - position : [0.0111002 , 2.87926 , 1.01836]
       - orientation : [0.575223 , 0.805306 , -0.114475 , 0.0865831]
  RingCirclePositionError : 0
  position_error : 0.219624
  orientation_error : 1.91584
  found_in_gazebo : 1

 ErrorResults 
  stamp : 2025-11-28T22:02:59Z
  target_type : armor_red_3
  model_name : armor_red_3
  pose : 
       - position : [0.0111002 , 2.87926 , 1.01836]
       - orientation : [0.575223 , 0.805306 , -0.114475 , 0.0865831]
  RingCirclePositionError : 0
  position_error : 0.219624
  orientation_error : 1.91584
  found_in_gazebo : 1

 ErrorResults 
  stamp : 2025-11-28T22:02:59Z
  target_type : armor_red_3
  model_name : armor_red_3
  pose : 
       - position : [0.0111002 , 2.87926 , 1.01836]
       - orientation : [0.575223 , 0.805306 , -0.114475 , 0.0865831]
  RingCirclePositionError : 0
  position_error : 0.219624
  orientation_error : 1.91584
  found_in_gazebo : 1

 ErrorResults 
  stamp : 2025-11-28T22:02:59Z
  target_type : armor_red_3
  model_name : armor_red_3
  pose : 
       - position : [0.0111002 , 2.87926 , 1.01836]
       - orientation : [0.575223 , 0.805306 , -0.114475 , 0.0865831]
  RingCirclePositionError : 0
  position_error : 0.219624
  orientation_error : 1.91584
  found_in_gazebo : 1

 ErrorResults 
  stamp : 2025-11-28T22:02:59Z
  target_type : armor_red_3
  model_name : armor_red_3
  pose : 
       - position : [0.0111002 , 2.87926 , 1.01836]
       - orientation : [0.575223 , 0.805306 , -0.114475 , 0.0865831]
  RingCirclePositionError : 0
  position_error : 0.219624
  orientation_error : 1.91584
  found_in_gazebo : 1

 ErrorResults 
  stamp : 2025-11-28T22:02:59Z
  target_type : armor_red_3
  model_name : armor_red_3
  pose : 
       - position : [0.0111002 , 2.87926 , 1.01836]
       - orientation : [0.575223 , 0.805306 , -0.114475 , 0.0865831]
  RingCirclePositionError : 0
  position_error : 0.219624
  orientation_error : 1.91584
  found_in_gazebo : 1

 ErrorResults 
  stamp : 2025-11-28T22:02:59Z
  target_type : armor_red_3
  model_name : armor_red_3
  pose : 
       - position : [0.0111002 , 2.87926 , 1.01836]
       - orientation : [0.575223 , 0.805306 , -0.114475 , 0.0865831]
  RingCirclePositionError : 0
  position_error : 0.219624
  orientation_error : 1.91584
  found_in_gazebo : 1

 ErrorResults 
  stamp : 2025-11-28T22:02:59Z
  target_type : armor_red_3
  model_name : armor_red_3
  pose : 
       - position : [0.0111002 , 2.87926 , 1.01836]
       - orientation : [0.575223 , 0.805306 , -0.114475 , 0.0865831]
  RingCirclePositionError : 0
  position_error : 0.219624
  orientation_error : 1.91584
  found_in_gazebo : 1

 ErrorResults 
  stamp : 2025-11-28T22:02:59Z
  target_type : armor_red_3
  model_name : armor_red_3
  pose : 
       - position : [0.0111002 , 2.87926 , 1.01836]
       - orientation : [0.575223 , 0.805306 , -0.114475 , 0.0865831]
  RingCirclePositionError : 0
  position_error : 0.219624
  orientation_error : 1.91584
  found_in_gazebo : 1

 ErrorResults 
  stamp : 2025-11-28T22:02:59Z
  target_type : armor_red_3
  model_name : armor_red_3
  pose : 
       - position : [0.0111002 , 2.87926 , 1.01836]
       - orientation : [0.575223 , 0.805306 , -0.114475 , 0.0865831]
  RingCirclePositionError : 0
  position_error : 0.219624
  orientation_error : 1.91584
  found_in_gazebo : 1

 ErrorResults 
  stamp : 2025-11-28T22:02:59Z
  target_type : armor_red_3
  model_name : armor_red_3
  pose : 
       - position : [0.0111002 , 2.87926 , 1.01836]
       - orientation : [0.575223 , 0.805306 , -0.114475 , 0.0865831]
  RingCirclePositionError : 0
  position_error : 0.219624
  orientation_error : 1.91584
  found_in_gazebo : 1

 ErrorResults 
  stamp : 2025-11-28T22:02:59Z
  target_type : armor_red_3
  model_name : armor_red_3
  pose : 
       - position : [-0.00138602 , 2.98778 , 1.05858]
       - orientation : [0.594646 , 0.803805 , 0.0160107 , -0.00612179]
  RingCirclePositionError : 0
  position_error : 0.273078
  orientation_error : 1.86794
  found_in_gazebo : 1

 ErrorResults 
  stamp : 2025-11-28T22:02:59Z
  target_type : armor_red_3
  model_name : armor_red_3
  pose : 
       - position : [-0.00138602 , 2.98778 , 1.05858]
       - orientation : [0.594646 , 0.803805 , 0.0160107 , -0.00612179]
  RingCirclePositionError : 0
  position_error : 0.273078
  orientation_error : 1.86794
  found_in_gazebo : 1

 ErrorResults 
  stamp : 2025-11-28T22:02:59Z
  target_type : armor_red_3
  model_name : armor_red_3
  pose : 
       - position : [-0.00138602 , 2.98778 , 1.05858]
       - orientation : [0.594646 , 0.803805 , 0.0160107 , -0.00612179]
  RingCirclePositionError : 0
  position_error : 0.273078
  orientation_error : 1.86794
  found_in_gazebo : 1

 ErrorResults 
  stamp : 2025-11-28T22:02:59Z
  target_type : armor_red_3
  model_name : armor_red_3
  pose : 
       - position : [-0.00114581 , 2.98695 , 1.05828]
       - orientation : [0.594566 , 0.803895 , 0.014692 , -0.00526242]
  RingCirclePositionError : 0
  position_error : 0.272523
  orientation_error : 1.86814
  found_in_gazebo : 1

 ErrorResults 
  stamp : 2025-11-28T22:02:59Z
  target_type : armor_red_3
  model_name : armor_red_3
  pose : 
       - position : [-0.00114581 , 2.98695 , 1.05828]
       - orientation : [0.594566 , 0.803895 , 0.014692 , -0.00526242]
  RingCirclePositionError : 0
  position_error : 0.272523
  orientation_error : 1.86814
  found_in_gazebo : 1

 ErrorResults 
  stamp : 2025-11-28T22:02:59Z
  target_type : armor_red_3
  model_name : armor_red_3
  pose : 
       - position : [-0.00114581 , 2.98695 , 1.05828]
       - orientation : [0.594566 , 0.803895 , 0.014692 , -0.00526242]
  RingCirclePositionError : 0
  position_error : 0.272523
  orientation_error : 1.86814
  found_in_gazebo : 1

 ErrorResults 
  stamp : 2025-11-28T22:02:59Z
  target_type : armor_red_3
  model_name : armor_red_3
  pose : 
       - position : [-0.00114581 , 2.98695 , 1.05828]
       - orientation : [0.594566 , 0.803895 , 0.014692 , -0.00526242]
  RingCirclePositionError : 0
  position_error : 0.272523
  orientation_error : 1.86814
  found_in_gazebo : 1

 ErrorResults 
  stamp : 2025-11-28T22:02:59Z
  target_type : armor_red_3
  model_name : armor_red_3
  pose : 
       - position : [-0.00114581 , 2.98695 , 1.05828]
       - orientation : [0.594566 , 0.803895 , 0.014692 , -0.00526242]
  RingCirclePositionError : 0
  position_error : 0.272523
  orientation_error : 1.86814
  found_in_gazebo : 1

 ErrorResults 
  stamp : 2025-11-28T22:02:59Z
  target_type : armor_red_3
  model_name : armor_red_3
  pose : 
       - position : [-0.00114581 , 2.98695 , 1.05828]
       - orientation : [0.594566 , 0.803895 , 0.014692 , -0.00526242]
  RingCirclePositionError : 0
  position_error : 0.272523
  orientation_error : 1.86814
  found_in_gazebo : 1

 ErrorResults 
  stamp : 2025-11-28T22:02:59Z
  target_type : armor_red_3
  model_name : armor_red_3
  pose : 
       - position : [-0.00114581 , 2.98695 , 1.05828]
       - orientation : [0.594566 , 0.803895 , 0.014692 , -0.00526242]
  RingCirclePositionError : 0
  position_error : 0.272523
  orientation_error : 1.86814
  found_in_gazebo : 1

 ErrorResults 
  stamp : 2025-11-28T22:02:59Z
  target_type : armor_red_3
  model_name : armor_red_3
  pose : 
       - position : [-0.00114581 , 2.98695 , 1.05828]
       - orientation : [0.594566 , 0.803895 , 0.014692 , -0.00526242]
  RingCirclePositionError : 0
  position_error : 0.272523
  orientation_error : 1.86814
  found_in_gazebo : 1

 ErrorResults 
  stamp : 2025-11-28T22:02:59Z
  target_type : armor_red_3
  model_name : armor_red_3
  pose : 
       - position : [-0.00114581 , 2.98695 , 1.05828]
       - orientation : [0.594566 , 0.803895 , 0.014692 , -0.00526242]
  RingCirclePositionError : 0
  position_error : 0.272523
  orientation_error : 1.86814
  found_in_gazebo : 1

 ErrorResults 
  stamp : 2025-11-28T22:02:59Z
  target_type : armor_red_3
  model_name : armor_red_3
  pose : 
       - position : [-0.00114581 , 2.98695 , 1.05828]
       - orientation : [0.594566 , 0.803895 , 0.014692 , -0.00526242]
  RingCirclePositionError : 0
  position_error : 0.272523
  orientation_error : 1.86814
  found_in_gazebo : 1

 ErrorResults 
  stamp : 2025-11-28T22:02:59Z
  target_type : armor_red_3
  model_name : armor_red_3
  pose : 
       - position : [-0.00114581 , 2.98695 , 1.05828]
       - orientation : [0.594566 , 0.803895 , 0.014692 , -0.00526242]
  RingCirclePositionError : 0
  position_error : 0.272523
  orientation_error : 1.86814
  found_in_gazebo : 1

 ErrorResults 
  stamp : 2025-11-28T22:02:59Z
  target_type : armor_red_3
  model_name : armor_red_3
  pose : 
       - position : [-0.00114581 , 2.98695 , 1.05828]
       - orientation : [0.594566 , 0.803895 , 0.014692 , -0.00526242]
  RingCirclePositionError : 0
  position_error : 0.272523
  orientation_error : 1.86814
  found_in_gazebo : 1

 ErrorResults 
  stamp : 2025-11-28T22:02:59Z
  target_type : armor_red_3
  model_name : armor_red_3
  pose : 
       - position : [-0.00114581 , 2.98695 , 1.05828]
       - orientation : [0.594566 , 0.803895 , 0.014692 , -0.00526242]
  RingCirclePositionError : 0
  position_error : 0.272523
  orientation_error : 1.86814
  found_in_gazebo : 1

 ErrorResults 
  stamp : 2025-11-28T22:02:59Z
  target_type : armor_red_3
  model_name : armor_red_3
  pose : 
       - position : [-0.00114581 , 2.98695 , 1.05828]
       - orientation : [0.594566 , 0.803895 , 0.014692 , -0.00526242]
  RingCirclePositionError : 0
  position_error : 0.272523
  orientation_error : 1.86814
  found_in_gazebo : 1

 ErrorResults 
  stamp : 2025-11-28T22:02:59Z
  target_type : armor_red_3
  model_name : armor_red_3
  pose : 
       - position : [-0.00114581 , 2.98695 , 1.05828]
       - orientation : [0.594566 , 0.803895 , 0.014692 , -0.00526242]
  RingCirclePositionError : 0
  position_error : 0.272523
  orientation_error : 1.86814
  found_in_gazebo : 1

 ErrorResults 
  stamp : 2025-11-28T22:02:59Z
  target_type : armor_red_3
  model_name : armor_red_3
  pose : 
       - position : [-0.00114581 , 2.98695 , 1.05828]
       - orientation : [0.594566 , 0.803895 , 0.014692 , -0.00526242]
  RingCirclePositionError : 0
  position_error : 0.272523
  orientation_error : 1.86814
  found_in_gazebo : 1

 ErrorResults 
  stamp : 2025-11-28T22:02:59Z
  target_type : armor_red_3
  model_name : armor_red_3
  pose : 
       - position : [-0.00114581 , 2.98695 , 1.05828]
       - orientation : [0.594566 , 0.803895 , 0.014692 , -0.00526242]
  RingCirclePositionError : 0
  position_error : 0.272523
  orientation_error : 1.86814
  found_in_gazebo : 1

 ErrorResults 
  stamp : 2025-11-28T22:02:59Z
  target_type : armor_red_3
  model_name : armor_red_3
  pose : 
       - position : [-0.00114581 , 2.98695 , 1.05828]
       - orientation : [0.594566 , 0.803895 , 0.014692 , -0.00526242]
  RingCirclePositionError : 0
  position_error : 0.272523
  orientation_error : 1.86814
  found_in_gazebo : 1

 ErrorResults 
  stamp : 2025-11-28T22:02:59Z
  target_type : armor_red_3
  model_name : armor_red_3
  pose : 
       - position : [-0.00114581 , 2.98695 , 1.05828]
       - orientation : [0.594566 , 0.803895 , 0.014692 , -0.00526242]
  RingCirclePositionError : 0
  position_error : 0.272523
  orientation_error : 1.86814
  found_in_gazebo : 1

 ErrorResults 
  stamp : 2025-11-28T22:03:00Z
  target_type : armor_red_3
  model_name : armor_red_3
  pose : 
       - position : [-0.00114581 , 2.98695 , 1.05828]
       - orientation : [0.594566 , 0.803895 , 0.014692 , -0.00526242]
  RingCirclePositionError : 0
  position_error : 0.272523
  orientation_error : 1.86814
  found_in_gazebo : 1

 ErrorResults 
  stamp : 2025-11-28T22:03:00Z
  target_type : armor_red_3
  model_name : armor_red_3
  pose : 
       - position : [-0.00114581 , 2.98695 , 1.05828]
       - orientation : [0.594566 , 0.803895 , 0.014692 , -0.00526242]
  RingCirclePositionError : 0
  position_error : 0.272523
  orientation_error : 1.86814
  found_in_gazebo : 1

 ErrorResults 
  stamp : 2025-11-28T22:03:00Z
  target_type : armor_red_3
  model_name : armor_red_3
  pose : 
       - position : [-0.00114581 , 2.98695 , 1.05828]
       - orientation : [0.594566 , 0.803895 , 0.014692 , -0.00526242]
  RingCirclePositionError : 0
  position_error : 0.272523
  orientation_error : 1.86814
  found_in_gazebo : 1

 ErrorResults 
  stamp : 2025-11-28T22:03:00Z
  target_type : armor_red_3
  model_name : armor_red_3
  pose : 
       - position : [-0.00114581 , 2.98695 , 1.05828]
       - orientation : [0.594566 , 0.803895 , 0.014692 , -0.00526242]
  RingCirclePositionError : 0
  position_error : 0.272523
  orientation_error : 1.86814
  found_in_gazebo : 1

 ErrorResults 
  stamp : 2025-11-28T22:03:00Z
  target_type : armor_red_3
  model_name : armor_red_3
  pose : 
       - position : [-0.00110793 , 2.98667 , 1.05818]
       - orientation : [0.594533 , 0.80392 , 0.0146749 , -0.00525012]
  RingCirclePositionError : 0
  position_error : 0.272338
  orientation_error : 1.86822
  found_in_gazebo : 1

 ErrorResults 
  stamp : 2025-11-28T22:03:00Z
  target_type : armor_red_3
  model_name : armor_red_3
  pose : 
       - position : [-0.00110793 , 2.98667 , 1.05818]
       - orientation : [0.594533 , 0.80392 , 0.0146749 , -0.00525012]
  RingCirclePositionError : 0
  position_error : 0.272338
  orientation_error : 1.86822
  found_in_gazebo : 1

 ErrorResults 
  stamp : 2025-11-28T22:03:00Z
  target_type : armor_red_3
  model_name : armor_red_3
  pose : 
       - position : [-0.00107016 , 2.98639 , 1.05808]
       - orientation : [0.5945 , 0.803945 , 0.0146588 , -0.00523851]
  RingCirclePositionError : 0
  position_error : 0.272154
  orientation_error : 1.86831
  found_in_gazebo : 1

 ErrorResults 
  stamp : 2025-11-28T22:03:00Z
  target_type : armor_red_3
  model_name : armor_red_3
  pose : 
       - position : [-0.00107016 , 2.98639 , 1.05808]
       - orientation : [0.5945 , 0.803945 , 0.0146588 , -0.00523851]
  RingCirclePositionError : 0
  position_error : 0.272154
  orientation_error : 1.86831
  found_in_gazebo : 1

 ErrorResults 
  stamp : 2025-11-28T22:03:00Z
  target_type : armor_red_3
  model_name : armor_red_3
  pose : 
       - position : [-0.00107016 , 2.98639 , 1.05808]
       - orientation : [0.5945 , 0.803945 , 0.0146588 , -0.00523851]
  RingCirclePositionError : 0
  position_error : 0.272154
  orientation_error : 1.86831
  found_in_gazebo : 1

 ErrorResults 
  stamp : 2025-11-28T22:03:00Z
  target_type : armor_red_3
  model_name : armor_red_3
  pose : 
       - position : [-0.00107016 , 2.98639 , 1.05808]
       - orientation : [0.5945 , 0.803945 , 0.0146588 , -0.00523851]
  RingCirclePositionError : 0
  position_error : 0.272154
  orientation_error : 1.86831
  found_in_gazebo : 1

 ErrorResults 
  stamp : 2025-11-28T22:03:00Z
  target_type : armor_red_3
  model_name : armor_red_3
  pose : 
       - position : [-0.00107016 , 2.98639 , 1.05808]
       - orientation : [0.5945 , 0.803945 , 0.0146588 , -0.00523851]
  RingCirclePositionError : 0
  position_error : 0.272154
  orientation_error : 1.86831
  found_in_gazebo : 1

 ErrorResults 
  stamp : 2025-11-28T22:03:00Z
  target_type : armor_red_3
  model_name : armor_red_3
  pose : 
       - position : [-0.00107016 , 2.98639 , 1.05808]
       - orientation : [0.5945 , 0.803945 , 0.0146588 , -0.00523851]
  RingCirclePositionError : 0
  position_error : 0.272154
  orientation_error : 1.86831
  found_in_gazebo : 1

 ErrorResults 
  stamp : 2025-11-28T22:03:00Z
  target_type : armor_red_3
  model_name : armor_red_3
  pose : 
       - position : [-0.00107016 , 2.98639 , 1.05808]
       - orientation : [0.5945 , 0.803945 , 0.0146588 , -0.00523851]
  RingCirclePositionError : 0
  position_error : 0.272154
  orientation_error : 1.86831
  found_in_gazebo : 1

 ErrorResults 
  stamp : 2025-11-28T22:03:00Z
  target_type : armor_red_3
  model_name : armor_red_3
  pose : 
       - position : [-0.00107016 , 2.98639 , 1.05808]
       - orientation : [0.5945 , 0.803945 , 0.0146588 , -0.00523851]
  RingCirclePositionError : 0
  position_error : 0.272154
  orientation_error : 1.86831
  found_in_gazebo : 1

 ErrorResults 
  stamp : 2025-11-28T22:03:00Z
  target_type : armor_red_3
  model_name : armor_red_3
  pose : 
       - position : [-0.00107016 , 2.98639 , 1.05808]
       - orientation : [0.5945 , 0.803945 , 0.0146588 , -0.00523851]
  RingCirclePositionError : 0
  position_error : 0.272154
  orientation_error : 1.86831
  found_in_gazebo : 1

 ErrorResults 
  stamp : 2025-11-28T22:03:00Z
  target_type : armor_red_3
  model_name : armor_red_3
  pose : 
       - position : [-0.00107016 , 2.98639 , 1.05808]
       - orientation : [0.5945 , 0.803945 , 0.0146588 , -0.00523851]
  RingCirclePositionError : 0
  position_error : 0.272154
  orientation_error : 1.86831
  found_in_gazebo : 1

 ErrorResults 
  stamp : 2025-11-28T22:03:00Z
  target_type : armor_red_3
  model_name : armor_red_3
  pose : 
       - position : [-0.00107016 , 2.98639 , 1.05808]
       - orientation : [0.5945 , 0.803945 , 0.0146588 , -0.00523851]
  RingCirclePositionError : 0
  position_error : 0.272154
  orientation_error : 1.86831
  found_in_gazebo : 1

 ErrorResults 
  stamp : 2025-11-28T22:03:00Z
  target_type : armor_red_3
  model_name : armor_red_3
  pose : 
       - position : [-0.00107016 , 2.98639 , 1.05808]
       - orientation : [0.5945 , 0.803945 , 0.0146588 , -0.00523851]
  RingCirclePositionError : 0
  position_error : 0.272154
  orientation_error : 1.86831
  found_in_gazebo : 1

 ErrorResults 
  stamp : 2025-11-28T22:03:00Z
  target_type : armor_red_3
  model_name : armor_red_3
  pose : 
       - position : [-0.00107016 , 2.98639 , 1.05808]
       - orientation : [0.5945 , 0.803945 , 0.0146588 , -0.00523851]
  RingCirclePositionError : 0
  position_error : 0.272154
  orientation_error : 1.86831
  found_in_gazebo : 1

 ErrorResults 
  stamp : 2025-11-28T22:03:00Z
  target_type : armor_red_3
  model_name : armor_red_3
  pose : 
       - position : [-0.00107016 , 2.98639 , 1.05808]
       - orientation : [0.5945 , 0.803945 , 0.0146588 , -0.00523851]
  RingCirclePositionError : 0
  position_error : 0.272154
  orientation_error : 1.86831
  found_in_gazebo : 1

 ErrorResults 
  stamp : 2025-11-28T22:03:00Z
  target_type : armor_red_3
  model_name : armor_red_3
  pose : 
       - position : [-0.00107016 , 2.98639 , 1.05808]
       - orientation : [0.5945 , 0.803945 , 0.0146588 , -0.00523851]
  RingCirclePositionError : 0
  position_error : 0.272154
  orientation_error : 1.86831
  found_in_gazebo : 1

 ErrorResults 
  stamp : 2025-11-28T22:03:00Z
  target_type : armor_red_3
  model_name : armor_red_3
  pose : 
       - position : [-0.00107016 , 2.98639 , 1.05808]
       - orientation : [0.5945 , 0.803945 , 0.0146588 , -0.00523851]
  RingCirclePositionError : 0
  position_error : 0.272154
  orientation_error : 1.86831
  found_in_gazebo : 1

 ErrorResults 
  stamp : 2025-11-28T22:03:00Z
  target_type : armor_red_3
  model_name : armor_red_3
  pose : 
       - position : [-0.00107016 , 2.98639 , 1.05808]
       - orientation : [0.5945 , 0.803945 , 0.0146588 , -0.00523851]
  RingCirclePositionError : 0
  position_error : 0.272154
  orientation_error : 1.86831
  found_in_gazebo : 1

 ErrorResults 
  stamp : 2025-11-28T22:03:00Z
  target_type : armor_red_3
  model_name : armor_red_3
  pose : 
       - position : [-0.00107016 , 2.98639 , 1.05808]
       - orientation : [0.5945 , 0.803945 , 0.0146588 , -0.00523851]
  RingCirclePositionError : 0
  position_error : 0.272154
  orientation_error : 1.86831
  found_in_gazebo : 1

 ErrorResults 
  stamp : 2025-11-28T22:03:00Z
  target_type : armor_red_3
  model_name : armor_red_3
  pose : 
       - position : [-0.00107016 , 2.98639 , 1.05808]
       - orientation : [0.5945 , 0.803945 , 0.0146588 , -0.00523851]
  RingCirclePositionError : 0
  position_error : 0.272154
  orientation_error : 1.86831
  found_in_gazebo : 1

 ErrorResults 
  stamp : 2025-11-28T22:03:00Z
  target_type : armor_red_3
  model_name : armor_red_3
  pose : 
       - position : [-0.00107016 , 2.98639 , 1.05808]
       - orientation : [0.5945 , 0.803945 , 0.0146588 , -0.00523851]
  RingCirclePositionError : 0
  position_error : 0.272154
  orientation_error : 1.86831
  found_in_gazebo : 1

 ErrorResults 
  stamp : 2025-11-28T22:03:00Z
  target_type : armor_red_3
  model_name : armor_red_3
  pose : 
       - position : [-0.00107016 , 2.98639 , 1.05808]
       - orientation : [0.5945 , 0.803945 , 0.0146588 , -0.00523851]
  RingCirclePositionError : 0
  position_error : 0.272154
  orientation_error : 1.86831
  found_in_gazebo : 1

 ErrorResults 
  stamp : 2025-11-28T22:03:00Z
  target_type : armor_red_3
  model_name : armor_red_3
  pose : 
       - position : [-0.00107016 , 2.98639 , 1.05808]
       - orientation : [0.5945 , 0.803945 , 0.0146588 , -0.00523851]
  RingCirclePositionError : 0
  position_error : 0.272154
  orientation_error : 1.86831
  found_in_gazebo : 1

 ErrorResults 
  stamp : 2025-11-28T22:03:00Z
  target_type : armor_red_3
  model_name : armor_red_3
  pose : 
       - position : [-0.00103212 , 2.98611 , 1.05798]
       - orientation : [0.594468 , 0.803969 , 0.0146408 , -0.0052256]
  RingCirclePositionError : 0
  position_error : 0.271969
  orientation_error : 1.86839
  found_in_gazebo : 1

 ErrorResults 
  stamp : 2025-11-28T22:03:00Z
  target_type : armor_red_3
  model_name : armor_red_3
  pose : 
       - position : [-0.00103212 , 2.98611 , 1.05798]
       - orientation : [0.594468 , 0.803969 , 0.0146408 , -0.0052256]
  RingCirclePositionError : 0
  position_error : 0.271969
  orientation_error : 1.86839
  found_in_gazebo : 1

 ErrorResults 
  stamp : 2025-11-28T22:03:00Z
  target_type : armor_red_3
  model_name : armor_red_3
  pose : 
       - position : [-0.00108694 , 2.98606 , 1.05796]
       - orientation : [0.594438 , 0.803977 , 0.0152513 , -0.00562129]
  RingCirclePositionError : 0
  position_error : 0.27194
  orientation_error : 1.86846
  found_in_gazebo : 1

 ErrorResults 
  stamp : 2025-11-28T22:03:00Z
  target_type : armor_red_3
  model_name : armor_red_3
  pose : 
       - position : [-0.00108694 , 2.98606 , 1.05796]
       - orientation : [0.594438 , 0.803977 , 0.0152513 , -0.00562129]
  RingCirclePositionError : 0
  position_error : 0.27194
  orientation_error : 1.86846
  found_in_gazebo : 1

 ErrorResults 
  stamp : 2025-11-28T22:03:00Z
  target_type : armor_red_3
  model_name : armor_red_3
  pose : 
       - position : [-0.00108694 , 2.98606 , 1.05796]
       - orientation : [0.594438 , 0.803977 , 0.0152513 , -0.00562129]
  RingCirclePositionError : 0
  position_error : 0.27194
  orientation_error : 1.86846
  found_in_gazebo : 1

 ErrorResults 
  stamp : 2025-11-28T22:03:00Z
  target_type : armor_red_3
  model_name : armor_red_3
  pose : 
       - position : [-0.00108694 , 2.98606 , 1.05796]
       - orientation : [0.594438 , 0.803977 , 0.0152513 , -0.00562129]
  RingCirclePositionError : 0
  position_error : 0.27194
  orientation_error : 1.86846
  found_in_gazebo : 1

 ErrorResults 
  stamp : 2025-11-28T22:03:00Z
  target_type : armor_red_3
  model_name : armor_red_3
  pose : 
       - position : [-0.00108694 , 2.98606 , 1.05796]
       - orientation : [0.594438 , 0.803977 , 0.0152513 , -0.00562129]
  RingCirclePositionError : 0
  position_error : 0.27194
  orientation_error : 1.86846
  found_in_gazebo : 1

 ErrorResults 
  stamp : 2025-11-28T22:03:00Z
  target_type : armor_red_3
  model_name : armor_red_3
  pose : 
       - position : [-0.00108694 , 2.98606 , 1.05796]
       - orientation : [0.594438 , 0.803977 , 0.0152513 , -0.00562129]
  RingCirclePositionError : 0
  position_error : 0.27194
  orientation_error : 1.86846
  found_in_gazebo : 1

 ErrorResults 
  stamp : 2025-11-28T22:03:00Z
  target_type : armor_red_3
  model_name : armor_red_3
  pose : 
       - position : [-0.00108694 , 2.98606 , 1.05796]
       - orientation : [0.594438 , 0.803977 , 0.0152513 , -0.00562129]
  RingCirclePositionError : 0
  position_error : 0.27194
  orientation_error : 1.86846
  found_in_gazebo : 1

 ErrorResults 
  stamp : 2025-11-28T22:03:00Z
  target_type : armor_red_3
  model_name : armor_red_3
  pose : 
       - position : [-0.00108694 , 2.98606 , 1.05796]
       - orientation : [0.594438 , 0.803977 , 0.0152513 , -0.00562129]
  RingCirclePositionError : 0
  position_error : 0.27194
  orientation_error : 1.86846
  found_in_gazebo : 1

 ErrorResults 
  stamp : 2025-11-28T22:03:00Z
  target_type : armor_red_3
  model_name : armor_red_3
  pose : 
       - position : [-0.00108694 , 2.98606 , 1.05796]
       - orientation : [0.594438 , 0.803977 , 0.0152513 , -0.00562129]
  RingCirclePositionError : 0
  position_error : 0.27194
  orientation_error : 1.86846
  found_in_gazebo : 1

 ErrorResults 
  stamp : 2025-11-28T22:03:00Z
  target_type : armor_red_3
  model_name : armor_red_3
  pose : 
       - position : [-0.00108694 , 2.98606 , 1.05796]
       - orientation : [0.594438 , 0.803977 , 0.0152513 , -0.00562129]
  RingCirclePositionError : 0
  position_error : 0.27194
  orientation_error : 1.86846
  found_in_gazebo : 1

 ErrorResults 
  stamp : 2025-11-28T22:03:00Z
  target_type : armor_red_3
  model_name : armor_red_3
  pose : 
       - position : [-0.00108694 , 2.98606 , 1.05796]
       - orientation : [0.594438 , 0.803977 , 0.0152513 , -0.00562129]
  RingCirclePositionError : 0
  position_error : 0.27194
  orientation_error : 1.86846
  found_in_gazebo : 1

 ErrorResults 
  stamp : 2025-11-28T22:03:00Z
  target_type : armor_red_3
  model_name : armor_red_3
  pose : 
       - position : [-0.00108694 , 2.98606 , 1.05796]
       - orientation : [0.594438 , 0.803977 , 0.0152513 , -0.00562129]
  RingCirclePositionError : 0
  position_error : 0.27194
  orientation_error : 1.86846
  found_in_gazebo : 1

 ErrorResults 
  stamp : 2025-11-28T22:03:00Z
  target_type : armor_red_3
  model_name : armor_red_3
  pose : 
       - position : [-0.00108694 , 2.98606 , 1.05796]
       - orientation : [0.594438 , 0.803977 , 0.0152513 , -0.00562129]
  RingCirclePositionError : 0
  position_error : 0.27194
  orientation_error : 1.86846
  found_in_gazebo : 1

 ErrorResults 
  stamp : 2025-11-28T22:03:00Z
  target_type : armor_red_3
  model_name : armor_red_3
  pose : 
       - position : [-0.00108694 , 2.98606 , 1.05796]
       - orientation : [0.594438 , 0.803977 , 0.0152513 , -0.00562129]
  RingCirclePositionError : 0
  position_error : 0.27194
  orientation_error : 1.86846
  found_in_gazebo : 1

 ErrorResults 
  stamp : 2025-11-28T22:03:01Z
  target_type : armor_red_3
  model_name : armor_red_3
  pose : 
       - position : [-0.00108694 , 2.98606 , 1.05796]
       - orientation : [0.594438 , 0.803977 , 0.0152513 , -0.00562129]
  RingCirclePositionError : 0
  position_error : 0.27194
  orientation_error : 1.86846
  found_in_gazebo : 1

 ErrorResults 
  stamp : 2025-11-28T22:03:01Z
  target_type : armor_red_3
  model_name : armor_red_3
  pose : 
       - position : [-0.00108694 , 2.98606 , 1.05796]
       - orientation : [0.594438 , 0.803977 , 0.0152513 , -0.00562129]
  RingCirclePositionError : 0
  position_error : 0.27194
  orientation_error : 1.86846
  found_in_gazebo : 1

 ErrorResults 
  stamp : 2025-11-28T22:03:01Z
  target_type : armor_red_3
  model_name : armor_red_3
  pose : 
       - position : [-0.00108694 , 2.98606 , 1.05796]
       - orientation : [0.594438 , 0.803977 , 0.0152513 , -0.00562129]
  RingCirclePositionError : 0
  position_error : 0.27194
  orientation_error : 1.86846
  found_in_gazebo : 1

 ErrorResults 
  stamp : 2025-11-28T22:03:01Z
  target_type : armor_red_3
  model_name : armor_red_3
  pose : 
       - position : [-0.00108694 , 2.98606 , 1.05796]
       - orientation : [0.594438 , 0.803977 , 0.0152513 , -0.00562129]
  RingCirclePositionError : 0
  position_error : 0.27194
  orientation_error : 1.86846
  found_in_gazebo : 1

 ErrorResults 
  stamp : 2025-11-28T22:03:01Z
  target_type : armor_red_3
  model_name : armor_red_3
  pose : 
       - position : [-0.00108694 , 2.98606 , 1.05796]
       - orientation : [0.594438 , 0.803977 , 0.0152513 , -0.00562129]
  RingCirclePositionError : 0
  position_error : 0.27194
  orientation_error : 1.86846
  found_in_gazebo : 1

 ErrorResults 
  stamp : 2025-11-28T22:03:01Z
  target_type : armor_red_3
  model_name : armor_red_3
  pose : 
       - position : [-0.00108694 , 2.98606 , 1.05796]
       - orientation : [0.594438 , 0.803977 , 0.0152513 , -0.00562129]
  RingCirclePositionError : 0
  position_error : 0.27194
  orientation_error : 1.86846
  found_in_gazebo : 1

 ErrorResults 
  stamp : 2025-11-28T22:03:01Z
  target_type : armor_red_3
  model_name : armor_red_3
  pose : 
       - position : [-0.00108694 , 2.98606 , 1.05796]
       - orientation : [0.594438 , 0.803977 , 0.0152513 , -0.00562129]
  RingCirclePositionError : 0
  position_error : 0.27194
  orientation_error : 1.86846
  found_in_gazebo : 1

 ErrorResults 
  stamp : 2025-11-28T22:03:01Z
  target_type : armor_red_3
  model_name : armor_red_3
  pose : 
       - position : [-0.00108694 , 2.98606 , 1.05796]
       - orientation : [0.594438 , 0.803977 , 0.0152513 , -0.00562129]
  RingCirclePositionError : 0
  position_error : 0.27194
  orientation_error : 1.86846
  found_in_gazebo : 1

 ErrorResults 
  stamp : 2025-11-28T22:03:01Z
  target_type : armor_red_3
  model_name : armor_red_3
  pose : 
       - position : [-0.00104805 , 2.98577 , 1.05786]
       - orientation : [0.594404 , 0.804003 , 0.0152345 , -0.00560913]
  RingCirclePositionError : 0
  position_error : 0.271751
  orientation_error : 1.86854
  found_in_gazebo : 1

 ErrorResults 
  stamp : 2025-11-28T22:03:01Z
  target_type : armor_red_3
  model_name : armor_red_3
  pose : 
       - position : [-0.00104805 , 2.98577 , 1.05786]
       - orientation : [0.594404 , 0.804003 , 0.0152345 , -0.00560913]
  RingCirclePositionError : 0
  position_error : 0.271751
  orientation_error : 1.86854
  found_in_gazebo : 1

 ErrorResults 
  stamp : 2025-11-28T22:03:01Z
  target_type : armor_red_3
  model_name : armor_red_3
  pose : 
       - position : [-0.00104805 , 2.98577 , 1.05786]
       - orientation : [0.594404 , 0.804003 , 0.0152345 , -0.00560913]
  RingCirclePositionError : 0
  position_error : 0.271751
  orientation_error : 1.86854
  found_in_gazebo : 1

 ErrorResults 
  stamp : 2025-11-28T22:03:01Z
  target_type : armor_red_3
  model_name : armor_red_3
  pose : 
       - position : [-0.00110486 , 2.98571 , 1.05784]
       - orientation : [0.594331 , 0.804041 , 0.0158772 , -0.00602615]
  RingCirclePositionError : 0
  position_error : 0.271712
  orientation_error : 1.86873
  found_in_gazebo : 1

 ErrorResults 
  stamp : 2025-11-28T22:03:01Z
  target_type : armor_red_3
  model_name : armor_red_3
  pose : 
       - position : [-0.00110486 , 2.98571 , 1.05784]
       - orientation : [0.594331 , 0.804041 , 0.0158772 , -0.00602615]
  RingCirclePositionError : 0
  position_error : 0.271712
  orientation_error : 1.86873
  found_in_gazebo : 1

 ErrorResults 
  stamp : 2025-11-28T22:03:01Z
  target_type : armor_red_3
  model_name : armor_red_3
  pose : 
       - position : [-0.00110486 , 2.98571 , 1.05784]
       - orientation : [0.594331 , 0.804041 , 0.0158772 , -0.00602615]
  RingCirclePositionError : 0
  position_error : 0.271712
  orientation_error : 1.86873
  found_in_gazebo : 1

 ErrorResults 
  stamp : 2025-11-28T22:03:01Z
  target_type : armor_red_3
  model_name : armor_red_3
  pose : 
       - position : [-0.00110486 , 2.98571 , 1.05784]
       - orientation : [0.594331 , 0.804041 , 0.0158772 , -0.00602615]
  RingCirclePositionError : 0
  position_error : 0.271712
  orientation_error : 1.86873
  found_in_gazebo : 1

 ErrorResults 
  stamp : 2025-11-28T22:03:01Z
  target_type : armor_red_3
  model_name : armor_red_3
  pose : 
       - position : [-0.00110486 , 2.98571 , 1.05784]
       - orientation : [0.594331 , 0.804041 , 0.0158772 , -0.00602615]
  RingCirclePositionError : 0
  position_error : 0.271712
  orientation_error : 1.86873
  found_in_gazebo : 1

 ErrorResults 
  stamp : 2025-11-28T22:03:01Z
  target_type : armor_red_3
  model_name : armor_red_3
  pose : 
       - position : [-0.00110486 , 2.98571 , 1.05784]
       - orientation : [0.594331 , 0.804041 , 0.0158772 , -0.00602615]
  RingCirclePositionError : 0
  position_error : 0.271712
  orientation_error : 1.86873
  found_in_gazebo : 1

 ErrorResults 
  stamp : 2025-11-28T22:03:01Z
  target_type : armor_red_3
  model_name : armor_red_3
  pose : 
       - position : [0.0125719 , 2.86474 , 1.01463]
       - orientation : [0.592407 , 0.792753 , -0.117249 , 0.0827602]
  RingCirclePositionError : 0
  position_error : 0.217867
  orientation_error : 1.87351
  found_in_gazebo : 1

 ErrorResults 
  stamp : 2025-11-28T22:03:01Z
  target_type : armor_red_3
  model_name : armor_red_3
  pose : 
       - position : [0.0125719 , 2.86474 , 1.01463]
       - orientation : [0.592407 , 0.792753 , -0.117249 , 0.0827602]
  RingCirclePositionError : 0
  position_error : 0.217867
  orientation_error : 1.87351
  found_in_gazebo : 1

 ErrorResults 
  stamp : 2025-11-28T22:03:01Z
  target_type : armor_red_3
  model_name : armor_red_3
  pose : 
       - position : [0.0125719 , 2.86474 , 1.01463]
       - orientation : [0.592407 , 0.792753 , -0.117249 , 0.0827602]
  RingCirclePositionError : 0
  position_error : 0.217867
  orientation_error : 1.87351
  found_in_gazebo : 1

 ErrorResults 
  stamp : 2025-11-28T22:03:01Z
  target_type : armor_red_3
  model_name : armor_red_3
  pose : 
       - position : [0.0125719 , 2.86474 , 1.01463]
       - orientation : [0.592407 , 0.792753 , -0.117249 , 0.0827602]
  RingCirclePositionError : 0
  position_error : 0.217867
  orientation_error : 1.87351
  found_in_gazebo : 1

 ErrorResults 
  stamp : 2025-11-28T22:03:01Z
  target_type : armor_red_3
  model_name : armor_red_3
  pose : 
       - position : [0.0125719 , 2.86474 , 1.01463]
       - orientation : [0.592407 , 0.792753 , -0.117249 , 0.0827602]
  RingCirclePositionError : 0
  position_error : 0.217867
  orientation_error : 1.87351
  found_in_gazebo : 1

 ErrorResults 
  stamp : 2025-11-28T22:03:01Z
  target_type : armor_red_3
  model_name : armor_red_3
  pose : 
       - position : [0.0125719 , 2.86474 , 1.01463]
       - orientation : [0.592407 , 0.792753 , -0.117249 , 0.0827602]
  RingCirclePositionError : 0
  position_error : 0.217867
  orientation_error : 1.87351
  found_in_gazebo : 1

 ErrorResults 
  stamp : 2025-11-28T22:03:01Z
  target_type : armor_red_3
  model_name : armor_red_3
  pose : 
       - position : [0.0125719 , 2.86474 , 1.01463]
       - orientation : [0.592407 , 0.792753 , -0.117249 , 0.0827602]
  RingCirclePositionError : 0
  position_error : 0.217867
  orientation_error : 1.87351
  found_in_gazebo : 1

 ErrorResults 
  stamp : 2025-11-28T22:03:01Z
  target_type : armor_red_3
  model_name : armor_red_3
  pose : 
       - position : [0.0125719 , 2.86474 , 1.01463]
       - orientation : [0.592407 , 0.792753 , -0.117249 , 0.0827602]
  RingCirclePositionError : 0
  position_error : 0.217867
  orientation_error : 1.87351
  found_in_gazebo : 1

 ErrorResults 
  stamp : 2025-11-28T22:03:01Z
  target_type : armor_red_3
  model_name : armor_red_3
  pose : 
       - position : [0.0125719 , 2.86474 , 1.01463]
       - orientation : [0.592407 , 0.792753 , -0.117249 , 0.0827602]
  RingCirclePositionError : 0
  position_error : 0.217867
  orientation_error : 1.87351
  found_in_gazebo : 1

 ErrorResults 
  stamp : 2025-11-28T22:03:01Z
  target_type : armor_red_3
  model_name : armor_red_3
  pose : 
       - position : [0.0125719 , 2.86474 , 1.01463]
       - orientation : [0.592407 , 0.792753 , -0.117249 , 0.0827602]
  RingCirclePositionError : 0
  position_error : 0.217867
  orientation_error : 1.87351
  found_in_gazebo : 1

 ErrorResults 
  stamp : 2025-11-28T22:03:01Z
  target_type : armor_red_3
  model_name : armor_red_3
  pose : 
       - position : [0.0125719 , 2.86474 , 1.01463]
       - orientation : [0.592407 , 0.792753 , -0.117249 , 0.0827602]
  RingCirclePositionError : 0
  position_error : 0.217867
  orientation_error : 1.87351
  found_in_gazebo : 1

 ErrorResults 
  stamp : 2025-11-28T22:03:01Z
  target_type : armor_red_3
  model_name : armor_red_3
  pose : 
       - position : [0.0125719 , 2.86474 , 1.01463]
       - orientation : [0.592407 , 0.792753 , -0.117249 , 0.0827602]
  RingCirclePositionError : 0
  position_error : 0.217867
  orientation_error : 1.87351
  found_in_gazebo : 1

 ErrorResults 
  stamp : 2025-11-28T22:03:01Z
  target_type : armor_red_3
  model_name : armor_red_3
  pose : 
       - position : [0.0125719 , 2.86474 , 1.01463]
       - orientation : [0.592407 , 0.792753 , -0.117249 , 0.0827602]
  RingCirclePositionError : 0
  position_error : 0.217867
  orientation_error : 1.87351
  found_in_gazebo : 1

 ErrorResults 
  stamp : 2025-11-28T22:03:01Z
  target_type : armor_red_3
  model_name : armor_red_3
  pose : 
       - position : [0.0125719 , 2.86474 , 1.01463]
       - orientation : [0.592407 , 0.792753 , -0.117249 , 0.0827602]
  RingCirclePositionError : 0
  position_error : 0.217867
  orientation_error : 1.87351
  found_in_gazebo : 1

 ErrorResults 
  stamp : 2025-11-28T22:03:01Z
  target_type : armor_red_3
  model_name : armor_red_3
  pose : 
       - position : [0.0125719 , 2.86474 , 1.01463]
       - orientation : [0.592407 , 0.792753 , -0.117249 , 0.0827602]
  RingCirclePositionError : 0
  position_error : 0.217867
  orientation_error : 1.87351
  found_in_gazebo : 1

 ErrorResults 
  stamp : 2025-11-28T22:03:01Z
  target_type : armor_red_3
  model_name : armor_red_3
  pose : 
       - position : [0.0125719 , 2.86474 , 1.01463]
       - orientation : [0.592407 , 0.792753 , -0.117249 , 0.0827602]
  RingCirclePositionError : 0
  position_error : 0.217867
  orientation_error : 1.87351
  found_in_gazebo : 1

 ErrorResults 
  stamp : 2025-11-28T22:03:01Z
  target_type : armor_red_3
  model_name : armor_red_3
  pose : 
       - position : [0.0125719 , 2.86474 , 1.01463]
       - orientation : [0.592407 , 0.792753 , -0.117249 , 0.0827602]
  RingCirclePositionError : 0
  position_error : 0.217867
  orientation_error : 1.87351
  found_in_gazebo : 1

 ErrorResults 
  stamp : 2025-11-28T22:03:01Z
  target_type : armor_red_3
  model_name : armor_red_3
  pose : 
       - position : [0.0125719 , 2.86474 , 1.01463]
       - orientation : [0.592407 , 0.792753 , -0.117249 , 0.0827602]
  RingCirclePositionError : 0
  position_error : 0.217867
  orientation_error : 1.87351
  found_in_gazebo : 1

 ErrorResults 
  stamp : 2025-11-28T22:03:01Z
  target_type : armor_red_3
  model_name : armor_red_3
  pose : 
       - position : [0.0125719 , 2.86474 , 1.01463]
       - orientation : [0.592407 , 0.792753 , -0.117249 , 0.0827602]
  RingCirclePositionError : 0
  position_error : 0.217867
  orientation_error : 1.87351
  found_in_gazebo : 1

 ErrorResults 
  stamp : 2025-11-28T22:03:01Z
  target_type : armor_red_3
  model_name : armor_red_3
  pose : 
       - position : [0.0125719 , 2.86474 , 1.01463]
       - orientation : [0.592407 , 0.792753 , -0.117249 , 0.0827602]
  RingCirclePositionError : 0
  position_error : 0.217867
  orientation_error : 1.87351
  found_in_gazebo : 1

 ErrorResults 
  stamp : 2025-11-28T22:03:01Z
  target_type : armor_red_3
  model_name : armor_red_3
  pose : 
       - position : [0.0125719 , 2.86474 , 1.01463]
       - orientation : [0.592407 , 0.792753 , -0.117249 , 0.0827602]
  RingCirclePositionError : 0
  position_error : 0.217867
  orientation_error : 1.87351
  found_in_gazebo : 1

 ErrorResults 
  stamp : 2025-11-28T22:03:01Z
  target_type : armor_red_3
  model_name : armor_red_3
  pose : 
       - position : [0.0125719 , 2.86474 , 1.01463]
       - orientation : [0.592407 , 0.792753 , -0.117249 , 0.0827602]
  RingCirclePositionError : 0
  position_error : 0.217867
  orientation_error : 1.87351
  found_in_gazebo : 1

 ErrorResults 
  stamp : 2025-11-28T22:03:01Z
  target_type : armor_red_3
  model_name : armor_red_3
  pose : 
       - position : [0.0125719 , 2.86474 , 1.01463]
       - orientation : [0.592407 , 0.792753 , -0.117249 , 0.0827602]
  RingCirclePositionError : 0
  position_error : 0.217867
  orientation_error : 1.87351
  found_in_gazebo : 1

 ErrorResults 
  stamp : 2025-11-28T22:03:01Z
  target_type : armor_red_3
  model_name : armor_red_3
  pose : 
       - position : [0.0125719 , 2.86474 , 1.01463]
       - orientation : [0.592407 , 0.792753 , -0.117249 , 0.0827602]
  RingCirclePositionError : 0
  position_error : 0.217867
  orientation_error : 1.87351
  found_in_gazebo : 1

 ErrorResults 
  stamp : 2025-11-28T22:03:01Z
  target_type : armor_red_3
  model_name : armor_red_3
  pose : 
       - position : [0.0125719 , 2.86474 , 1.01463]
       - orientation : [0.592407 , 0.792753 , -0.117249 , 0.0827602]
  RingCirclePositionError : 0
  position_error : 0.217867
  orientation_error : 1.87351
  found_in_gazebo : 1

 ErrorResults 
  stamp : 2025-11-28T22:03:01Z
  target_type : armor_red_3
  model_name : armor_red_3
  pose : 
       - position : [0.0125719 , 2.86474 , 1.01463]
       - orientation : [0.592407 , 0.792753 , -0.117249 , 0.0827602]
  RingCirclePositionError : 0
  position_error : 0.217867
  orientation_error : 1.87351
  found_in_gazebo : 1

 ErrorResults 
  stamp : 2025-11-28T22:03:01Z
  target_type : armor_red_3
  model_name : armor_red_3
  pose : 
       - position : [0.0125719 , 2.86474 , 1.01463]
       - orientation : [0.592407 , 0.792753 , -0.117249 , 0.0827602]
  RingCirclePositionError : 0
  position_error : 0.217867
  orientation_error : 1.87351
  found_in_gazebo : 1

 ErrorResults 
  stamp : 2025-11-28T22:03:01Z
  target_type : armor_red_3
  model_name : armor_red_3
  pose : 
       - position : [0.0125719 , 2.86474 , 1.01463]
       - orientation : [0.592407 , 0.792753 , -0.117249 , 0.0827602]
  RingCirclePositionError : 0
  position_error : 0.217867
  orientation_error : 1.87351
  found_in_gazebo : 1

 ErrorResults 
  stamp : 2025-11-28T22:03:02Z
  target_type : armor_red_3
  model_name : armor_red_3
  pose : 
       - position : [0.0125719 , 2.86474 , 1.01463]
       - orientation : [0.592407 , 0.792753 , -0.117249 , 0.0827602]
  RingCirclePositionError : 0
  position_error : 0.217867
  orientation_error : 1.87351
  found_in_gazebo : 1

 ErrorResults 
  stamp : 2025-11-28T22:03:02Z
  target_type : armor_red_3
  model_name : armor_red_3
  pose : 
       - position : [0.0125719 , 2.86474 , 1.01463]
       - orientation : [0.592407 , 0.792753 , -0.117249 , 0.0827602]
  RingCirclePositionError : 0
  position_error : 0.217867
  orientation_error : 1.87351
  found_in_gazebo : 1

 ErrorResults 
  stamp : 2025-11-28T22:03:02Z
  target_type : armor_red_3
  model_name : armor_red_3
  pose : 
       - position : [0.0125719 , 2.86474 , 1.01463]
       - orientation : [0.592407 , 0.792753 , -0.117249 , 0.0827602]
  RingCirclePositionError : 0
  position_error : 0.217867
  orientation_error : 1.87351
  found_in_gazebo : 1

 ErrorResults 
  stamp : 2025-11-28T22:03:02Z
  target_type : armor_red_3
  model_name : armor_red_3
  pose : 
       - position : [0.0125719 , 2.86474 , 1.01463]
       - orientation : [0.592407 , 0.792753 , -0.117249 , 0.0827602]
  RingCirclePositionError : 0
  position_error : 0.217867
  orientation_error : 1.87351
  found_in_gazebo : 1

 ErrorResults 
  stamp : 2025-11-28T22:03:02Z
  target_type : armor_red_3
  model_name : armor_red_3
  pose : 
       - position : [0.0125719 , 2.86474 , 1.01463]
       - orientation : [0.592407 , 0.792753 , -0.117249 , 0.0827602]
  RingCirclePositionError : 0
  position_error : 0.217867
  orientation_error : 1.87351
  found_in_gazebo : 1

 ErrorResults 
  stamp : 2025-11-28T22:03:02Z
  target_type : armor_red_3
  model_name : armor_red_3
  pose : 
       - position : [0.0125719 , 2.86474 , 1.01463]
       - orientation : [0.592407 , 0.792753 , -0.117249 , 0.0827602]
  RingCirclePositionError : 0
  position_error : 0.217867
  orientation_error : 1.87351
  found_in_gazebo : 1

 ErrorResults 
  stamp : 2025-11-28T22:03:02Z
  target_type : armor_red_3
  model_name : armor_red_3
  pose : 
       - position : [0.0125719 , 2.86474 , 1.01463]
       - orientation : [0.592407 , 0.792753 , -0.117249 , 0.0827602]
  RingCirclePositionError : 0
  position_error : 0.217867
  orientation_error : 1.87351
  found_in_gazebo : 1

 ErrorResults 
  stamp : 2025-11-28T22:03:02Z
  target_type : armor_red_3
  model_name : armor_red_3
  pose : 
       - position : [0.0125719 , 2.86474 , 1.01463]
       - orientation : [0.592407 , 0.792753 , -0.117249 , 0.0827602]
  RingCirclePositionError : 0
  position_error : 0.217867
  orientation_error : 1.87351
  found_in_gazebo : 1

 ErrorResults 
  stamp : 2025-11-28T22:03:02Z
  target_type : armor_red_3
  model_name : armor_red_3
  pose : 
       - position : [0.0125719 , 2.86474 , 1.01463]
       - orientation : [0.592407 , 0.792753 , -0.117249 , 0.0827602]
  RingCirclePositionError : 0
  position_error : 0.217867
  orientation_error : 1.87351
  found_in_gazebo : 1

 ErrorResults 
  stamp : 2025-11-28T22:03:02Z
  target_type : armor_red_3
  model_name : armor_red_3
  pose : 
       - position : [0.0125719 , 2.86474 , 1.01463]
       - orientation : [0.592407 , 0.792753 , -0.117249 , 0.0827602]
  RingCirclePositionError : 0
  position_error : 0.217867
  orientation_error : 1.87351
  found_in_gazebo : 1

 ErrorResults 
  stamp : 2025-11-28T22:03:02Z
  target_type : armor_red_3
  model_name : armor_red_3
  pose : 
       - position : [0.0125719 , 2.86474 , 1.01463]
       - orientation : [0.592407 , 0.792753 , -0.117249 , 0.0827602]
  RingCirclePositionError : 0
  position_error : 0.217867
  orientation_error : 1.87351
  found_in_gazebo : 1

 ErrorResults 
  stamp : 2025-11-28T22:03:02Z
  target_type : armor_red_3
  model_name : armor_red_3
  pose : 
       - position : [0.0125719 , 2.86474 , 1.01463]
       - orientation : [0.592407 , 0.792753 , -0.117249 , 0.0827602]
  RingCirclePositionError : 0
  position_error : 0.217867
  orientation_error : 1.87351
  found_in_gazebo : 1

 ErrorResults 
  stamp : 2025-11-28T22:03:02Z
  target_type : armor_red_3
  model_name : armor_red_3
  pose : 
       - position : [0.0125719 , 2.86474 , 1.01463]
       - orientation : [0.592407 , 0.792753 , -0.117249 , 0.0827602]
  RingCirclePositionError : 0
  position_error : 0.217867
  orientation_error : 1.87351
  found_in_gazebo : 1

 ErrorResults 
  stamp : 2025-11-28T22:03:02Z
  target_type : armor_red_3
  model_name : armor_red_3
  pose : 
       - position : [0.0125719 , 2.86474 , 1.01463]
       - orientation : [0.592407 , 0.792753 , -0.117249 , 0.0827602]
  RingCirclePositionError : 0
  position_error : 0.217867
  orientation_error : 1.87351
  found_in_gazebo : 1

 ErrorResults 
  stamp : 2025-11-28T22:03:02Z
  target_type : armor_red_3
  model_name : armor_red_3
  pose : 
       - position : [0.0125719 , 2.86474 , 1.01463]
       - orientation : [0.592407 , 0.792753 , -0.117249 , 0.0827602]
  RingCirclePositionError : 0
  position_error : 0.217867
  orientation_error : 1.87351
  found_in_gazebo : 1

 ErrorResults 
  stamp : 2025-11-28T22:03:02Z
  target_type : armor_red_3
  model_name : armor_red_3
  pose : 
       - position : [0.0125719 , 2.86474 , 1.01463]
       - orientation : [0.592407 , 0.792753 , -0.117249 , 0.0827602]
  RingCirclePositionError : 0
  position_error : 0.217867
  orientation_error : 1.87351
  found_in_gazebo : 1

 ErrorResults 
  stamp : 2025-11-28T22:03:02Z
  target_type : armor_red_3
  model_name : armor_red_3
  pose : 
       - position : [0.0125719 , 2.86474 , 1.01463]
       - orientation : [0.592407 , 0.792753 , -0.117249 , 0.0827602]
  RingCirclePositionError : 0
  position_error : 0.217867
  orientation_error : 1.87351
  found_in_gazebo : 1

 ErrorResults 
  stamp : 2025-11-28T22:03:02Z
  target_type : armor_red_3
  model_name : armor_red_3
  pose : 
       - position : [0.0125719 , 2.86474 , 1.01463]
       - orientation : [0.592407 , 0.792753 , -0.117249 , 0.0827602]
  RingCirclePositionError : 0
  position_error : 0.217867
  orientation_error : 1.87351
  found_in_gazebo : 1

 ErrorResults 
  stamp : 2025-11-28T22:03:02Z
  target_type : armor_red_3
  model_name : armor_red_3
  pose : 
       - position : [0.0125719 , 2.86474 , 1.01463]
       - orientation : [0.592407 , 0.792753 , -0.117249 , 0.0827602]
  RingCirclePositionError : 0
  position_error : 0.217867
  orientation_error : 1.87351
  found_in_gazebo : 1

 ErrorResults 
  stamp : 2025-11-28T22:03:02Z
  target_type : armor_red_3
  model_name : armor_red_3
  pose : 
       - position : [0.0125719 , 2.86474 , 1.01463]
       - orientation : [0.592407 , 0.792753 , -0.117249 , 0.0827602]
  RingCirclePositionError : 0
  position_error : 0.217867
  orientation_error : 1.87351
  found_in_gazebo : 1

 ErrorResults 
  stamp : 2025-11-28T22:03:02Z
  target_type : armor_red_3
  model_name : armor_red_3
  pose : 
       - position : [0.0125719 , 2.86474 , 1.01463]
       - orientation : [0.592407 , 0.792753 , -0.117249 , 0.0827602]
  RingCirclePositionError : 0
  position_error : 0.217867
  orientation_error : 1.87351
  found_in_gazebo : 1

 ErrorResults 
  stamp : 2025-11-28T22:03:02Z
  target_type : armor_red_3
  model_name : armor_red_3
  pose : 
       - position : [0.0125719 , 2.86474 , 1.01463]
       - orientation : [0.592407 , 0.792753 , -0.117249 , 0.0827602]
  RingCirclePositionError : 0
  position_error : 0.217867
  orientation_error : 1.87351
  found_in_gazebo : 1

 ErrorResults 
  stamp : 2025-11-28T22:03:02Z
  target_type : armor_red_3
  model_name : armor_red_3
  pose : 
       - position : [0.0125719 , 2.86474 , 1.01463]
       - orientation : [0.592407 , 0.792753 , -0.117249 , 0.0827602]
  RingCirclePositionError : 0
  position_error : 0.217867
  orientation_error : 1.87351
  found_in_gazebo : 1

 ErrorResults 
  stamp : 2025-11-28T22:03:02Z
  target_type : armor_red_3
  model_name : armor_red_3
  pose : 
       - position : [0.0125719 , 2.86474 , 1.01463]
       - orientation : [0.592407 , 0.792753 , -0.117249 , 0.0827602]
  RingCirclePositionError : 0
  position_error : 0.217867
  orientation_error : 1.87351
  found_in_gazebo : 1

 ErrorResults 
  stamp : 2025-11-28T22:03:02Z
  target_type : armor_red_3
  model_name : armor_red_3
  pose : 
       - position : [0.0125719 , 2.86474 , 1.01463]
       - orientation : [0.592407 , 0.792753 , -0.117249 , 0.0827602]
  RingCirclePositionError : 0
  position_error : 0.217867
  orientation_error : 1.87351
  found_in_gazebo : 1

 ErrorResults 
  stamp : 2025-11-28T22:03:02Z
  target_type : armor_red_3
  model_name : armor_red_3
  pose : 
       - position : [0.0125719 , 2.86474 , 1.01463]
       - orientation : [0.592407 , 0.792753 , -0.117249 , 0.0827602]
  RingCirclePositionError : 0
  position_error : 0.217867
  orientation_error : 1.87351
  found_in_gazebo : 1

 ErrorResults 
  stamp : 2025-11-28T22:03:02Z
  target_type : armor_red_3
  model_name : armor_red_3
  pose : 
       - position : [0.0125719 , 2.86474 , 1.01463]
       - orientation : [0.592407 , 0.792753 , -0.117249 , 0.0827602]
  RingCirclePositionError : 0
  position_error : 0.217867
  orientation_error : 1.87351
  found_in_gazebo : 1

 ErrorResults 
  stamp : 2025-11-28T22:03:02Z
  target_type : armor_red_3
  model_name : armor_red_3
  pose : 
       - position : [0.0125719 , 2.86474 , 1.01463]
       - orientation : [0.592407 , 0.792753 , -0.117249 , 0.0827602]
  RingCirclePositionError : 0
  position_error : 0.217867
  orientation_error : 1.87351
  found_in_gazebo : 1

 ErrorResults 
  stamp : 2025-11-28T22:03:02Z
  target_type : armor_red_3
  model_name : armor_red_3
  pose : 
       - position : [0.0125719 , 2.86474 , 1.01463]
       - orientation : [0.592407 , 0.792753 , -0.117249 , 0.0827602]
  RingCirclePositionError : 0
  position_error : 0.217867
  orientation_error : 1.87351
  found_in_gazebo : 1

 ErrorResults 
  stamp : 2025-11-28T22:03:02Z
  target_type : armor_red_3
  model_name : armor_red_3
  pose : 
       - position : [0.0125719 , 2.86474 , 1.01463]
       - orientation : [0.592407 , 0.792753 , -0.117249 , 0.0827602]
  RingCirclePositionError : 0
  position_error : 0.217867
  orientation_error : 1.87351
  found_in_gazebo : 1

 ErrorResults 
  stamp : 2025-11-28T22:03:02Z
  target_type : armor_red_3
  model_name : armor_red_3
  pose : 
       - position : [0.0125719 , 2.86474 , 1.01463]
       - orientation : [0.592407 , 0.792753 , -0.117249 , 0.0827602]
  RingCirclePositionError : 0
  position_error : 0.217867
  orientation_error : 1.87351
  found_in_gazebo : 1

 ErrorResults 
  stamp : 2025-11-28T22:03:02Z
  target_type : armor_red_3
  model_name : armor_red_3
  pose : 
       - position : [0.0125719 , 2.86474 , 1.01463]
       - orientation : [0.592407 , 0.792753 , -0.117249 , 0.0827602]
  RingCirclePositionError : 0
  position_error : 0.217867
  orientation_error : 1.87351
  found_in_gazebo : 1

 ErrorResults 
  stamp : 2025-11-28T22:03:02Z
  target_type : armor_red_3
  model_name : armor_red_3
  pose : 
       - position : [0.0125719 , 2.86474 , 1.01463]
       - orientation : [0.592407 , 0.792753 , -0.117249 , 0.0827602]
  RingCirclePositionError : 0
  position_error : 0.217867
  orientation_error : 1.87351
  found_in_gazebo : 1

 ErrorResults 
  stamp : 2025-11-28T22:03:02Z
  target_type : armor_red_3
  model_name : armor_red_3
  pose : 
       - position : [0.0125719 , 2.86474 , 1.01463]
       - orientation : [0.592407 , 0.792753 , -0.117249 , 0.0827602]
  RingCirclePositionError : 0
  position_error : 0.217867
  orientation_error : 1.87351
  found_in_gazebo : 1

 ErrorResults 
  stamp : 2025-11-28T22:03:02Z
  target_type : armor_red_3
  model_name : armor_red_3
  pose : 
       - position : [0.0125719 , 2.86474 , 1.01463]
       - orientation : [0.592407 , 0.792753 , -0.117249 , 0.0827602]
  RingCirclePositionError : 0
  position_error : 0.217867
  orientation_error : 1.87351
  found_in_gazebo : 1

 ErrorResults 
  stamp : 2025-11-28T22:03:02Z
  target_type : armor_red_3
  model_name : armor_red_3
  pose : 
       - position : [0.0125719 , 2.86474 , 1.01463]
       - orientation : [0.592407 , 0.792753 , -0.117249 , 0.0827602]
  RingCirclePositionError : 0
  position_error : 0.217867
  orientation_error : 1.87351
  found_in_gazebo : 1

 ErrorResults 
  stamp : 2025-11-28T22:03:02Z
  target_type : armor_red_3
  model_name : armor_red_3
  pose : 
       - position : [0.0125719 , 2.86474 , 1.01463]
       - orientation : [0.592407 , 0.792753 , -0.117249 , 0.0827602]
  RingCirclePositionError : 0
  position_error : 0.217867
  orientation_error : 1.87351
  found_in_gazebo : 1

 ErrorResults 
  stamp : 2025-11-28T22:03:02Z
  target_type : armor_red_3
  model_name : armor_red_3
  pose : 
       - position : [0.0125719 , 2.86474 , 1.01463]
       - orientation : [0.592407 , 0.792753 , -0.117249 , 0.0827602]
  RingCirclePositionError : 0
  position_error : 0.217867
  orientation_error : 1.87351
  found_in_gazebo : 1

 ErrorResults 
  stamp : 2025-11-28T22:03:02Z
  target_type : armor_red_3
  model_name : armor_red_3
  pose : 
       - position : [0.0125719 , 2.86474 , 1.01463]
       - orientation : [0.592407 , 0.792753 , -0.117249 , 0.0827602]
  RingCirclePositionError : 0
  position_error : 0.217867
  orientation_error : 1.87351
  found_in_gazebo : 1

 ErrorResults 
  stamp : 2025-11-28T22:03:02Z
  target_type : armor_red_3
  model_name : armor_red_3
  pose : 
       - position : [0.0125719 , 2.86474 , 1.01463]
       - orientation : [0.592407 , 0.792753 , -0.117249 , 0.0827602]
  RingCirclePositionError : 0
  position_error : 0.217867
  orientation_error : 1.87351
  found_in_gazebo : 1

 ErrorResults 
  stamp : 2025-11-28T22:03:02Z
  target_type : armor_red_3
  model_name : armor_red_3
  pose : 
       - position : [0.0125719 , 2.86474 , 1.01463]
       - orientation : [0.592407 , 0.792753 , -0.117249 , 0.0827602]
  RingCirclePositionError : 0
  position_error : 0.217867
  orientation_error : 1.87351
  found_in_gazebo : 1

 ErrorResults 
  stamp : 2025-11-28T22:03:02Z
  target_type : armor_red_3
  model_name : armor_red_3
  pose : 
       - position : [0.0125719 , 2.86474 , 1.01463]
       - orientation : [0.592407 , 0.792753 , -0.117249 , 0.0827602]
  RingCirclePositionError : 0
  position_error : 0.217867
  orientation_error : 1.87351
  found_in_gazebo : 1

 ErrorResults 
  stamp : 2025-11-28T22:03:02Z
  target_type : armor_red_3
  model_name : armor_red_3
  pose : 
       - position : [0.0125719 , 2.86474 , 1.01463]
       - orientation : [0.592407 , 0.792753 , -0.117249 , 0.0827602]
  RingCirclePositionError : 0
  position_error : 0.217867
  orientation_error : 1.87351
  found_in_gazebo : 1

 ErrorResults 
  stamp : 2025-11-28T22:03:02Z
  target_type : armor_red_3
  model_name : armor_red_3
  pose : 
       - position : [0.0125719 , 2.86474 , 1.01463]
       - orientation : [0.592407 , 0.792753 , -0.117249 , 0.0827602]
  RingCirclePositionError : 0
  position_error : 0.217867
  orientation_error : 1.87351
  found_in_gazebo : 1

 ErrorResults 
  stamp : 2025-11-28T22:03:02Z
  target_type : armor_red_3
  model_name : armor_red_3
  pose : 
       - position : [0.0125719 , 2.86474 , 1.01463]
       - orientation : [0.592407 , 0.792753 , -0.117249 , 0.0827602]
  RingCirclePositionError : 0
  position_error : 0.217867
  orientation_error : 1.87351
  found_in_gazebo : 1

 ErrorResults 
  stamp : 2025-11-28T22:03:02Z
  target_type : armor_red_3
  model_name : armor_red_3
  pose : 
       - position : [0.0125719 , 2.86474 , 1.01463]
       - orientation : [0.592407 , 0.792753 , -0.117249 , 0.0827602]
  RingCirclePositionError : 0
  position_error : 0.217867
  orientation_error : 1.87351
  found_in_gazebo : 1

 ErrorResults 
  stamp : 2025-11-28T22:03:03Z
  target_type : armor_red_3
  model_name : armor_red_3
  pose : 
       - position : [0.0125719 , 2.86474 , 1.01463]
       - orientation : [0.592407 , 0.792753 , -0.117249 , 0.0827602]
  RingCirclePositionError : 0
  position_error : 0.217867
  orientation_error : 1.87351
  found_in_gazebo : 1

 ErrorResults 
  stamp : 2025-11-28T22:03:03Z
  target_type : armor_red_3
  model_name : armor_red_3
  pose : 
       - position : [0.0125719 , 2.86474 , 1.01463]
       - orientation : [0.592407 , 0.792753 , -0.117249 , 0.0827602]
  RingCirclePositionError : 0
  position_error : 0.217867
  orientation_error : 1.87351
  found_in_gazebo : 1

 ErrorResults 
  stamp : 2025-11-28T22:03:03Z
  target_type : armor_red_3
  model_name : armor_red_3
  pose : 
       - position : [0.0125719 , 2.86474 , 1.01463]
       - orientation : [0.592407 , 0.792753 , -0.117249 , 0.0827602]
  RingCirclePositionError : 0
  position_error : 0.217867
  orientation_error : 1.87351
  found_in_gazebo : 1

 ErrorResults 
  stamp : 2025-11-28T22:03:03Z
  target_type : armor_red_3
  model_name : armor_red_3
  pose : 
       - position : [0.0125719 , 2.86474 , 1.01463]
       - orientation : [0.592407 , 0.792753 , -0.117249 , 0.0827602]
  RingCirclePositionError : 0
  position_error : 0.217867
  orientation_error : 1.87351
  found_in_gazebo : 1

 ErrorResults 
  stamp : 2025-11-28T22:03:03Z
  target_type : armor_red_3
  model_name : armor_red_3
  pose : 
       - position : [0.0125719 , 2.86474 , 1.01463]
       - orientation : [0.592407 , 0.792753 , -0.117249 , 0.0827602]
  RingCirclePositionError : 0
  position_error : 0.217867
  orientation_error : 1.87351
  found_in_gazebo : 1

 ErrorResults 
  stamp : 2025-11-28T22:03:03Z
  target_type : armor_red_3
  model_name : armor_red_3
  pose : 
       - position : [0.0125719 , 2.86474 , 1.01463]
       - orientation : [0.592407 , 0.792753 , -0.117249 , 0.0827602]
  RingCirclePositionError : 0
  position_error : 0.217867
  orientation_error : 1.87351
  found_in_gazebo : 1

 ErrorResults 
  stamp : 2025-11-28T22:03:03Z
  target_type : armor_red_3
  model_name : armor_red_3
  pose : 
       - position : [0.0125719 , 2.86474 , 1.01463]
       - orientation : [0.592407 , 0.792753 , -0.117249 , 0.0827602]
  RingCirclePositionError : 0
  position_error : 0.217867
  orientation_error : 1.87351
  found_in_gazebo : 1

 ErrorResults 
  stamp : 2025-11-28T22:03:03Z
  target_type : armor_red_3
  model_name : armor_red_3
  pose : 
       - position : [0.0125719 , 2.86474 , 1.01463]
       - orientation : [0.592407 , 0.792753 , -0.117249 , 0.0827602]
  RingCirclePositionError : 0
  position_error : 0.217867
  orientation_error : 1.87351
  found_in_gazebo : 1

 ErrorResults 
  stamp : 2025-11-28T22:03:03Z
  target_type : armor_red_3
  model_name : armor_red_3
  pose : 
       - position : [0.0125719 , 2.86474 , 1.01463]
       - orientation : [0.592407 , 0.792753 , -0.117249 , 0.0827602]
  RingCirclePositionError : 0
  position_error : 0.217867
  orientation_error : 1.87351
  found_in_gazebo : 1

 ErrorResults 
  stamp : 2025-11-28T22:03:03Z
  target_type : armor_red_3
  model_name : armor_red_3
  pose : 
       - position : [0.0125719 , 2.86474 , 1.01463]
       - orientation : [0.592407 , 0.792753 , -0.117249 , 0.0827602]
  RingCirclePositionError : 0
  position_error : 0.217867
  orientation_error : 1.87351
  found_in_gazebo : 1

 ErrorResults 
  stamp : 2025-11-28T22:03:03Z
  target_type : armor_red_3
  model_name : armor_red_3
  pose : 
       - position : [0.0120345 , 2.87868 , 1.01832]
       - orientation : [0.599814 , 0.78851 , -0.110519 , 0.0791232]
  RingCirclePositionError : 0
  position_error : 0.219687
  orientation_error : 1.85505
  found_in_gazebo : 1

 ErrorResults 
  stamp : 2025-11-28T22:03:03Z
  target_type : armor_red_3
  model_name : armor_red_3
  pose : 
       - position : [0.0120345 , 2.87868 , 1.01832]
       - orientation : [0.599814 , 0.78851 , -0.110519 , 0.0791232]
  RingCirclePositionError : 0
  position_error : 0.219687
  orientation_error : 1.85505
  found_in_gazebo : 1

 ErrorResults 
  stamp : 2025-11-28T22:03:03Z
  target_type : armor_red_3
  model_name : armor_red_3
  pose : 
       - position : [0.0120345 , 2.87868 , 1.01832]
       - orientation : [0.599814 , 0.78851 , -0.110519 , 0.0791232]
  RingCirclePositionError : 0
  position_error : 0.219687
  orientation_error : 1.85505
  found_in_gazebo : 1

 ErrorResults 
  stamp : 2025-11-28T22:03:03Z
  target_type : armor_red_3
  model_name : armor_red_3
  pose : 
       - position : [0.0120345 , 2.87868 , 1.01832]
       - orientation : [0.599814 , 0.78851 , -0.110519 , 0.0791232]
  RingCirclePositionError : 0
  position_error : 0.219687
  orientation_error : 1.85505
  found_in_gazebo : 1

 ErrorResults 
  stamp : 2025-11-28T22:03:03Z
  target_type : armor_red_3
  model_name : armor_red_3
  pose : 
       - position : [0.0120345 , 2.87868 , 1.01832]
       - orientation : [0.599814 , 0.78851 , -0.110519 , 0.0791232]
  RingCirclePositionError : 0
  position_error : 0.219687
  orientation_error : 1.85505
  found_in_gazebo : 1

 ErrorResults 
  stamp : 2025-11-28T22:03:03Z
  target_type : armor_red_3
  model_name : armor_red_3
  pose : 
       - position : [0.0120345 , 2.87868 , 1.01832]
       - orientation : [0.599814 , 0.78851 , -0.110519 , 0.0791232]
  RingCirclePositionError : 0
  position_error : 0.219687
  orientation_error : 1.85505
  found_in_gazebo : 1

 ErrorResults 
  stamp : 2025-11-28T22:03:03Z
  target_type : armor_red_3
  model_name : armor_red_3
  pose : 
       - position : [0.0120345 , 2.87868 , 1.01832]
       - orientation : [0.599814 , 0.78851 , -0.110519 , 0.0791232]
  RingCirclePositionError : 0
  position_error : 0.219687
  orientation_error : 1.85505
  found_in_gazebo : 1

 ErrorResults 
  stamp : 2025-11-28T22:03:03Z
  target_type : armor_red_3
  model_name : armor_red_3
  pose : 
       - position : [0.0120345 , 2.87868 , 1.01832]
       - orientation : [0.599814 , 0.78851 , -0.110519 , 0.0791232]
  RingCirclePositionError : 0
  position_error : 0.219687
  orientation_error : 1.85505
  found_in_gazebo : 1

 ErrorResults 
  stamp : 2025-11-28T22:03:03Z
  target_type : armor_red_3
  model_name : armor_red_3
  pose : 
       - position : [0.0120345 , 2.87868 , 1.01832]
       - orientation : [0.599814 , 0.78851 , -0.110519 , 0.0791232]
  RingCirclePositionError : 0
  position_error : 0.219687
  orientation_error : 1.85505
  found_in_gazebo : 1

 ErrorResults 
  stamp : 2025-11-28T22:03:03Z
  target_type : armor_red_3
  model_name : armor_red_3
  pose : 
       - position : [0.0120345 , 2.87868 , 1.01832]
       - orientation : [0.599814 , 0.78851 , -0.110519 , 0.0791232]
  RingCirclePositionError : 0
  position_error : 0.219687
  orientation_error : 1.85505
  found_in_gazebo : 1

 ErrorResults 
  stamp : 2025-11-28T22:03:03Z
  target_type : armor_red_3
  model_name : armor_red_3
  pose : 
       - position : [0.0120345 , 2.87868 , 1.01832]
       - orientation : [0.599814 , 0.78851 , -0.110519 , 0.0791232]
  RingCirclePositionError : 0
  position_error : 0.219687
  orientation_error : 1.85505
  found_in_gazebo : 1

 ErrorResults 
  stamp : 2025-11-28T22:03:03Z
  target_type : armor_red_3
  model_name : armor_red_3
  pose : 
       - position : [0.0120345 , 2.87868 , 1.01832]
       - orientation : [0.599814 , 0.78851 , -0.110519 , 0.0791232]
  RingCirclePositionError : 0
  position_error : 0.219687
  orientation_error : 1.85505
  found_in_gazebo : 1

 ErrorResults 
  stamp : 2025-11-28T22:03:03Z
  target_type : armor_red_3
  model_name : armor_red_3
  pose : 
       - position : [0.0120345 , 2.87868 , 1.01832]
       - orientation : [0.599814 , 0.78851 , -0.110519 , 0.0791232]
  RingCirclePositionError : 0
  position_error : 0.219687
  orientation_error : 1.85505
  found_in_gazebo : 1

 ErrorResults 
  stamp : 2025-11-28T22:03:03Z
  target_type : armor_red_3
  model_name : armor_red_3
  pose : 
       - position : [0.0120345 , 2.87868 , 1.01832]
       - orientation : [0.599814 , 0.78851 , -0.110519 , 0.0791232]
  RingCirclePositionError : 0
  position_error : 0.219687
  orientation_error : 1.85505
  found_in_gazebo : 1

 ErrorResults 
  stamp : 2025-11-28T22:03:03Z
  target_type : armor_red_3
  model_name : armor_red_3
  pose : 
       - position : [0.0120345 , 2.87868 , 1.01832]
       - orientation : [0.599814 , 0.78851 , -0.110519 , 0.0791232]
  RingCirclePositionError : 0
  position_error : 0.219687
  orientation_error : 1.85505
  found_in_gazebo : 1

 ErrorResults 
  stamp : 2025-11-28T22:03:03Z
  target_type : armor_red_3
  model_name : armor_red_3
  pose : 
       - position : [0.0120345 , 2.87868 , 1.01832]
       - orientation : [0.599814 , 0.78851 , -0.110519 , 0.0791232]
  RingCirclePositionError : 0
  position_error : 0.219687
  orientation_error : 1.85505
  found_in_gazebo : 1

 ErrorResults 
  stamp : 2025-11-28T22:03:03Z
  target_type : armor_red_3
  model_name : armor_red_3
  pose : 
       - position : [0.0120345 , 2.87868 , 1.01832]
       - orientation : [0.599814 , 0.78851 , -0.110519 , 0.0791232]
  RingCirclePositionError : 0
  position_error : 0.219687
  orientation_error : 1.85505
  found_in_gazebo : 1

 ErrorResults 
  stamp : 2025-11-28T22:03:03Z
  target_type : armor_red_3
  model_name : armor_red_3
  pose : 
       - position : [0.0120345 , 2.87868 , 1.01832]
       - orientation : [0.599814 , 0.78851 , -0.110519 , 0.0791232]
  RingCirclePositionError : 0
  position_error : 0.219687
  orientation_error : 1.85505
  found_in_gazebo : 1

 ErrorResults 
  stamp : 2025-11-28T22:03:03Z
  target_type : armor_red_3
  model_name : armor_red_3
  pose : 
       - position : [0.0120345 , 2.87868 , 1.01832]
       - orientation : [0.599814 , 0.78851 , -0.110519 , 0.0791232]
  RingCirclePositionError : 0
  position_error : 0.219687
  orientation_error : 1.85505
  found_in_gazebo : 1

 ErrorResults 
  stamp : 2025-11-28T22:03:03Z
  target_type : armor_red_3
  model_name : armor_red_3
  pose : 
       - position : [0.0120345 , 2.87868 , 1.01832]
       - orientation : [0.599814 , 0.78851 , -0.110519 , 0.0791232]
  RingCirclePositionError : 0
  position_error : 0.219687
  orientation_error : 1.85505
  found_in_gazebo : 1

 ErrorResults 
  stamp : 2025-11-28T22:03:03Z
  target_type : armor_red_3
  model_name : armor_red_3
  pose : 
       - position : [0.0120345 , 2.87868 , 1.01832]
       - orientation : [0.599814 , 0.78851 , -0.110519 , 0.0791232]
  RingCirclePositionError : 0
  position_error : 0.219687
  orientation_error : 1.85505
  found_in_gazebo : 1

 ErrorResults 
  stamp : 2025-11-28T22:03:03Z
  target_type : armor_red_3
  model_name : armor_red_3
  pose : 
       - position : [0.0120345 , 2.87868 , 1.01832]
       - orientation : [0.599814 , 0.78851 , -0.110519 , 0.0791232]
  RingCirclePositionError : 0
  position_error : 0.219687
  orientation_error : 1.85505
  found_in_gazebo : 1

 ErrorResults 
  stamp : 2025-11-28T22:03:03Z
  target_type : armor_red_3
  model_name : armor_red_3
  pose : 
       - position : [0.0120345 , 2.87868 , 1.01832]
       - orientation : [0.599814 , 0.78851 , -0.110519 , 0.0791232]
  RingCirclePositionError : 0
  position_error : 0.219687
  orientation_error : 1.85505
  found_in_gazebo : 1

 ErrorResults 
  stamp : 2025-11-28T22:03:03Z
  target_type : armor_red_3
  model_name : armor_red_3
  pose : 
       - position : [0.0120345 , 2.87868 , 1.01832]
       - orientation : [0.599814 , 0.78851 , -0.110519 , 0.0791232]
  RingCirclePositionError : 0
  position_error : 0.219687
  orientation_error : 1.85505
  found_in_gazebo : 1

 ErrorResults 
  stamp : 2025-11-28T22:03:03Z
  target_type : armor_red_3
  model_name : armor_red_3
  pose : 
       - position : [0.0120345 , 2.87868 , 1.01832]
       - orientation : [0.599814 , 0.78851 , -0.110519 , 0.0791232]
  RingCirclePositionError : 0
  position_error : 0.219687
  orientation_error : 1.85505
  found_in_gazebo : 1

 ErrorResults 
  stamp : 2025-11-28T22:03:03Z
  target_type : armor_red_3
  model_name : armor_red_3
  pose : 
       - position : [0.0120345 , 2.87868 , 1.01832]
       - orientation : [0.599814 , 0.78851 , -0.110519 , 0.0791232]
  RingCirclePositionError : 0
  position_error : 0.219687
  orientation_error : 1.85505
  found_in_gazebo : 1

 ErrorResults 
  stamp : 2025-11-28T22:03:03Z
  target_type : armor_red_3
  model_name : armor_red_3
  pose : 
       - position : [0.0120345 , 2.87868 , 1.01832]
       - orientation : [0.599814 , 0.78851 , -0.110519 , 0.0791232]
  RingCirclePositionError : 0
  position_error : 0.219687
  orientation_error : 1.85505
  found_in_gazebo : 1

 ErrorResults 
  stamp : 2025-11-28T22:03:03Z
  target_type : armor_red_3
  model_name : armor_red_3
  pose : 
       - position : [0.0120345 , 2.87868 , 1.01832]
       - orientation : [0.599814 , 0.78851 , -0.110519 , 0.0791232]
  RingCirclePositionError : 0
  position_error : 0.219687
  orientation_error : 1.85505
  found_in_gazebo : 1

 ErrorResults 
  stamp : 2025-11-28T22:03:03Z
  target_type : armor_red_3
  model_name : armor_red_3
  pose : 
       - position : [0.0120345 , 2.87868 , 1.01832]
       - orientation : [0.599814 , 0.78851 , -0.110519 , 0.0791232]
  RingCirclePositionError : 0
  position_error : 0.219687
  orientation_error : 1.85505
  found_in_gazebo : 1

 ErrorResults 
  stamp : 2025-11-28T22:03:03Z
  target_type : armor_red_3
  model_name : armor_red_3
  pose : 
       - position : [0.0120345 , 2.87868 , 1.01832]
       - orientation : [0.599814 , 0.78851 , -0.110519 , 0.0791232]
  RingCirclePositionError : 0
  position_error : 0.219687
  orientation_error : 1.85505
  found_in_gazebo : 1

 ErrorResults 
  stamp : 2025-11-28T22:03:03Z
  target_type : armor_red_3
  model_name : armor_red_3
  pose : 
       - position : [0.0120345 , 2.87868 , 1.01832]
       - orientation : [0.599814 , 0.78851 , -0.110519 , 0.0791232]
  RingCirclePositionError : 0
  position_error : 0.219687
  orientation_error : 1.85505
  found_in_gazebo : 1

 ErrorResults 
  stamp : 2025-11-28T22:03:03Z
  target_type : armor_red_3
  model_name : armor_red_3
  pose : 
       - position : [0.0120345 , 2.87868 , 1.01832]
       - orientation : [0.599814 , 0.78851 , -0.110519 , 0.0791232]
  RingCirclePositionError : 0
  position_error : 0.219687
  orientation_error : 1.85505
  found_in_gazebo : 1

 ErrorResults 
  stamp : 2025-11-28T22:03:03Z
  target_type : armor_red_3
  model_name : armor_red_3
  pose : 
       - position : [0.0120345 , 2.87868 , 1.01832]
       - orientation : [0.599814 , 0.78851 , -0.110519 , 0.0791232]
  RingCirclePositionError : 0
  position_error : 0.219687
  orientation_error : 1.85505
  found_in_gazebo : 1

 ErrorResults 
  stamp : 2025-11-28T22:03:03Z
  target_type : armor_red_3
  model_name : armor_red_3
  pose : 
       - position : [0.0120345 , 2.87868 , 1.01832]
       - orientation : [0.599814 , 0.78851 , -0.110519 , 0.0791232]
  RingCirclePositionError : 0
  position_error : 0.219687
  orientation_error : 1.85505
  found_in_gazebo : 1

 ErrorResults 
  stamp : 2025-11-28T22:03:03Z
  target_type : armor_red_3
  model_name : armor_red_3
  pose : 
       - position : [0.0120345 , 2.87868 , 1.01832]
       - orientation : [0.599814 , 0.78851 , -0.110519 , 0.0791232]
  RingCirclePositionError : 0
  position_error : 0.219687
  orientation_error : 1.85505
  found_in_gazebo : 1

 ErrorResults 
  stamp : 2025-11-28T22:03:04Z
  target_type : armor_red_3
  model_name : armor_red_3
  pose : 
       - position : [0.0120345 , 2.87868 , 1.01832]
       - orientation : [0.599814 , 0.78851 , -0.110519 , 0.0791232]
  RingCirclePositionError : 0
  position_error : 0.219687
  orientation_error : 1.85505
  found_in_gazebo : 1

 ErrorResults 
  stamp : 2025-11-28T22:03:04Z
  target_type : armor_red_3
  model_name : armor_red_3
  pose : 
       - position : [0.0120345 , 2.87868 , 1.01832]
       - orientation : [0.599814 , 0.78851 , -0.110519 , 0.0791232]
  RingCirclePositionError : 0
  position_error : 0.219687
  orientation_error : 1.85505
  found_in_gazebo : 1

 ErrorResults 
  stamp : 2025-11-28T22:03:04Z
  target_type : armor_red_3
  model_name : armor_red_3
  pose : 
       - position : [0.0120345 , 2.87868 , 1.01832]
       - orientation : [0.599814 , 0.78851 , -0.110519 , 0.0791232]
  RingCirclePositionError : 0
  position_error : 0.219687
  orientation_error : 1.85505
  found_in_gazebo : 1

 ErrorResults 
  stamp : 2025-11-28T22:03:04Z
  target_type : armor_red_3
  model_name : armor_red_3
  pose : 
       - position : [0.0120345 , 2.87868 , 1.01832]
       - orientation : [0.599814 , 0.78851 , -0.110519 , 0.0791232]
  RingCirclePositionError : 0
  position_error : 0.219687
  orientation_error : 1.85505
  found_in_gazebo : 1

 ErrorResults 
  stamp : 2025-11-28T22:03:04Z
  target_type : armor_red_3
  model_name : armor_red_3
  pose : 
       - position : [0.0120345 , 2.87868 , 1.01832]
       - orientation : [0.599814 , 0.78851 , -0.110519 , 0.0791232]
  RingCirclePositionError : 0
  position_error : 0.219687
  orientation_error : 1.85505
  found_in_gazebo : 1

 ErrorResults 
  stamp : 2025-11-28T22:03:04Z
  target_type : armor_red_3
  model_name : armor_red_3
  pose : 
       - position : [0.0120345 , 2.87868 , 1.01832]
       - orientation : [0.599814 , 0.78851 , -0.110519 , 0.0791232]
  RingCirclePositionError : 0
  position_error : 0.219687
  orientation_error : 1.85505
  found_in_gazebo : 1

 ErrorResults 
  stamp : 2025-11-28T22:03:04Z
  target_type : armor_red_3
  model_name : armor_red_3
  pose : 
       - position : [0.0120345 , 2.87868 , 1.01832]
       - orientation : [0.599814 , 0.78851 , -0.110519 , 0.0791232]
  RingCirclePositionError : 0
  position_error : 0.219687
  orientation_error : 1.85505
  found_in_gazebo : 1

 ErrorResults 
  stamp : 2025-11-28T22:03:04Z
  target_type : armor_red_3
  model_name : armor_red_3
  pose : 
       - position : [0.0120345 , 2.87868 , 1.01832]
       - orientation : [0.599814 , 0.78851 , -0.110519 , 0.0791232]
  RingCirclePositionError : 0
  position_error : 0.219687
  orientation_error : 1.85505
  found_in_gazebo : 1

 ErrorResults 
  stamp : 2025-11-28T22:03:04Z
  target_type : armor_red_3
  model_name : armor_red_3
  pose : 
       - position : [0.0120345 , 2.87868 , 1.01832]
       - orientation : [0.599814 , 0.78851 , -0.110519 , 0.0791232]
  RingCirclePositionError : 0
  position_error : 0.219687
  orientation_error : 1.85505
  found_in_gazebo : 1

 ErrorResults 
  stamp : 2025-11-28T22:03:04Z
  target_type : armor_red_3
  model_name : armor_red_3
  pose : 
       - position : [0.0120345 , 2.87868 , 1.01832]
       - orientation : [0.599814 , 0.78851 , -0.110519 , 0.0791232]
  RingCirclePositionError : 0
  position_error : 0.219687
  orientation_error : 1.85505
  found_in_gazebo : 1

 ErrorResults 
  stamp : 2025-11-28T22:03:04Z
  target_type : armor_red_3
  model_name : armor_red_3
  pose : 
       - position : [0.0120345 , 2.87868 , 1.01832]
       - orientation : [0.599814 , 0.78851 , -0.110519 , 0.0791232]
  RingCirclePositionError : 0
  position_error : 0.219687
  orientation_error : 1.85505
  found_in_gazebo : 1

 ErrorResults 
  stamp : 2025-11-28T22:03:04Z
  target_type : armor_red_3
  model_name : armor_red_3
  pose : 
       - position : [0.0120345 , 2.87868 , 1.01832]
       - orientation : [0.599814 , 0.78851 , -0.110519 , 0.0791232]
  RingCirclePositionError : 0
  position_error : 0.219687
  orientation_error : 1.85505
  found_in_gazebo : 1

 ErrorResults 
  stamp : 2025-11-28T22:03:04Z
  target_type : armor_red_3
  model_name : armor_red_3
  pose : 
       - position : [0.0120345 , 2.87868 , 1.01832]
       - orientation : [0.599814 , 0.78851 , -0.110519 , 0.0791232]
  RingCirclePositionError : 0
  position_error : 0.219687
  orientation_error : 1.85505
  found_in_gazebo : 1

 ErrorResults 
  stamp : 2025-11-28T22:03:04Z
  target_type : armor_red_3
  model_name : armor_red_3
  pose : 
       - position : [0.0120345 , 2.87868 , 1.01832]
       - orientation : [0.599814 , 0.78851 , -0.110519 , 0.0791232]
  RingCirclePositionError : 0
  position_error : 0.219687
  orientation_error : 1.85505
  found_in_gazebo : 1

 ErrorResults 
  stamp : 2025-11-28T22:03:04Z
  target_type : armor_red_3
  model_name : armor_red_3
  pose : 
       - position : [0.0120345 , 2.87868 , 1.01832]
       - orientation : [0.599814 , 0.78851 , -0.110519 , 0.0791232]
  RingCirclePositionError : 0
  position_error : 0.219687
  orientation_error : 1.85505
  found_in_gazebo : 1

 ErrorResults 
  stamp : 2025-11-28T22:03:04Z
  target_type : armor_red_3
  model_name : armor_red_3
  pose : 
       - position : [0.0120345 , 2.87868 , 1.01832]
       - orientation : [0.599814 , 0.78851 , -0.110519 , 0.0791232]
  RingCirclePositionError : 0
  position_error : 0.219687
  orientation_error : 1.85505
  found_in_gazebo : 1

 ErrorResults 
  stamp : 2025-11-28T22:03:04Z
  target_type : armor_red_3
  model_name : armor_red_3
  pose : 
       - position : [0.0120345 , 2.87868 , 1.01832]
       - orientation : [0.599814 , 0.78851 , -0.110519 , 0.0791232]
  RingCirclePositionError : 0
  position_error : 0.219687
  orientation_error : 1.85505
  found_in_gazebo : 1

 ErrorResults 
  stamp : 2025-11-28T22:03:04Z
  target_type : armor_red_3
  model_name : armor_red_3
  pose : 
       - position : [0.0120345 , 2.87868 , 1.01832]
       - orientation : [0.599814 , 0.78851 , -0.110519 , 0.0791232]
  RingCirclePositionError : 0
  position_error : 0.219687
  orientation_error : 1.85505
  found_in_gazebo : 1

 ErrorResults 
  stamp : 2025-11-28T22:03:04Z
  target_type : armor_red_3
  model_name : armor_red_3
  pose : 
       - position : [0.0120345 , 2.87868 , 1.01832]
       - orientation : [0.599814 , 0.78851 , -0.110519 , 0.0791232]
  RingCirclePositionError : 0
  position_error : 0.219687
  orientation_error : 1.85505
  found_in_gazebo : 1

 ErrorResults 
  stamp : 2025-11-28T22:03:04Z
  target_type : armor_red_3
  model_name : armor_red_3
  pose : 
       - position : [0.0120345 , 2.87868 , 1.01832]
       - orientation : [0.599814 , 0.78851 , -0.110519 , 0.0791232]
  RingCirclePositionError : 0
  position_error : 0.219687
  orientation_error : 1.85505
  found_in_gazebo : 1

 ErrorResults 
  stamp : 2025-11-28T22:03:04Z
  target_type : armor_red_3
  model_name : armor_red_3
  pose : 
       - position : [0.0120345 , 2.87868 , 1.01832]
       - orientation : [0.599814 , 0.78851 , -0.110519 , 0.0791232]
  RingCirclePositionError : 0
  position_error : 0.219687
  orientation_error : 1.85505
  found_in_gazebo : 1

 ErrorResults 
  stamp : 2025-11-28T22:03:04Z
  target_type : armor_red_3
  model_name : armor_red_3
  pose : 
       - position : [0.0120345 , 2.87868 , 1.01832]
       - orientation : [0.599814 , 0.78851 , -0.110519 , 0.0791232]
  RingCirclePositionError : 0
  position_error : 0.219687
  orientation_error : 1.85505
  found_in_gazebo : 1

 ErrorResults 
  stamp : 2025-11-28T22:03:04Z
  target_type : armor_red_3
  model_name : armor_red_3
  pose : 
       - position : [0.0120345 , 2.87868 , 1.01832]
       - orientation : [0.599814 , 0.78851 , -0.110519 , 0.0791232]
  RingCirclePositionError : 0
  position_error : 0.219687
  orientation_error : 1.85505
  found_in_gazebo : 1

 ErrorResults 
  stamp : 2025-11-28T22:03:04Z
  target_type : armor_red_3
  model_name : armor_red_3
  pose : 
       - position : [0.0120345 , 2.87868 , 1.01832]
       - orientation : [0.599814 , 0.78851 , -0.110519 , 0.0791232]
  RingCirclePositionError : 0
  position_error : 0.219687
  orientation_error : 1.85505
  found_in_gazebo : 1

 ErrorResults 
  stamp : 2025-11-28T22:03:04Z
  target_type : armor_red_3
  model_name : armor_red_3
  pose : 
       - position : [0.0120345 , 2.87868 , 1.01832]
       - orientation : [0.599814 , 0.78851 , -0.110519 , 0.0791232]
  RingCirclePositionError : 0
  position_error : 0.219687
  orientation_error : 1.85505
  found_in_gazebo : 1

 ErrorResults 
  stamp : 2025-11-28T22:03:04Z
  target_type : armor_red_3
  model_name : armor_red_3
  pose : 
       - position : [0.0120345 , 2.87868 , 1.01832]
       - orientation : [0.599814 , 0.78851 , -0.110519 , 0.0791232]
  RingCirclePositionError : 0
  position_error : 0.219687
  orientation_error : 1.85505
  found_in_gazebo : 1

 ErrorResults 
  stamp : 2025-11-28T22:03:04Z
  target_type : armor_red_3
  model_name : armor_red_3
  pose : 
       - position : [0.0120345 , 2.87868 , 1.01832]
       - orientation : [0.599814 , 0.78851 , -0.110519 , 0.0791232]
  RingCirclePositionError : 0
  position_error : 0.219687
  orientation_error : 1.85505
  found_in_gazebo : 1

 ErrorResults 
  stamp : 2025-11-28T22:03:04Z
  target_type : armor_red_3
  model_name : armor_red_3
  pose : 
       - position : [0.0120345 , 2.87868 , 1.01832]
       - orientation : [0.599814 , 0.78851 , -0.110519 , 0.0791232]
  RingCirclePositionError : 0
  position_error : 0.219687
  orientation_error : 1.85505
  found_in_gazebo : 1

 ErrorResults 
  stamp : 2025-11-28T22:03:04Z
  target_type : armor_red_3
  model_name : armor_red_3
  pose : 
       - position : [0.0120345 , 2.87868 , 1.01832]
       - orientation : [0.599814 , 0.78851 , -0.110519 , 0.0791232]
  RingCirclePositionError : 0
  position_error : 0.219687
  orientation_error : 1.85505
  found_in_gazebo : 1

 ErrorResults 
  stamp : 2025-11-28T22:03:04Z
  target_type : armor_red_3
  model_name : armor_red_3
  pose : 
       - position : [0.0120345 , 2.87868 , 1.01832]
       - orientation : [0.599814 , 0.78851 , -0.110519 , 0.0791232]
  RingCirclePositionError : 0
  position_error : 0.219687
  orientation_error : 1.85505
  found_in_gazebo : 1

 ErrorResults 
  stamp : 2025-11-28T22:03:04Z
  target_type : armor_red_3
  model_name : armor_red_3
  pose : 
       - position : [0.0120345 , 2.87868 , 1.01832]
       - orientation : [0.599814 , 0.78851 , -0.110519 , 0.0791232]
  RingCirclePositionError : 0
  position_error : 0.219687
  orientation_error : 1.85505
  found_in_gazebo : 1

 ErrorResults 
  stamp : 2025-11-28T22:03:04Z
  target_type : armor_red_3
  model_name : armor_red_3
  pose : 
       - position : [0.0120345 , 2.87868 , 1.01832]
       - orientation : [0.599814 , 0.78851 , -0.110519 , 0.0791232]
  RingCirclePositionError : 0
  position_error : 0.219687
  orientation_error : 1.85505
  found_in_gazebo : 1

 ErrorResults 
  stamp : 2025-11-28T22:03:04Z
  target_type : armor_red_3
  model_name : armor_red_3
  pose : 
       - position : [0.0120345 , 2.87868 , 1.01832]
       - orientation : [0.599814 , 0.78851 , -0.110519 , 0.0791232]
  RingCirclePositionError : 0
  position_error : 0.219687
  orientation_error : 1.85505
  found_in_gazebo : 1

 ErrorResults 
  stamp : 2025-11-28T22:03:04Z
  target_type : armor_red_3
  model_name : armor_red_3
  pose : 
       - position : [0.0120345 , 2.87868 , 1.01832]
       - orientation : [0.599814 , 0.78851 , -0.110519 , 0.0791232]
  RingCirclePositionError : 0
  position_error : 0.219687
  orientation_error : 1.85505
  found_in_gazebo : 1

 ErrorResults 
  stamp : 2025-11-28T22:03:04Z
  target_type : armor_red_3
  model_name : armor_red_3
  pose : 
       - position : [0.0120345 , 2.87868 , 1.01832]
       - orientation : [0.599814 , 0.78851 , -0.110519 , 0.0791232]
  RingCirclePositionError : 0
  position_error : 0.219687
  orientation_error : 1.85505
  found_in_gazebo : 1

 ErrorResults 
  stamp : 2025-11-28T22:03:04Z
  target_type : armor_red_3
  model_name : armor_red_3
  pose : 
       - position : [0.0120345 , 2.87868 , 1.01832]
       - orientation : [0.599814 , 0.78851 , -0.110519 , 0.0791232]
  RingCirclePositionError : 0
  position_error : 0.219687
  orientation_error : 1.85505
  found_in_gazebo : 1

 ErrorResults 
  stamp : 2025-11-28T22:03:04Z
  target_type : armor_red_3
  model_name : armor_red_3
  pose : 
       - position : [0.0120345 , 2.87868 , 1.01832]
       - orientation : [0.599814 , 0.78851 , -0.110519 , 0.0791232]
  RingCirclePositionError : 0
  position_error : 0.219687
  orientation_error : 1.85505
  found_in_gazebo : 1

 ErrorResults 
  stamp : 2025-11-28T22:03:04Z
  target_type : armor_red_3
  model_name : armor_red_3
  pose : 
       - position : [0.0120345 , 2.87868 , 1.01832]
       - orientation : [0.599814 , 0.78851 , -0.110519 , 0.0791232]
  RingCirclePositionError : 0
  position_error : 0.219687
  orientation_error : 1.85505
  found_in_gazebo : 1

 ErrorResults 
  stamp : 2025-11-28T22:03:04Z
  target_type : armor_red_3
  model_name : armor_red_3
  pose : 
       - position : [0.0120345 , 2.87868 , 1.01832]
       - orientation : [0.599814 , 0.78851 , -0.110519 , 0.0791232]
  RingCirclePositionError : 0
  position_error : 0.219687
  orientation_error : 1.85505
  found_in_gazebo : 1

 ErrorResults 
  stamp : 2025-11-28T22:03:04Z
  target_type : armor_red_3
  model_name : armor_red_3
  pose : 
       - position : [0.0120345 , 2.87868 , 1.01832]
       - orientation : [0.599814 , 0.78851 , -0.110519 , 0.0791232]
  RingCirclePositionError : 0
  position_error : 0.219687
  orientation_error : 1.85505
  found_in_gazebo : 1

 ErrorResults 
  stamp : 2025-11-28T22:03:04Z
  target_type : armor_red_3
  model_name : armor_red_3
  pose : 
       - position : [0.0120345 , 2.87868 , 1.01832]
       - orientation : [0.599814 , 0.78851 , -0.110519 , 0.0791232]
  RingCirclePositionError : 0
  position_error : 0.219687
  orientation_error : 1.85505
  found_in_gazebo : 1

 ErrorResults 
  stamp : 2025-11-28T22:03:04Z
  target_type : armor_red_3
  model_name : armor_red_3
  pose : 
       - position : [0.0120345 , 2.87868 , 1.01832]
       - orientation : [0.599814 , 0.78851 , -0.110519 , 0.0791232]
  RingCirclePositionError : 0
  position_error : 0.219687
  orientation_error : 1.85505
  found_in_gazebo : 1

 ErrorResults 
  stamp : 2025-11-28T22:03:04Z
  target_type : armor_red_3
  model_name : armor_red_3
  pose : 
       - position : [0.0120345 , 2.87868 , 1.01832]
       - orientation : [0.599814 , 0.78851 , -0.110519 , 0.0791232]
  RingCirclePositionError : 0
  position_error : 0.219687
  orientation_error : 1.85505
  found_in_gazebo : 1

 ErrorResults 
  stamp : 2025-11-28T22:03:04Z
  target_type : armor_red_3
  model_name : armor_red_3
  pose : 
       - position : [0.0120345 , 2.87868 , 1.01832]
       - orientation : [0.599814 , 0.78851 , -0.110519 , 0.0791232]
  RingCirclePositionError : 0
  position_error : 0.219687
  orientation_error : 1.85505
  found_in_gazebo : 1

 ErrorResults 
  stamp : 2025-11-28T22:03:04Z
  target_type : armor_red_3
  model_name : armor_red_3
  pose : 
       - position : [0.0120345 , 2.87868 , 1.01832]
       - orientation : [0.599814 , 0.78851 , -0.110519 , 0.0791232]
  RingCirclePositionError : 0
  position_error : 0.219687
  orientation_error : 1.85505
  found_in_gazebo : 1

 ErrorResults 
  stamp : 2025-11-28T22:03:04Z
  target_type : armor_red_3
  model_name : armor_red_3
  pose : 
       - position : [0.0120345 , 2.87868 , 1.01832]
       - orientation : [0.599814 , 0.78851 , -0.110519 , 0.0791232]
  RingCirclePositionError : 0
  position_error : 0.219687
  orientation_error : 1.85505
  found_in_gazebo : 1

 ErrorResults 
  stamp : 2025-11-28T22:03:05Z
  target_type : armor_red_3
  model_name : armor_red_3
  pose : 
       - position : [0.0120345 , 2.87868 , 1.01832]
       - orientation : [0.599814 , 0.78851 , -0.110519 , 0.0791232]
  RingCirclePositionError : 0
  position_error : 0.219687
  orientation_error : 1.85505
  found_in_gazebo : 1

 ErrorResults 
  stamp : 2025-11-28T22:03:05Z
  target_type : armor_red_3
  model_name : armor_red_3
  pose : 
       - position : [0.0120345 , 2.87868 , 1.01832]
       - orientation : [0.599814 , 0.78851 , -0.110519 , 0.0791232]
  RingCirclePositionError : 0
  position_error : 0.219687
  orientation_error : 1.85505
  found_in_gazebo : 1

 ErrorResults 
  stamp : 2025-11-28T22:03:05Z
  target_type : armor_red_3
  model_name : armor_red_3
  pose : 
       - position : [0.0120345 , 2.87868 , 1.01832]
       - orientation : [0.599814 , 0.78851 , -0.110519 , 0.0791232]
  RingCirclePositionError : 0
  position_error : 0.219687
  orientation_error : 1.85505
  found_in_gazebo : 1

 ErrorResults 
  stamp : 2025-11-28T22:03:05Z
  target_type : armor_red_3
  model_name : armor_red_3
  pose : 
       - position : [0.0120345 , 2.87868 , 1.01832]
       - orientation : [0.599814 , 0.78851 , -0.110519 , 0.0791232]
  RingCirclePositionError : 0
  position_error : 0.219687
  orientation_error : 1.85505
  found_in_gazebo : 1

 ErrorResults 
  stamp : 2025-11-28T22:03:05Z
  target_type : armor_red_3
  model_name : armor_red_3
  pose : 
       - position : [0.0120345 , 2.87868 , 1.01832]
       - orientation : [0.599814 , 0.78851 , -0.110519 , 0.0791232]
  RingCirclePositionError : 0
  position_error : 0.219687
  orientation_error : 1.85505
  found_in_gazebo : 1

 ErrorResults 
  stamp : 2025-11-28T22:03:05Z
  target_type : armor_red_3
  model_name : armor_red_3
  pose : 
       - position : [0.0120345 , 2.87868 , 1.01832]
       - orientation : [0.599814 , 0.78851 , -0.110519 , 0.0791232]
  RingCirclePositionError : 0
  position_error : 0.219687
  orientation_error : 1.85505
  found_in_gazebo : 1

 ErrorResults 
  stamp : 2025-11-28T22:03:05Z
  target_type : armor_red_3
  model_name : armor_red_3
  pose : 
       - position : [0.0120345 , 2.87868 , 1.01832]
       - orientation : [0.599814 , 0.78851 , -0.110519 , 0.0791232]
  RingCirclePositionError : 0
  position_error : 0.219687
  orientation_error : 1.85505
  found_in_gazebo : 1

 ErrorResults 
  stamp : 2025-11-28T22:03:05Z
  target_type : armor_red_3
  model_name : armor_red_3
  pose : 
       - position : [0.0120345 , 2.87868 , 1.01832]
       - orientation : [0.599814 , 0.78851 , -0.110519 , 0.0791232]
  RingCirclePositionError : 0
  position_error : 0.219687
  orientation_error : 1.85505
  found_in_gazebo : 1

 ErrorResults 
  stamp : 2025-11-28T22:03:05Z
  target_type : armor_red_3
  model_name : armor_red_3
  pose : 
       - position : [0.0120345 , 2.87868 , 1.01832]
       - orientation : [0.599814 , 0.78851 , -0.110519 , 0.0791232]
  RingCirclePositionError : 0
  position_error : 0.219687
  orientation_error : 1.85505
  found_in_gazebo : 1

 ErrorResults 
  stamp : 2025-11-28T22:03:05Z
  target_type : armor_red_3
  model_name : armor_red_3
  pose : 
       - position : [0.0120345 , 2.87868 , 1.01832]
       - orientation : [0.599814 , 0.78851 , -0.110519 , 0.0791232]
  RingCirclePositionError : 0
  position_error : 0.219687
  orientation_error : 1.85505
  found_in_gazebo : 1

 ErrorResults 
  stamp : 2025-11-28T22:03:05Z
  target_type : armor_red_3
  model_name : armor_red_3
  pose : 
       - position : [0.0120345 , 2.87868 , 1.01832]
       - orientation : [0.599814 , 0.78851 , -0.110519 , 0.0791232]
  RingCirclePositionError : 0
  position_error : 0.219687
  orientation_error : 1.85505
  found_in_gazebo : 1

 ErrorResults 
  stamp : 2025-11-28T22:03:05Z
  target_type : armor_red_3
  model_name : armor_red_3
  pose : 
       - position : [0.0120345 , 2.87868 , 1.01832]
       - orientation : [0.599814 , 0.78851 , -0.110519 , 0.0791232]
  RingCirclePositionError : 0
  position_error : 0.219687
  orientation_error : 1.85505
  found_in_gazebo : 1

 ErrorResults 
  stamp : 2025-11-28T22:03:05Z
  target_type : armor_red_3
  model_name : armor_red_3
  pose : 
       - position : [0.0120345 , 2.87868 , 1.01832]
       - orientation : [0.599814 , 0.78851 , -0.110519 , 0.0791232]
  RingCirclePositionError : 0
  position_error : 0.219687
  orientation_error : 1.85505
  found_in_gazebo : 1

 ErrorResults 
  stamp : 2025-11-28T22:03:05Z
  target_type : armor_red_3
  model_name : armor_red_3
  pose : 
       - position : [0.0120345 , 2.87868 , 1.01832]
       - orientation : [0.599814 , 0.78851 , -0.110519 , 0.0791232]
  RingCirclePositionError : 0
  position_error : 0.219687
  orientation_error : 1.85505
  found_in_gazebo : 1

 ErrorResults 
  stamp : 2025-11-28T22:03:05Z
  target_type : armor_red_3
  model_name : armor_red_3
  pose : 
       - position : [0.0120345 , 2.87868 , 1.01832]
       - orientation : [0.599814 , 0.78851 , -0.110519 , 0.0791232]
  RingCirclePositionError : 0
  position_error : 0.219687
  orientation_error : 1.85505
  found_in_gazebo : 1

 ErrorResults 
  stamp : 2025-11-28T22:03:05Z
  target_type : armor_red_3
  model_name : armor_red_3
  pose : 
       - position : [0.0120345 , 2.87868 , 1.01832]
       - orientation : [0.599814 , 0.78851 , -0.110519 , 0.0791232]
  RingCirclePositionError : 0
  position_error : 0.219687
  orientation_error : 1.85505
  found_in_gazebo : 1

 ErrorResults 
  stamp : 2025-11-28T22:03:05Z
  target_type : armor_red_3
  model_name : armor_red_3
  pose : 
       - position : [0.0120345 , 2.87868 , 1.01832]
       - orientation : [0.599814 , 0.78851 , -0.110519 , 0.0791232]
  RingCirclePositionError : 0
  position_error : 0.219687
  orientation_error : 1.85505
  found_in_gazebo : 1

 ErrorResults 
  stamp : 2025-11-28T22:03:05Z
  target_type : armor_red_3
  model_name : armor_red_3
  pose : 
       - position : [0.0120345 , 2.87868 , 1.01832]
       - orientation : [0.599814 , 0.78851 , -0.110519 , 0.0791232]
  RingCirclePositionError : 0
  position_error : 0.219687
  orientation_error : 1.85505
  found_in_gazebo : 1

 ErrorResults 
  stamp : 2025-11-28T22:03:05Z
  target_type : armor_red_3
  model_name : armor_red_3
  pose : 
       - position : [0.012297 , 2.87028 , 1.01552]
       - orientation : [0.606943 , 0.782196 , -0.115399 , 0.0804585]
  RingCirclePositionError : 0
  position_error : 0.217903
  orientation_error : 1.83718
  found_in_gazebo : 1

 ErrorResults 
  stamp : 2025-11-28T22:03:05Z
  target_type : armor_red_3
  model_name : armor_red_3
  pose : 
       - position : [0.012297 , 2.87028 , 1.01552]
       - orientation : [0.606943 , 0.782196 , -0.115399 , 0.0804585]
  RingCirclePositionError : 0
  position_error : 0.217903
  orientation_error : 1.83718
  found_in_gazebo : 1

 ErrorResults 
  stamp : 2025-11-28T22:03:05Z
  target_type : armor_red_3
  model_name : armor_red_3
  pose : 
       - position : [0.012297 , 2.87028 , 1.01552]
       - orientation : [0.606943 , 0.782196 , -0.115399 , 0.0804585]
  RingCirclePositionError : 0
  position_error : 0.217903
  orientation_error : 1.83718
  found_in_gazebo : 1

 ErrorResults 
  stamp : 2025-11-28T22:03:05Z
  target_type : armor_red_3
  model_name : armor_red_3
  pose : 
       - position : [0.0130201 , 2.85331 , 1.00817]
       - orientation : [0.606257 , 0.781062 , -0.122015 , 0.0866467]
  RingCirclePositionError : 0
  position_error : 0.213737
  orientation_error : 1.8389
  found_in_gazebo : 1

 ErrorResults 
  stamp : 2025-11-28T22:03:05Z
  target_type : armor_red_3
  model_name : armor_red_3
  pose : 
       - position : [0.0130201 , 2.85331 , 1.00817]
       - orientation : [0.606257 , 0.781062 , -0.122015 , 0.0866467]
  RingCirclePositionError : 0
  position_error : 0.213737
  orientation_error : 1.8389
  found_in_gazebo : 1

 ErrorResults 
  stamp : 2025-11-28T22:03:05Z
  target_type : armor_red_3
  model_name : armor_red_3
  pose : 
       - position : [0.0130201 , 2.85331 , 1.00817]
       - orientation : [0.606257 , 0.781062 , -0.122015 , 0.0866467]
  RingCirclePositionError : 0
  position_error : 0.213737
  orientation_error : 1.8389
  found_in_gazebo : 1

 ErrorResults 
  stamp : 2025-11-28T22:03:05Z
  target_type : armor_red_3
  model_name : armor_red_3
  pose : 
       - position : [0.0130201 , 2.85331 , 1.00817]
       - orientation : [0.606257 , 0.781062 , -0.122015 , 0.0866467]
  RingCirclePositionError : 0
  position_error : 0.213737
  orientation_error : 1.8389
  found_in_gazebo : 1

 ErrorResults 
  stamp : 2025-11-28T22:03:05Z
  target_type : armor_red_3
  model_name : armor_red_3
  pose : 
       - position : [0.0130201 , 2.85331 , 1.00817]
       - orientation : [0.606257 , 0.781062 , -0.122015 , 0.0866467]
  RingCirclePositionError : 0
  position_error : 0.213737
  orientation_error : 1.8389
  found_in_gazebo : 1

 ErrorResults 
  stamp : 2025-11-28T22:03:05Z
  target_type : armor_red_3
  model_name : armor_red_3
  pose : 
       - position : [0.0129826 , 2.85329 , 1.00816]
       - orientation : [0.606289 , 0.78106 , -0.121916 , 0.0865771]
  RingCirclePositionError : 0
  position_error : 0.213732
  orientation_error : 1.83882
  found_in_gazebo : 1

 ErrorResults 
  stamp : 2025-11-28T22:03:05Z
  target_type : armor_red_3
  model_name : armor_red_3
  pose : 
       - position : [0.0129826 , 2.85329 , 1.00816]
       - orientation : [0.606289 , 0.78106 , -0.121916 , 0.0865771]
  RingCirclePositionError : 0
  position_error : 0.213732
  orientation_error : 1.83882
  found_in_gazebo : 1

 ErrorResults 
  stamp : 2025-11-28T22:03:05Z
  target_type : armor_red_3
  model_name : armor_red_3
  pose : 
       - position : [0.0129826 , 2.85329 , 1.00816]
       - orientation : [0.606289 , 0.78106 , -0.121916 , 0.0865771]
  RingCirclePositionError : 0
  position_error : 0.213732
  orientation_error : 1.83882
  found_in_gazebo : 1

 ErrorResults 
  stamp : 2025-11-28T22:03:05Z
  target_type : armor_red_3
  model_name : armor_red_3
  pose : 
       - position : [0.0129826 , 2.85329 , 1.00816]
       - orientation : [0.606289 , 0.78106 , -0.121916 , 0.0865771]
  RingCirclePositionError : 0
  position_error : 0.213732
  orientation_error : 1.83882
  found_in_gazebo : 1

 ErrorResults 
  stamp : 2025-11-28T22:03:05Z
  target_type : armor_red_3
  model_name : armor_red_3
  pose : 
       - position : [0.0129826 , 2.85329 , 1.00816]
       - orientation : [0.606289 , 0.78106 , -0.121916 , 0.0865771]
  RingCirclePositionError : 0
  position_error : 0.213732
  orientation_error : 1.83882
  found_in_gazebo : 1

 ErrorResults 
  stamp : 2025-11-28T22:03:05Z
  target_type : armor_red_3
  model_name : armor_red_3
  pose : 
       - position : [0.0129826 , 2.85329 , 1.00816]
       - orientation : [0.606289 , 0.78106 , -0.121916 , 0.0865771]
  RingCirclePositionError : 0
  position_error : 0.213732
  orientation_error : 1.83882
  found_in_gazebo : 1

 ErrorResults 
  stamp : 2025-11-28T22:03:05Z
  target_type : armor_red_3
  model_name : armor_red_3
  pose : 
       - position : [0.0129826 , 2.85329 , 1.00816]
       - orientation : [0.606289 , 0.78106 , -0.121916 , 0.0865771]
  RingCirclePositionError : 0
  position_error : 0.213732
  orientation_error : 1.83882
  found_in_gazebo : 1

 ErrorResults 
  stamp : 2025-11-28T22:03:05Z
  target_type : armor_red_3
  model_name : armor_red_3
  pose : 
       - position : [0.0129826 , 2.85329 , 1.00816]
       - orientation : [0.606289 , 0.78106 , -0.121916 , 0.0865771]
  RingCirclePositionError : 0
  position_error : 0.213732
  orientation_error : 1.83882
  found_in_gazebo : 1

 ErrorResults 
  stamp : 2025-11-28T22:03:05Z
  target_type : armor_red_3
  model_name : armor_red_3
  pose : 
       - position : [0.0129826 , 2.85329 , 1.00816]
       - orientation : [0.606289 , 0.78106 , -0.121916 , 0.0865771]
  RingCirclePositionError : 0
  position_error : 0.213732
  orientation_error : 1.83882
  found_in_gazebo : 1

 ErrorResults 
  stamp : 2025-11-28T22:03:05Z
  target_type : armor_red_3
  model_name : armor_red_3
  pose : 
       - position : [0.0129826 , 2.85329 , 1.00816]
       - orientation : [0.606289 , 0.78106 , -0.121916 , 0.0865771]
  RingCirclePositionError : 0
  position_error : 0.213732
  orientation_error : 1.83882
  found_in_gazebo : 1

 ErrorResults 
  stamp : 2025-11-28T22:03:05Z
  target_type : armor_red_3
  model_name : armor_red_3
  pose : 
       - position : [0.0129826 , 2.85329 , 1.00816]
       - orientation : [0.606289 , 0.78106 , -0.121916 , 0.0865771]
  RingCirclePositionError : 0
  position_error : 0.213732
  orientation_error : 1.83882
  found_in_gazebo : 1

 ErrorResults 
  stamp : 2025-11-28T22:03:05Z
  target_type : armor_red_3
  model_name : armor_red_3
  pose : 
       - position : [0.0129826 , 2.85329 , 1.00816]
       - orientation : [0.606289 , 0.78106 , -0.121916 , 0.0865771]
  RingCirclePositionError : 0
  position_error : 0.213732
  orientation_error : 1.83882
  found_in_gazebo : 1

 ErrorResults 
  stamp : 2025-11-28T22:03:05Z
  target_type : armor_red_3
  model_name : armor_red_3
  pose : 
       - position : [0.0130199 , 2.85242 , 1.00788]
       - orientation : [0.606246 , 0.780998 , -0.122311 , 0.0868751]
  RingCirclePositionError : 0
  position_error : 0.213654
  orientation_error : 1.83893
  found_in_gazebo : 1

 ErrorResults 
  stamp : 2025-11-28T22:03:05Z
  target_type : armor_red_3
  model_name : armor_red_3
  pose : 
       - position : [0.0130199 , 2.85242 , 1.00788]
       - orientation : [0.606246 , 0.780998 , -0.122311 , 0.0868751]
  RingCirclePositionError : 0
  position_error : 0.213654
  orientation_error : 1.83893
  found_in_gazebo : 1

 ErrorResults 
  stamp : 2025-11-28T22:03:05Z
  target_type : armor_red_3
  model_name : armor_red_3
  pose : 
       - position : [0.0130255 , 2.8522 , 1.00781]
       - orientation : [0.606412 , 0.780847 , -0.122429 , 0.0869056]
  RingCirclePositionError : 0
  position_error : 0.213632
  orientation_error : 1.83851
  found_in_gazebo : 1

 ErrorResults 
  stamp : 2025-11-28T22:03:05Z
  target_type : armor_red_3
  model_name : armor_red_3
  pose : 
       - position : [0.0130255 , 2.8522 , 1.00781]
       - orientation : [0.606412 , 0.780847 , -0.122429 , 0.0869056]
  RingCirclePositionError : 0
  position_error : 0.213632
  orientation_error : 1.83851
  found_in_gazebo : 1

 ErrorResults 
  stamp : 2025-11-28T22:03:05Z
  target_type : armor_red_3
  model_name : armor_red_3
  pose : 
       - position : [0.0130255 , 2.8522 , 1.00781]
       - orientation : [0.606412 , 0.780847 , -0.122429 , 0.0869056]
  RingCirclePositionError : 0
  position_error : 0.213632
  orientation_error : 1.83851
  found_in_gazebo : 1

 ErrorResults 
  stamp : 2025-11-28T22:03:05Z
  target_type : armor_red_3
  model_name : armor_red_3
  pose : 
       - position : [0.0130255 , 2.8522 , 1.00781]
       - orientation : [0.606412 , 0.780847 , -0.122429 , 0.0869056]
  RingCirclePositionError : 0
  position_error : 0.213632
  orientation_error : 1.83851
  found_in_gazebo : 1

 ErrorResults 
  stamp : 2025-11-28T22:03:05Z
  target_type : armor_red_3
  model_name : armor_red_3
  pose : 
       - position : [0.0130255 , 2.8522 , 1.00781]
       - orientation : [0.606412 , 0.780847 , -0.122429 , 0.0869056]
  RingCirclePositionError : 0
  position_error : 0.213632
  orientation_error : 1.83851
  found_in_gazebo : 1

 ErrorResults 
  stamp : 2025-11-28T22:03:05Z
  target_type : armor_red_3
  model_name : armor_red_3
  pose : 
       - position : [0.0130255 , 2.8522 , 1.00781]
       - orientation : [0.606412 , 0.780847 , -0.122429 , 0.0869056]
  RingCirclePositionError : 0
  position_error : 0.213632
  orientation_error : 1.83851
  found_in_gazebo : 1

 ErrorResults 
  stamp : 2025-11-28T22:03:06Z
  target_type : armor_red_3
  model_name : armor_red_3
  pose : 
       - position : [0.0130255 , 2.8522 , 1.00781]
       - orientation : [0.606412 , 0.780847 , -0.122429 , 0.0869056]
  RingCirclePositionError : 0
  position_error : 0.213632
  orientation_error : 1.83851
  found_in_gazebo : 1

 ErrorResults 
  stamp : 2025-11-28T22:03:06Z
  target_type : armor_red_3
  model_name : armor_red_3
  pose : 
       - position : [0.0130255 , 2.8522 , 1.00781]
       - orientation : [0.606412 , 0.780847 , -0.122429 , 0.0869056]
  RingCirclePositionError : 0
  position_error : 0.213632
  orientation_error : 1.83851
  found_in_gazebo : 1

 ErrorResults 
  stamp : 2025-11-28T22:03:06Z
  target_type : armor_red_3
  model_name : armor_red_3
  pose : 
       - position : [0.0129872 , 2.85218 , 1.0078]
       - orientation : [0.606445 , 0.780846 , -0.122328 , 0.0868347]
  RingCirclePositionError : 0
  position_error : 0.213626
  orientation_error : 1.83843
  found_in_gazebo : 1

 ErrorResults 
  stamp : 2025-11-28T22:03:06Z
  target_type : armor_red_3
  model_name : armor_red_3
  pose : 
       - position : [0.0129872 , 2.85218 , 1.0078]
       - orientation : [0.606445 , 0.780846 , -0.122328 , 0.0868347]
  RingCirclePositionError : 0
  position_error : 0.213626
  orientation_error : 1.83843
  found_in_gazebo : 1

 ErrorResults 
  stamp : 2025-11-28T22:03:06Z
  target_type : armor_red_3
  model_name : armor_red_3
  pose : 
       - position : [0.0129872 , 2.85218 , 1.0078]
       - orientation : [0.606445 , 0.780846 , -0.122328 , 0.0868347]
  RingCirclePositionError : 0
  position_error : 0.213626
  orientation_error : 1.83843
  found_in_gazebo : 1

 ErrorResults 
  stamp : 2025-11-28T22:03:06Z
  target_type : armor_red_3
  model_name : armor_red_3
  pose : 
       - position : [0.0129872 , 2.85218 , 1.0078]
       - orientation : [0.606445 , 0.780846 , -0.122328 , 0.0868347]
  RingCirclePositionError : 0
  position_error : 0.213626
  orientation_error : 1.83843
  found_in_gazebo : 1

 ErrorResults 
  stamp : 2025-11-28T22:03:06Z
  target_type : armor_red_3
  model_name : armor_red_3
  pose : 
       - position : [0.0129872 , 2.85218 , 1.0078]
       - orientation : [0.606445 , 0.780846 , -0.122328 , 0.0868347]
  RingCirclePositionError : 0
  position_error : 0.213626
  orientation_error : 1.83843
  found_in_gazebo : 1

 ErrorResults 
  stamp : 2025-11-28T22:03:06Z
  target_type : armor_red_3
  model_name : armor_red_3
  pose : 
       - position : [0.0129872 , 2.85218 , 1.0078]
       - orientation : [0.606445 , 0.780846 , -0.122328 , 0.0868347]
  RingCirclePositionError : 0
  position_error : 0.213626
  orientation_error : 1.83843
  found_in_gazebo : 1

 ErrorResults 
  stamp : 2025-11-28T22:03:06Z
  target_type : armor_red_3
  model_name : armor_red_3
  pose : 
       - position : [0.0129872 , 2.85218 , 1.0078]
       - orientation : [0.606445 , 0.780846 , -0.122328 , 0.0868347]
  RingCirclePositionError : 0
  position_error : 0.213626
  orientation_error : 1.83843
  found_in_gazebo : 1

 ErrorResults 
  stamp : 2025-11-28T22:03:06Z
  target_type : armor_red_3
  model_name : armor_red_3
  pose : 
       - position : [0.0129872 , 2.85218 , 1.0078]
       - orientation : [0.606445 , 0.780846 , -0.122328 , 0.0868347]
  RingCirclePositionError : 0
  position_error : 0.213626
  orientation_error : 1.83843
  found_in_gazebo : 1

 ErrorResults 
  stamp : 2025-11-28T22:03:06Z
  target_type : armor_red_3
  model_name : armor_red_3
  pose : 
       - position : [0.0129872 , 2.85218 , 1.0078]
       - orientation : [0.606445 , 0.780846 , -0.122328 , 0.0868347]
  RingCirclePositionError : 0
  position_error : 0.213626
  orientation_error : 1.83843
  found_in_gazebo : 1

 ErrorResults 
  stamp : 2025-11-28T22:03:06Z
  target_type : armor_red_3
  model_name : armor_red_3
  pose : 
       - position : [0.0129872 , 2.85218 , 1.0078]
       - orientation : [0.606445 , 0.780846 , -0.122328 , 0.0868347]
  RingCirclePositionError : 0
  position_error : 0.213626
  orientation_error : 1.83843
  found_in_gazebo : 1

 ErrorResults 
  stamp : 2025-11-28T22:03:06Z
  target_type : armor_red_3
  model_name : armor_red_3
  pose : 
       - position : [0.0129872 , 2.85218 , 1.0078]
       - orientation : [0.606445 , 0.780846 , -0.122328 , 0.0868347]
  RingCirclePositionError : 0
  position_error : 0.213626
  orientation_error : 1.83843
  found_in_gazebo : 1

 ErrorResults 
  stamp : 2025-11-28T22:03:06Z
  target_type : armor_red_3
  model_name : armor_red_3
  pose : 
       - position : [0.0129872 , 2.85218 , 1.0078]
       - orientation : [0.606445 , 0.780846 , -0.122328 , 0.0868347]
  RingCirclePositionError : 0
  position_error : 0.213626
  orientation_error : 1.83843
  found_in_gazebo : 1

 ErrorResults 
  stamp : 2025-11-28T22:03:06Z
  target_type : armor_red_3
  model_name : armor_red_3
  pose : 
       - position : [0.0129872 , 2.85218 , 1.0078]
       - orientation : [0.606445 , 0.780846 , -0.122328 , 0.0868347]
  RingCirclePositionError : 0
  position_error : 0.213626
  orientation_error : 1.83843
  found_in_gazebo : 1

 ErrorResults 
  stamp : 2025-11-28T22:03:06Z
  target_type : armor_red_3
  model_name : armor_red_3
  pose : 
       - position : [0.0129872 , 2.85218 , 1.0078]
       - orientation : [0.606445 , 0.780846 , -0.122328 , 0.0868347]
  RingCirclePositionError : 0
  position_error : 0.213626
  orientation_error : 1.83843
  found_in_gazebo : 1

 ErrorResults 
  stamp : 2025-11-28T22:03:06Z
  target_type : armor_red_3
  model_name : armor_red_3
  pose : 
       - position : [0.0129872 , 2.85218 , 1.0078]
       - orientation : [0.606445 , 0.780846 , -0.122328 , 0.0868347]
  RingCirclePositionError : 0
  position_error : 0.213626
  orientation_error : 1.83843
  found_in_gazebo : 1

 ErrorResults 
  stamp : 2025-11-28T22:03:06Z
  target_type : armor_red_3
  model_name : armor_red_3
  pose : 
       - position : [0.0129872 , 2.85218 , 1.0078]
       - orientation : [0.606445 , 0.780846 , -0.122328 , 0.0868347]
  RingCirclePositionError : 0
  position_error : 0.213626
  orientation_error : 1.83843
  found_in_gazebo : 1

 ErrorResults 
  stamp : 2025-11-28T22:03:06Z
  target_type : armor_red_3
  model_name : armor_red_3
  pose : 
       - position : [0.0129923 , 2.85195 , 1.00772]
       - orientation : [0.60662 , 0.780688 , -0.122449 , 0.0868656]
  RingCirclePositionError : 0
  position_error : 0.213604
  orientation_error : 1.83799
  found_in_gazebo : 1

 ErrorResults 
  stamp : 2025-11-28T22:03:06Z
  target_type : armor_red_3
  model_name : armor_red_3
  pose : 
       - position : [0.0129923 , 2.85195 , 1.00772]
       - orientation : [0.60662 , 0.780688 , -0.122449 , 0.0868656]
  RingCirclePositionError : 0
  position_error : 0.213604
  orientation_error : 1.83799
  found_in_gazebo : 1

 ErrorResults 
  stamp : 2025-11-28T22:03:06Z
  target_type : armor_red_3
  model_name : armor_red_3
  pose : 
       - position : [0.0129923 , 2.85195 , 1.00772]
       - orientation : [0.60662 , 0.780688 , -0.122449 , 0.0868656]
  RingCirclePositionError : 0
  position_error : 0.213604
  orientation_error : 1.83799
  found_in_gazebo : 1

 ErrorResults 
  stamp : 2025-11-28T22:03:06Z
  target_type : armor_red_3
  model_name : armor_red_3
  pose : 
       - position : [0.0129923 , 2.85195 , 1.00772]
       - orientation : [0.60662 , 0.780688 , -0.122449 , 0.0868656]
  RingCirclePositionError : 0
  position_error : 0.213604
  orientation_error : 1.83799
  found_in_gazebo : 1

 ErrorResults 
  stamp : 2025-11-28T22:03:06Z
  target_type : armor_red_3
  model_name : armor_red_3
  pose : 
       - position : [0.0129923 , 2.85195 , 1.00772]
       - orientation : [0.60662 , 0.780688 , -0.122449 , 0.0868656]
  RingCirclePositionError : 0
  position_error : 0.213604
  orientation_error : 1.83799
  found_in_gazebo : 1

 ErrorResults 
  stamp : 2025-11-28T22:03:06Z
  target_type : armor_red_3
  model_name : armor_red_3
  pose : 
       - position : [0.0129923 , 2.85195 , 1.00772]
       - orientation : [0.60662 , 0.780688 , -0.122449 , 0.0868656]
  RingCirclePositionError : 0
  position_error : 0.213604
  orientation_error : 1.83799
  found_in_gazebo : 1

 ErrorResults 
  stamp : 2025-11-28T22:03:06Z
  target_type : armor_red_3
  model_name : armor_red_3
  pose : 
       - position : [0.0129531 , 2.85192 , 1.00771]
       - orientation : [0.606653 , 0.780686 , -0.122346 , 0.0867932]
  RingCirclePositionError : 0
  position_error : 0.213598
  orientation_error : 1.83791
  found_in_gazebo : 1

 ErrorResults 
  stamp : 2025-11-28T22:03:06Z
  target_type : armor_red_3
  model_name : armor_red_3
  pose : 
       - position : [0.0129531 , 2.85192 , 1.00771]
       - orientation : [0.606653 , 0.780686 , -0.122346 , 0.0867932]
  RingCirclePositionError : 0
  position_error : 0.213598
  orientation_error : 1.83791
  found_in_gazebo : 1

 ErrorResults 
  stamp : 2025-11-28T22:03:06Z
  target_type : armor_red_3
  model_name : armor_red_3
  pose : 
       - position : [0.0129531 , 2.85192 , 1.00771]
       - orientation : [0.606653 , 0.780686 , -0.122346 , 0.0867932]
  RingCirclePositionError : 0
  position_error : 0.213598
  orientation_error : 1.83791
  found_in_gazebo : 1

 ErrorResults 
  stamp : 2025-11-28T22:03:06Z
  target_type : armor_red_3
  model_name : armor_red_3
  pose : 
       - position : [0.0129531 , 2.85192 , 1.00771]
       - orientation : [0.606653 , 0.780686 , -0.122346 , 0.0867932]
  RingCirclePositionError : 0
  position_error : 0.213598
  orientation_error : 1.83791
  found_in_gazebo : 1

 ErrorResults 
  stamp : 2025-11-28T22:03:06Z
  target_type : armor_red_3
  model_name : armor_red_3
  pose : 
       - position : [0.0129531 , 2.85192 , 1.00771]
       - orientation : [0.606653 , 0.780686 , -0.122346 , 0.0867932]
  RingCirclePositionError : 0
  position_error : 0.213598
  orientation_error : 1.83791
  found_in_gazebo : 1

 ErrorResults 
  stamp : 2025-11-28T22:03:06Z
  target_type : armor_red_3
  model_name : armor_red_3
  pose : 
       - position : [0.0129531 , 2.85192 , 1.00771]
       - orientation : [0.606653 , 0.780686 , -0.122346 , 0.0867932]
  RingCirclePositionError : 0
  position_error : 0.213598
  orientation_error : 1.83791
  found_in_gazebo : 1

 ErrorResults 
  stamp : 2025-11-28T22:03:06Z
  target_type : armor_red_3
  model_name : armor_red_3
  pose : 
       - position : [0.0129531 , 2.85192 , 1.00771]
       - orientation : [0.606653 , 0.780686 , -0.122346 , 0.0867932]
  RingCirclePositionError : 0
  position_error : 0.213598
  orientation_error : 1.83791
  found_in_gazebo : 1

 ErrorResults 
  stamp : 2025-11-28T22:03:06Z
  target_type : armor_red_3
  model_name : armor_red_3
  pose : 
       - position : [0.0129531 , 2.85192 , 1.00771]
       - orientation : [0.606653 , 0.780686 , -0.122346 , 0.0867932]
  RingCirclePositionError : 0
  position_error : 0.213598
  orientation_error : 1.83791
  found_in_gazebo : 1

 ErrorResults 
  stamp : 2025-11-28T22:03:06Z
  target_type : armor_red_3
  model_name : armor_red_3
  pose : 
       - position : [0.0129531 , 2.85192 , 1.00771]
       - orientation : [0.606653 , 0.780686 , -0.122346 , 0.0867932]
  RingCirclePositionError : 0
  position_error : 0.213598
  orientation_error : 1.83791
  found_in_gazebo : 1

 ErrorResults 
  stamp : 2025-11-28T22:03:06Z
  target_type : armor_red_3
  model_name : armor_red_3
  pose : 
       - position : [0.0129531 , 2.85192 , 1.00771]
       - orientation : [0.606653 , 0.780686 , -0.122346 , 0.0867932]
  RingCirclePositionError : 0
  position_error : 0.213598
  orientation_error : 1.83791
  found_in_gazebo : 1

 ErrorResults 
  stamp : 2025-11-28T22:03:06Z
  target_type : armor_red_3
  model_name : armor_red_3
  pose : 
       - position : [0.0129531 , 2.85192 , 1.00771]
       - orientation : [0.606653 , 0.780686 , -0.122346 , 0.0867932]
  RingCirclePositionError : 0
  position_error : 0.213598
  orientation_error : 1.83791
  found_in_gazebo : 1

 ErrorResults 
  stamp : 2025-11-28T22:03:06Z
  target_type : armor_red_3
  model_name : armor_red_3
  pose : 
       - position : [0.0129531 , 2.85192 , 1.00771]
       - orientation : [0.606653 , 0.780686 , -0.122346 , 0.0867932]
  RingCirclePositionError : 0
  position_error : 0.213598
  orientation_error : 1.83791
  found_in_gazebo : 1

 ErrorResults 
  stamp : 2025-11-28T22:03:06Z
  target_type : armor_red_3
  model_name : armor_red_3
  pose : 
       - position : [0.0129531 , 2.85192 , 1.00771]
       - orientation : [0.606653 , 0.780686 , -0.122346 , 0.0867932]
  RingCirclePositionError : 0
  position_error : 0.213598
  orientation_error : 1.83791
  found_in_gazebo : 1

 ErrorResults 
  stamp : 2025-11-28T22:03:06Z
  target_type : armor_red_3
  model_name : armor_red_3
  pose : 
       - position : [0.0129531 , 2.85192 , 1.00771]
       - orientation : [0.606653 , 0.780686 , -0.122346 , 0.0867932]
  RingCirclePositionError : 0
  position_error : 0.213598
  orientation_error : 1.83791
  found_in_gazebo : 1

 ErrorResults 
  stamp : 2025-11-28T22:03:06Z
  target_type : armor_red_3
  model_name : armor_red_3
  pose : 
       - position : [0.0129531 , 2.85192 , 1.00771]
       - orientation : [0.606653 , 0.780686 , -0.122346 , 0.0867932]
  RingCirclePositionError : 0
  position_error : 0.213598
  orientation_error : 1.83791
  found_in_gazebo : 1

 ErrorResults 
  stamp : 2025-11-28T22:03:06Z
  target_type : armor_red_3
  model_name : armor_red_3
  pose : 
       - position : [0.0129531 , 2.85192 , 1.00771]
       - orientation : [0.606653 , 0.780686 , -0.122346 , 0.0867932]
  RingCirclePositionError : 0
  position_error : 0.213598
  orientation_error : 1.83791
  found_in_gazebo : 1

 ErrorResults 
  stamp : 2025-11-28T22:03:06Z
  target_type : armor_red_3
  model_name : armor_red_3
  pose : 
       - position : [0.0129573 , 2.85168 , 1.00763]
       - orientation : [0.606838 , 0.78052 , -0.12247 , 0.0868236]
  RingCirclePositionError : 0
  position_error : 0.213574
  orientation_error : 1.83744
  found_in_gazebo : 1

 ErrorResults 
  stamp : 2025-11-28T22:03:06Z
  target_type : armor_red_3
  model_name : armor_red_3
  pose : 
       - position : [0.0129573 , 2.85168 , 1.00763]
       - orientation : [0.606838 , 0.78052 , -0.12247 , 0.0868236]
  RingCirclePositionError : 0
  position_error : 0.213574
  orientation_error : 1.83744
  found_in_gazebo : 1

 ErrorResults 
  stamp : 2025-11-28T22:03:06Z
  target_type : armor_red_3
  model_name : armor_red_3
  pose : 
       - position : [0.0129573 , 2.85168 , 1.00763]
       - orientation : [0.606838 , 0.78052 , -0.12247 , 0.0868236]
  RingCirclePositionError : 0
  position_error : 0.213574
  orientation_error : 1.83744
  found_in_gazebo : 1

 ErrorResults 
  stamp : 2025-11-28T22:03:06Z
  target_type : armor_red_3
  model_name : armor_red_3
  pose : 
       - position : [0.0129573 , 2.85168 , 1.00763]
       - orientation : [0.606838 , 0.78052 , -0.12247 , 0.0868236]
  RingCirclePositionError : 0
  position_error : 0.213574
  orientation_error : 1.83744
  found_in_gazebo : 1

 ErrorResults 
  stamp : 2025-11-28T22:03:07Z
  target_type : armor_red_3
  model_name : armor_red_3
  pose : 
       - position : [0.0129573 , 2.85168 , 1.00763]
       - orientation : [0.606838 , 0.78052 , -0.12247 , 0.0868236]
  RingCirclePositionError : 0
  position_error : 0.213574
  orientation_error : 1.83744
  found_in_gazebo : 1

 ErrorResults 
  stamp : 2025-11-28T22:03:07Z
  target_type : armor_red_3
  model_name : armor_red_3
  pose : 
       - position : [0.0129573 , 2.85168 , 1.00763]
       - orientation : [0.606838 , 0.78052 , -0.12247 , 0.0868236]
  RingCirclePositionError : 0
  position_error : 0.213574
  orientation_error : 1.83744
  found_in_gazebo : 1

 ErrorResults 
  stamp : 2025-11-28T22:03:07Z
  target_type : armor_red_3
  model_name : armor_red_3
  pose : 
       - position : [0.0129173 , 2.85165 , 1.00762]
       - orientation : [0.606872 , 0.780518 , -0.122365 , 0.0867496]
  RingCirclePositionError : 0
  position_error : 0.213569
  orientation_error : 1.83736
  found_in_gazebo : 1

 ErrorResults 
  stamp : 2025-11-28T22:03:07Z
  target_type : armor_red_3
  model_name : armor_red_3
  pose : 
       - position : [0.0129173 , 2.85165 , 1.00762]
       - orientation : [0.606872 , 0.780518 , -0.122365 , 0.0867496]
  RingCirclePositionError : 0
  position_error : 0.213569
  orientation_error : 1.83736
  found_in_gazebo : 1

 ErrorResults 
  stamp : 2025-11-28T22:03:07Z
  target_type : armor_red_3
  model_name : armor_red_3
  pose : 
       - position : [0.0129173 , 2.85165 , 1.00762]
       - orientation : [0.606872 , 0.780518 , -0.122365 , 0.0867496]
  RingCirclePositionError : 0
  position_error : 0.213569
  orientation_error : 1.83736
  found_in_gazebo : 1

 ErrorResults 
  stamp : 2025-11-28T22:03:07Z
  target_type : armor_red_3
  model_name : armor_red_3
  pose : 
       - position : [0.0129173 , 2.85165 , 1.00762]
       - orientation : [0.606872 , 0.780518 , -0.122365 , 0.0867496]
  RingCirclePositionError : 0
  position_error : 0.213569
  orientation_error : 1.83736
  found_in_gazebo : 1

 ErrorResults 
  stamp : 2025-11-28T22:03:07Z
  target_type : armor_red_3
  model_name : armor_red_3
  pose : 
       - position : [0.0129173 , 2.85165 , 1.00762]
       - orientation : [0.606872 , 0.780518 , -0.122365 , 0.0867496]
  RingCirclePositionError : 0
  position_error : 0.213569
  orientation_error : 1.83736
  found_in_gazebo : 1

 ErrorResults 
  stamp : 2025-11-28T22:03:07Z
  target_type : armor_red_3
  model_name : armor_red_3
  pose : 
       - position : [0.0129173 , 2.85165 , 1.00762]
       - orientation : [0.606872 , 0.780518 , -0.122365 , 0.0867496]
  RingCirclePositionError : 0
  position_error : 0.213569
  orientation_error : 1.83736
  found_in_gazebo : 1

 ErrorResults 
  stamp : 2025-11-28T22:03:07Z
  target_type : armor_red_3
  model_name : armor_red_3
  pose : 
       - position : [0.0129173 , 2.85165 , 1.00762]
       - orientation : [0.606872 , 0.780518 , -0.122365 , 0.0867496]
  RingCirclePositionError : 0
  position_error : 0.213569
  orientation_error : 1.83736
  found_in_gazebo : 1

 ErrorResults 
  stamp : 2025-11-28T22:03:07Z
  target_type : armor_red_3
  model_name : armor_red_3
  pose : 
       - position : [0.0129173 , 2.85165 , 1.00762]
       - orientation : [0.606872 , 0.780518 , -0.122365 , 0.0867496]
  RingCirclePositionError : 0
  position_error : 0.213569
  orientation_error : 1.83736
  found_in_gazebo : 1

 ErrorResults 
  stamp : 2025-11-28T22:03:07Z
  target_type : armor_red_3
  model_name : armor_red_3
  pose : 
       - position : [0.0129173 , 2.85165 , 1.00762]
       - orientation : [0.606872 , 0.780518 , -0.122365 , 0.0867496]
  RingCirclePositionError : 0
  position_error : 0.213569
  orientation_error : 1.83736
  found_in_gazebo : 1

 ErrorResults 
  stamp : 2025-11-28T22:03:07Z
  target_type : armor_red_3
  model_name : armor_red_3
  pose : 
       - position : [0.0129173 , 2.85165 , 1.00762]
       - orientation : [0.606872 , 0.780518 , -0.122365 , 0.0867496]
  RingCirclePositionError : 0
  position_error : 0.213569
  orientation_error : 1.83736
  found_in_gazebo : 1

 ErrorResults 
  stamp : 2025-11-28T22:03:07Z
  target_type : armor_red_3
  model_name : armor_red_3
  pose : 
       - position : [0.0129173 , 2.85165 , 1.00762]
       - orientation : [0.606872 , 0.780518 , -0.122365 , 0.0867496]
  RingCirclePositionError : 0
  position_error : 0.213569
  orientation_error : 1.83736
  found_in_gazebo : 1

 ErrorResults 
  stamp : 2025-11-28T22:03:07Z
  target_type : armor_red_3
  model_name : armor_red_3
  pose : 
       - position : [0.0129173 , 2.85165 , 1.00762]
       - orientation : [0.606872 , 0.780518 , -0.122365 , 0.0867496]
  RingCirclePositionError : 0
  position_error : 0.213569
  orientation_error : 1.83736
  found_in_gazebo : 1

 ErrorResults 
  stamp : 2025-11-28T22:03:07Z
  target_type : armor_red_3
  model_name : armor_red_3
  pose : 
       - position : [0.0129173 , 2.85165 , 1.00762]
       - orientation : [0.606872 , 0.780518 , -0.122365 , 0.0867496]
  RingCirclePositionError : 0
  position_error : 0.213569
  orientation_error : 1.83736
  found_in_gazebo : 1

 ErrorResults 
  stamp : 2025-11-28T22:03:07Z
  target_type : armor_red_3
  model_name : armor_red_3
  pose : 
       - position : [0.0129173 , 2.85165 , 1.00762]
       - orientation : [0.606872 , 0.780518 , -0.122365 , 0.0867496]
  RingCirclePositionError : 0
  position_error : 0.213569
  orientation_error : 1.83736
  found_in_gazebo : 1

 ErrorResults 
  stamp : 2025-11-28T22:03:07Z
  target_type : armor_red_3
  model_name : armor_red_3
  pose : 
       - position : [0.0129173 , 2.85165 , 1.00762]
       - orientation : [0.606872 , 0.780518 , -0.122365 , 0.0867496]
  RingCirclePositionError : 0
  position_error : 0.213569
  orientation_error : 1.83736
  found_in_gazebo : 1

 ErrorResults 
  stamp : 2025-11-28T22:03:07Z
  target_type : armor_red_3
  model_name : armor_red_3
  pose : 
       - position : [0.0129173 , 2.85165 , 1.00762]
       - orientation : [0.606872 , 0.780518 , -0.122365 , 0.0867496]
  RingCirclePositionError : 0
  position_error : 0.213569
  orientation_error : 1.83736
  found_in_gazebo : 1

 ErrorResults 
  stamp : 2025-11-28T22:03:07Z
  target_type : armor_red_3
  model_name : armor_red_3
  pose : 
       - position : [0.0129173 , 2.85165 , 1.00762]
       - orientation : [0.606872 , 0.780518 , -0.122365 , 0.0867496]
  RingCirclePositionError : 0
  position_error : 0.213569
  orientation_error : 1.83736
  found_in_gazebo : 1

 ErrorResults 
  stamp : 2025-11-28T22:03:07Z
  target_type : armor_red_3
  model_name : armor_red_3
  pose : 
       - position : [0.0129209 , 2.85139 , 1.00754]
       - orientation : [0.607066 , 0.780343 , -0.122494 , 0.0867802]
  RingCirclePositionError : 0
  position_error : 0.213544
  orientation_error : 1.83687
  found_in_gazebo : 1

 ErrorResults 
  stamp : 2025-11-28T22:03:07Z
  target_type : armor_red_3
  model_name : armor_red_3
  pose : 
       - position : [0.0129209 , 2.85139 , 1.00754]
       - orientation : [0.607066 , 0.780343 , -0.122494 , 0.0867802]
  RingCirclePositionError : 0
  position_error : 0.213544
  orientation_error : 1.83687
  found_in_gazebo : 1

 ErrorResults 
  stamp : 2025-11-28T22:03:07Z
  target_type : armor_red_3
  model_name : armor_red_3
  pose : 
       - position : [0.0129209 , 2.85139 , 1.00754]
       - orientation : [0.607066 , 0.780343 , -0.122494 , 0.0867802]
  RingCirclePositionError : 0
  position_error : 0.213544
  orientation_error : 1.83687
  found_in_gazebo : 1

 ErrorResults 
  stamp : 2025-11-28T22:03:07Z
  target_type : armor_red_3
  model_name : armor_red_3
  pose : 
       - position : [0.0129209 , 2.85139 , 1.00754]
       - orientation : [0.607066 , 0.780343 , -0.122494 , 0.0867802]
  RingCirclePositionError : 0
  position_error : 0.213544
  orientation_error : 1.83687
  found_in_gazebo : 1

 ErrorResults 
  stamp : 2025-11-28T22:03:07Z
  target_type : armor_red_3
  model_name : armor_red_3
  pose : 
       - position : [0.0129209 , 2.85139 , 1.00754]
       - orientation : [0.607066 , 0.780343 , -0.122494 , 0.0867802]
  RingCirclePositionError : 0
  position_error : 0.213544
  orientation_error : 1.83687
  found_in_gazebo : 1

 ErrorResults 
  stamp : 2025-11-28T22:03:07Z
  target_type : armor_red_3
  model_name : armor_red_3
  pose : 
       - position : [0.0129209 , 2.85139 , 1.00754]
       - orientation : [0.607066 , 0.780343 , -0.122494 , 0.0867802]
  RingCirclePositionError : 0
  position_error : 0.213544
  orientation_error : 1.83687
  found_in_gazebo : 1

 ErrorResults 
  stamp : 2025-11-28T22:03:07Z
  target_type : armor_red_3
  model_name : armor_red_3
  pose : 
       - position : [0.0129209 , 2.85139 , 1.00754]
       - orientation : [0.607066 , 0.780343 , -0.122494 , 0.0867802]
  RingCirclePositionError : 0
  position_error : 0.213544
  orientation_error : 1.83687
  found_in_gazebo : 1

 ErrorResults 
  stamp : 2025-11-28T22:03:07Z
  target_type : armor_red_3
  model_name : armor_red_3
  pose : 
       - position : [0.0128799 , 2.85137 , 1.00753]
       - orientation : [0.607101 , 0.780342 , -0.122385 , 0.0867042]
  RingCirclePositionError : 0
  position_error : 0.213538
  orientation_error : 1.83678
  found_in_gazebo : 1

 ErrorResults 
  stamp : 2025-11-28T22:03:07Z
  target_type : armor_red_3
  model_name : armor_red_3
  pose : 
       - position : [0.0128799 , 2.85137 , 1.00753]
       - orientation : [0.607101 , 0.780342 , -0.122385 , 0.0867042]
  RingCirclePositionError : 0
  position_error : 0.213538
  orientation_error : 1.83678
  found_in_gazebo : 1

 ErrorResults 
  stamp : 2025-11-28T22:03:07Z
  target_type : armor_red_3
  model_name : armor_red_3
  pose : 
       - position : [0.0128799 , 2.85137 , 1.00753]
       - orientation : [0.607101 , 0.780342 , -0.122385 , 0.0867042]
  RingCirclePositionError : 0
  position_error : 0.213538
  orientation_error : 1.83678
  found_in_gazebo : 1

 ErrorResults 
  stamp : 2025-11-28T22:03:07Z
  target_type : armor_red_3
  model_name : armor_red_3
  pose : 
       - position : [0.0128799 , 2.85137 , 1.00753]
       - orientation : [0.607101 , 0.780342 , -0.122385 , 0.0867042]
  RingCirclePositionError : 0
  position_error : 0.213538
  orientation_error : 1.83678
  found_in_gazebo : 1

 ErrorResults 
  stamp : 2025-11-28T22:03:07Z
  target_type : armor_red_3
  model_name : armor_red_3
  pose : 
       - position : [0.0128799 , 2.85137 , 1.00753]
       - orientation : [0.607101 , 0.780342 , -0.122385 , 0.0867042]
  RingCirclePositionError : 0
  position_error : 0.213538
  orientation_error : 1.83678
  found_in_gazebo : 1

 ErrorResults 
  stamp : 2025-11-28T22:03:07Z
  target_type : armor_red_3
  model_name : armor_red_3
  pose : 
       - position : [0.0128799 , 2.85137 , 1.00753]
       - orientation : [0.607101 , 0.780342 , -0.122385 , 0.0867042]
  RingCirclePositionError : 0
  position_error : 0.213538
  orientation_error : 1.83678
  found_in_gazebo : 1

 ErrorResults 
  stamp : 2025-11-28T22:03:07Z
  target_type : armor_red_3
  model_name : armor_red_3
  pose : 
       - position : [0.0128799 , 2.85137 , 1.00753]
       - orientation : [0.607101 , 0.780342 , -0.122385 , 0.0867042]
  RingCirclePositionError : 0
  position_error : 0.213538
  orientation_error : 1.83678
  found_in_gazebo : 1

 ErrorResults 
  stamp : 2025-11-28T22:03:07Z
  target_type : armor_red_3
  model_name : armor_red_3
  pose : 
       - position : [0.0128799 , 2.85137 , 1.00753]
       - orientation : [0.607101 , 0.780342 , -0.122385 , 0.0867042]
  RingCirclePositionError : 0
  position_error : 0.213538
  orientation_error : 1.83678
  found_in_gazebo : 1

 ErrorResults 
  stamp : 2025-11-28T22:03:07Z
  target_type : armor_red_3
  model_name : armor_red_3
  pose : 
       - position : [0.0128799 , 2.85137 , 1.00753]
       - orientation : [0.607101 , 0.780342 , -0.122385 , 0.0867042]
  RingCirclePositionError : 0
  position_error : 0.213538
  orientation_error : 1.83678
  found_in_gazebo : 1

 ErrorResults 
  stamp : 2025-11-28T22:03:07Z
  target_type : armor_red_3
  model_name : armor_red_3
  pose : 
       - position : [0.0128799 , 2.85137 , 1.00753]
       - orientation : [0.607101 , 0.780342 , -0.122385 , 0.0867042]
  RingCirclePositionError : 0
  position_error : 0.213538
  orientation_error : 1.83678
  found_in_gazebo : 1

 ErrorResults 
  stamp : 2025-11-28T22:03:07Z
  target_type : armor_red_3
  model_name : armor_red_3
  pose : 
       - position : [0.0128799 , 2.85137 , 1.00753]
       - orientation : [0.607101 , 0.780342 , -0.122385 , 0.0867042]
  RingCirclePositionError : 0
  position_error : 0.213538
  orientation_error : 1.83678
  found_in_gazebo : 1

 ErrorResults 
  stamp : 2025-11-28T22:03:07Z
  target_type : armor_red_3
  model_name : armor_red_3
  pose : 
       - position : [0.0128799 , 2.85137 , 1.00753]
       - orientation : [0.607101 , 0.780342 , -0.122385 , 0.0867042]
  RingCirclePositionError : 0
  position_error : 0.213538
  orientation_error : 1.83678
  found_in_gazebo : 1

 ErrorResults 
  stamp : 2025-11-28T22:03:07Z
  target_type : armor_red_3
  model_name : armor_red_3
  pose : 
       - position : [0.0128799 , 2.85137 , 1.00753]
       - orientation : [0.607101 , 0.780342 , -0.122385 , 0.0867042]
  RingCirclePositionError : 0
  position_error : 0.213538
  orientation_error : 1.83678
  found_in_gazebo : 1

 ErrorResults 
  stamp : 2025-11-28T22:03:07Z
  target_type : armor_red_3
  model_name : armor_red_3
  pose : 
       - position : [0.0128799 , 2.85137 , 1.00753]
       - orientation : [0.607101 , 0.780342 , -0.122385 , 0.0867042]
  RingCirclePositionError : 0
  position_error : 0.213538
  orientation_error : 1.83678
  found_in_gazebo : 1

 ErrorResults 
  stamp : 2025-11-28T22:03:07Z
  target_type : armor_red_3
  model_name : armor_red_3
  pose : 
       - position : [0.0128799 , 2.85137 , 1.00753]
       - orientation : [0.607101 , 0.780342 , -0.122385 , 0.0867042]
  RingCirclePositionError : 0
  position_error : 0.213538
  orientation_error : 1.83678
  found_in_gazebo : 1

 ErrorResults 
  stamp : 2025-11-28T22:03:07Z
  target_type : armor_red_3
  model_name : armor_red_3
  pose : 
       - position : [0.0128799 , 2.85137 , 1.00753]
       - orientation : [0.607101 , 0.780342 , -0.122385 , 0.0867042]
  RingCirclePositionError : 0
  position_error : 0.213538
  orientation_error : 1.83678
  found_in_gazebo : 1

 ErrorResults 
  stamp : 2025-11-28T22:03:07Z
  target_type : armor_red_3
  model_name : armor_red_3
  pose : 
       - position : [0.0128799 , 2.85137 , 1.00753]
       - orientation : [0.607101 , 0.780342 , -0.122385 , 0.0867042]
  RingCirclePositionError : 0
  position_error : 0.213538
  orientation_error : 1.83678
  found_in_gazebo : 1

 ErrorResults 
  stamp : 2025-11-28T22:03:07Z
  target_type : armor_red_3
  model_name : armor_red_3
  pose : 
       - position : [0.0128799 , 2.85137 , 1.00753]
       - orientation : [0.607101 , 0.780342 , -0.122385 , 0.0867042]
  RingCirclePositionError : 0
  position_error : 0.213538
  orientation_error : 1.83678
  found_in_gazebo : 1

 ErrorResults 
  stamp : 2025-11-28T22:03:07Z
  target_type : armor_red_3
  model_name : armor_red_3
  pose : 
       - position : [0.0128826 , 2.8511 , 1.00744]
       - orientation : [0.607306 , 0.780158 , -0.122519 , 0.0867348]
  RingCirclePositionError : 0
  position_error : 0.213512
  orientation_error : 1.83626
  found_in_gazebo : 1

 ErrorResults 
  stamp : 2025-11-28T22:03:07Z
  target_type : armor_red_3
  model_name : armor_red_3
  pose : 
       - position : [0.0128826 , 2.8511 , 1.00744]
       - orientation : [0.607306 , 0.780158 , -0.122519 , 0.0867348]
  RingCirclePositionError : 0
  position_error : 0.213512
  orientation_error : 1.83626
  found_in_gazebo : 1

 ErrorResults 
  stamp : 2025-11-28T22:03:08Z
  target_type : armor_red_3
  model_name : armor_red_3
  pose : 
       - position : [0.0128826 , 2.8511 , 1.00744]
       - orientation : [0.607306 , 0.780158 , -0.122519 , 0.0867348]
  RingCirclePositionError : 0
  position_error : 0.213512
  orientation_error : 1.83626
  found_in_gazebo : 1

 ErrorResults 
  stamp : 2025-11-28T22:03:08Z
  target_type : armor_red_3
  model_name : armor_red_3
  pose : 
       - position : [0.0128826 , 2.8511 , 1.00744]
       - orientation : [0.607306 , 0.780158 , -0.122519 , 0.0867348]
  RingCirclePositionError : 0
  position_error : 0.213512
  orientation_error : 1.83626
  found_in_gazebo : 1

 ErrorResults 
  stamp : 2025-11-28T22:03:08Z
  target_type : armor_red_3
  model_name : armor_red_3
  pose : 
       - position : [0.0128826 , 2.8511 , 1.00744]
       - orientation : [0.607306 , 0.780158 , -0.122519 , 0.0867348]
  RingCirclePositionError : 0
  position_error : 0.213512
  orientation_error : 1.83626
  found_in_gazebo : 1

 ErrorResults 
  stamp : 2025-11-28T22:03:08Z
  target_type : armor_red_3
  model_name : armor_red_3
  pose : 
       - position : [0.0128826 , 2.8511 , 1.00744]
       - orientation : [0.607306 , 0.780158 , -0.122519 , 0.0867348]
  RingCirclePositionError : 0
  position_error : 0.213512
  orientation_error : 1.83626
  found_in_gazebo : 1

 ErrorResults 
  stamp : 2025-11-28T22:03:08Z
  target_type : armor_red_3
  model_name : armor_red_3
  pose : 
       - position : [0.0128404 , 2.85107 , 1.00743]
       - orientation : [0.607341 , 0.780156 , -0.122407 , 0.0866568]
  RingCirclePositionError : 0
  position_error : 0.213506
  orientation_error : 1.83617
  found_in_gazebo : 1

 ErrorResults 
  stamp : 2025-11-28T22:03:08Z
  target_type : armor_red_3
  model_name : armor_red_3
  pose : 
       - position : [0.0128404 , 2.85107 , 1.00743]
       - orientation : [0.607341 , 0.780156 , -0.122407 , 0.0866568]
  RingCirclePositionError : 0
  position_error : 0.213506
  orientation_error : 1.83617
  found_in_gazebo : 1

 ErrorResults 
  stamp : 2025-11-28T22:03:08Z
  target_type : armor_red_3
  model_name : armor_red_3
  pose : 
       - position : [0.0128404 , 2.85107 , 1.00743]
       - orientation : [0.607341 , 0.780156 , -0.122407 , 0.0866568]
  RingCirclePositionError : 0
  position_error : 0.213506
  orientation_error : 1.83617
  found_in_gazebo : 1

 ErrorResults 
  stamp : 2025-11-28T22:03:08Z
  target_type : armor_red_3
  model_name : armor_red_3
  pose : 
       - position : [0.0128404 , 2.85107 , 1.00743]
       - orientation : [0.607341 , 0.780156 , -0.122407 , 0.0866568]
  RingCirclePositionError : 0
  position_error : 0.213506
  orientation_error : 1.83617
  found_in_gazebo : 1

 ErrorResults 
  stamp : 2025-11-28T22:03:08Z
  target_type : armor_red_3
  model_name : armor_red_3
  pose : 
       - position : [0.0128404 , 2.85107 , 1.00743]
       - orientation : [0.607341 , 0.780156 , -0.122407 , 0.0866568]
  RingCirclePositionError : 0
  position_error : 0.213506
  orientation_error : 1.83617
  found_in_gazebo : 1

 ErrorResults 
  stamp : 2025-11-28T22:03:08Z
  target_type : armor_red_3
  model_name : armor_red_3
  pose : 
       - position : [0.0128404 , 2.85107 , 1.00743]
       - orientation : [0.607341 , 0.780156 , -0.122407 , 0.0866568]
  RingCirclePositionError : 0
  position_error : 0.213506
  orientation_error : 1.83617
  found_in_gazebo : 1

 ErrorResults 
  stamp : 2025-11-28T22:03:08Z
  target_type : armor_red_3
  model_name : armor_red_3
  pose : 
       - position : [0.0128404 , 2.85107 , 1.00743]
       - orientation : [0.607341 , 0.780156 , -0.122407 , 0.0866568]
  RingCirclePositionError : 0
  position_error : 0.213506
  orientation_error : 1.83617
  found_in_gazebo : 1

 ErrorResults 
  stamp : 2025-11-28T22:03:08Z
  target_type : armor_red_3
  model_name : armor_red_3
  pose : 
       - position : [0.0128404 , 2.85107 , 1.00743]
       - orientation : [0.607341 , 0.780156 , -0.122407 , 0.0866568]
  RingCirclePositionError : 0
  position_error : 0.213506
  orientation_error : 1.83617
  found_in_gazebo : 1

 ErrorResults 
  stamp : 2025-11-28T22:03:08Z
  target_type : armor_red_3
  model_name : armor_red_3
  pose : 
       - position : [0.0128404 , 2.85107 , 1.00743]
       - orientation : [0.607341 , 0.780156 , -0.122407 , 0.0866568]
  RingCirclePositionError : 0
  position_error : 0.213506
  orientation_error : 1.83617
  found_in_gazebo : 1

 ErrorResults 
  stamp : 2025-11-28T22:03:08Z
  target_type : armor_red_3
  model_name : armor_red_3
  pose : 
       - position : [0.0128404 , 2.85107 , 1.00743]
       - orientation : [0.607341 , 0.780156 , -0.122407 , 0.0866568]
  RingCirclePositionError : 0
  position_error : 0.213506
  orientation_error : 1.83617
  found_in_gazebo : 1

 ErrorResults 
  stamp : 2025-11-28T22:03:08Z
  target_type : armor_red_3
  model_name : armor_red_3
  pose : 
       - position : [0.0128404 , 2.85107 , 1.00743]
       - orientation : [0.607341 , 0.780156 , -0.122407 , 0.0866568]
  RingCirclePositionError : 0
  position_error : 0.213506
  orientation_error : 1.83617
  found_in_gazebo : 1

 ErrorResults 
  stamp : 2025-11-28T22:03:08Z
  target_type : armor_red_3
  model_name : armor_red_3
  pose : 
       - position : [0.0128404 , 2.85107 , 1.00743]
       - orientation : [0.607341 , 0.780156 , -0.122407 , 0.0866568]
  RingCirclePositionError : 0
  position_error : 0.213506
  orientation_error : 1.83617
  found_in_gazebo : 1

 ErrorResults 
  stamp : 2025-11-28T22:03:08Z
  target_type : armor_red_3
  model_name : armor_red_3
  pose : 
       - position : [0.0128404 , 2.85107 , 1.00743]
       - orientation : [0.607341 , 0.780156 , -0.122407 , 0.0866568]
  RingCirclePositionError : 0
  position_error : 0.213506
  orientation_error : 1.83617
  found_in_gazebo : 1

 ErrorResults 
  stamp : 2025-11-28T22:03:08Z
  target_type : armor_red_3
  model_name : armor_red_3
  pose : 
       - position : [0.0128404 , 2.85107 , 1.00743]
       - orientation : [0.607341 , 0.780156 , -0.122407 , 0.0866568]
  RingCirclePositionError : 0
  position_error : 0.213506
  orientation_error : 1.83617
  found_in_gazebo : 1

 ErrorResults 
  stamp : 2025-11-28T22:03:08Z
  target_type : armor_red_3
  model_name : armor_red_3
  pose : 
       - position : [0.0128404 , 2.85107 , 1.00743]
       - orientation : [0.607341 , 0.780156 , -0.122407 , 0.0866568]
  RingCirclePositionError : 0
  position_error : 0.213506
  orientation_error : 1.83617
  found_in_gazebo : 1

 ErrorResults 
  stamp : 2025-11-28T22:03:08Z
  target_type : armor_red_3
  model_name : armor_red_3
  pose : 
       - position : [0.0128404 , 2.85107 , 1.00743]
       - orientation : [0.607341 , 0.780156 , -0.122407 , 0.0866568]
  RingCirclePositionError : 0
  position_error : 0.213506
  orientation_error : 1.83617
  found_in_gazebo : 1

 ErrorResults 
  stamp : 2025-11-28T22:03:08Z
  target_type : armor_red_3
  model_name : armor_red_3
  pose : 
       - position : [0.0128404 , 2.85107 , 1.00743]
       - orientation : [0.607341 , 0.780156 , -0.122407 , 0.0866568]
  RingCirclePositionError : 0
  position_error : 0.213506
  orientation_error : 1.83617
  found_in_gazebo : 1

 ErrorResults 
  stamp : 2025-11-28T22:03:08Z
  target_type : armor_red_3
  model_name : armor_red_3
  pose : 
       - position : [0.0128404 , 2.85107 , 1.00743]
       - orientation : [0.607341 , 0.780156 , -0.122407 , 0.0866568]
  RingCirclePositionError : 0
  position_error : 0.213506
  orientation_error : 1.83617
  found_in_gazebo : 1

 ErrorResults 
  stamp : 2025-11-28T22:03:08Z
  target_type : armor_red_3
  model_name : armor_red_3
  pose : 
       - position : [0.0128404 , 2.85107 , 1.00743]
       - orientation : [0.607341 , 0.780156 , -0.122407 , 0.0866568]
  RingCirclePositionError : 0
  position_error : 0.213506
  orientation_error : 1.83617
  found_in_gazebo : 1

 ErrorResults 
  stamp : 2025-11-28T22:03:08Z
  target_type : armor_red_3
  model_name : armor_red_3
  pose : 
       - position : [0.0128404 , 2.85107 , 1.00743]
       - orientation : [0.607341 , 0.780156 , -0.122407 , 0.0866568]
  RingCirclePositionError : 0
  position_error : 0.213506
  orientation_error : 1.83617
  found_in_gazebo : 1

 ErrorResults 
  stamp : 2025-11-28T22:03:08Z
  target_type : armor_red_3
  model_name : armor_red_3
  pose : 
       - position : [0.0128422 , 2.85078 , 1.00733]
       - orientation : [0.607558 , 0.779962 , -0.122545 , 0.0866868]
  RingCirclePositionError : 0
  position_error : 0.213479
  orientation_error : 1.83563
  found_in_gazebo : 1

 ErrorResults 
  stamp : 2025-11-28T22:03:08Z
  target_type : armor_red_3
  model_name : armor_red_3
  pose : 
       - position : [0.0128422 , 2.85078 , 1.00733]
       - orientation : [0.607558 , 0.779962 , -0.122545 , 0.0866868]
  RingCirclePositionError : 0
  position_error : 0.213479
  orientation_error : 1.83563
  found_in_gazebo : 1

 ErrorResults 
  stamp : 2025-11-28T22:03:08Z
  target_type : armor_red_3
  model_name : armor_red_3
  pose : 
       - position : [0.0128422 , 2.85078 , 1.00733]
       - orientation : [0.607558 , 0.779962 , -0.122545 , 0.0866868]
  RingCirclePositionError : 0
  position_error : 0.213479
  orientation_error : 1.83563
  found_in_gazebo : 1

 ErrorResults 
  stamp : 2025-11-28T22:03:08Z
  target_type : armor_red_3
  model_name : armor_red_3
  pose : 
       - position : [0.0128422 , 2.85078 , 1.00733]
       - orientation : [0.607558 , 0.779962 , -0.122545 , 0.0866868]
  RingCirclePositionError : 0
  position_error : 0.213479
  orientation_error : 1.83563
  found_in_gazebo : 1

 ErrorResults 
  stamp : 2025-11-28T22:03:08Z
  target_type : armor_red_3
  model_name : armor_red_3
  pose : 
       - position : [0.0128422 , 2.85078 , 1.00733]
       - orientation : [0.607558 , 0.779962 , -0.122545 , 0.0866868]
  RingCirclePositionError : 0
  position_error : 0.213479
  orientation_error : 1.83563
  found_in_gazebo : 1

 ErrorResults 
  stamp : 2025-11-28T22:03:08Z
  target_type : armor_red_3
  model_name : armor_red_3
  pose : 
       - position : [0.0127989 , 2.85075 , 1.00732]
       - orientation : [0.607595 , 0.779961 , -0.122431 , 0.086607]
  RingCirclePositionError : 0
  position_error : 0.213473
  orientation_error : 1.83554
  found_in_gazebo : 1

 ErrorResults 
  stamp : 2025-11-28T22:03:08Z
  target_type : armor_red_3
  model_name : armor_red_3
  pose : 
       - position : [0.0127989 , 2.85075 , 1.00732]
       - orientation : [0.607595 , 0.779961 , -0.122431 , 0.086607]
  RingCirclePositionError : 0
  position_error : 0.213473
  orientation_error : 1.83554
  found_in_gazebo : 1

 ErrorResults 
  stamp : 2025-11-28T22:03:08Z
  target_type : armor_red_3
  model_name : armor_red_3
  pose : 
       - position : [0.0127989 , 2.85075 , 1.00732]
       - orientation : [0.607595 , 0.779961 , -0.122431 , 0.086607]
  RingCirclePositionError : 0
  position_error : 0.213473
  orientation_error : 1.83554
  found_in_gazebo : 1

 ErrorResults 
  stamp : 2025-11-28T22:03:08Z
  target_type : armor_red_3
  model_name : armor_red_3
  pose : 
       - position : [0.0127989 , 2.85075 , 1.00732]
       - orientation : [0.607595 , 0.779961 , -0.122431 , 0.086607]
  RingCirclePositionError : 0
  position_error : 0.213473
  orientation_error : 1.83554
  found_in_gazebo : 1

 ErrorResults 
  stamp : 2025-11-28T22:03:08Z
  target_type : armor_red_3
  model_name : armor_red_3
  pose : 
       - position : [0.0127989 , 2.85075 , 1.00732]
       - orientation : [0.607595 , 0.779961 , -0.122431 , 0.086607]
  RingCirclePositionError : 0
  position_error : 0.213473
  orientation_error : 1.83554
  found_in_gazebo : 1

 ErrorResults 
  stamp : 2025-11-28T22:03:08Z
  target_type : armor_red_3
  model_name : armor_red_3
  pose : 
       - position : [0.0127989 , 2.85075 , 1.00732]
       - orientation : [0.607595 , 0.779961 , -0.122431 , 0.086607]
  RingCirclePositionError : 0
  position_error : 0.213473
  orientation_error : 1.83554
  found_in_gazebo : 1

 ErrorResults 
  stamp : 2025-11-28T22:03:08Z
  target_type : armor_red_3
  model_name : armor_red_3
  pose : 
       - position : [0.0127989 , 2.85075 , 1.00732]
       - orientation : [0.607595 , 0.779961 , -0.122431 , 0.086607]
  RingCirclePositionError : 0
  position_error : 0.213473
  orientation_error : 1.83554
  found_in_gazebo : 1

 ErrorResults 
  stamp : 2025-11-28T22:03:08Z
  target_type : armor_red_3
  model_name : armor_red_3
  pose : 
       - position : [0.0127989 , 2.85075 , 1.00732]
       - orientation : [0.607595 , 0.779961 , -0.122431 , 0.086607]
  RingCirclePositionError : 0
  position_error : 0.213473
  orientation_error : 1.83554
  found_in_gazebo : 1

 ErrorResults 
  stamp : 2025-11-28T22:03:08Z
  target_type : armor_red_3
  model_name : armor_red_3
  pose : 
       - position : [0.0127989 , 2.85075 , 1.00732]
       - orientation : [0.607595 , 0.779961 , -0.122431 , 0.086607]
  RingCirclePositionError : 0
  position_error : 0.213473
  orientation_error : 1.83554
  found_in_gazebo : 1

 ErrorResults 
  stamp : 2025-11-28T22:03:08Z
  target_type : armor_red_3
  model_name : armor_red_3
  pose : 
       - position : [0.0127989 , 2.85075 , 1.00732]
       - orientation : [0.607595 , 0.779961 , -0.122431 , 0.086607]
  RingCirclePositionError : 0
  position_error : 0.213473
  orientation_error : 1.83554
  found_in_gazebo : 1

 ErrorResults 
  stamp : 2025-11-28T22:03:08Z
  target_type : armor_red_3
  model_name : armor_red_3
  pose : 
       - position : [0.0127989 , 2.85075 , 1.00732]
       - orientation : [0.607595 , 0.779961 , -0.122431 , 0.086607]
  RingCirclePositionError : 0
  position_error : 0.213473
  orientation_error : 1.83554
  found_in_gazebo : 1

 ErrorResults 
  stamp : 2025-11-28T22:03:08Z
  target_type : armor_red_3
  model_name : armor_red_3
  pose : 
       - position : [0.0127989 , 2.85075 , 1.00732]
       - orientation : [0.607595 , 0.779961 , -0.122431 , 0.086607]
  RingCirclePositionError : 0
  position_error : 0.213473
  orientation_error : 1.83554
  found_in_gazebo : 1

 ErrorResults 
  stamp : 2025-11-28T22:03:08Z
  target_type : armor_red_3
  model_name : armor_red_3
  pose : 
       - position : [0.0127989 , 2.85075 , 1.00732]
       - orientation : [0.607595 , 0.779961 , -0.122431 , 0.086607]
  RingCirclePositionError : 0
  position_error : 0.213473
  orientation_error : 1.83554
  found_in_gazebo : 1

 ErrorResults 
  stamp : 2025-11-28T22:03:08Z
  target_type : armor_red_3
  model_name : armor_red_3
  pose : 
       - position : [0.0127989 , 2.85075 , 1.00732]
       - orientation : [0.607595 , 0.779961 , -0.122431 , 0.086607]
  RingCirclePositionError : 0
  position_error : 0.213473
  orientation_error : 1.83554
  found_in_gazebo : 1

 ErrorResults 
  stamp : 2025-11-28T22:03:08Z
  target_type : armor_red_3
  model_name : armor_red_3
  pose : 
       - position : [0.0127989 , 2.85075 , 1.00732]
       - orientation : [0.607595 , 0.779961 , -0.122431 , 0.086607]
  RingCirclePositionError : 0
  position_error : 0.213473
  orientation_error : 1.83554
  found_in_gazebo : 1

 ErrorResults 
  stamp : 2025-11-28T22:03:08Z
  target_type : armor_red_3
  model_name : armor_red_3
  pose : 
       - position : [0.0127989 , 2.85075 , 1.00732]
       - orientation : [0.607595 , 0.779961 , -0.122431 , 0.086607]
  RingCirclePositionError : 0
  position_error : 0.213473
  orientation_error : 1.83554
  found_in_gazebo : 1

 ErrorResults 
  stamp : 2025-11-28T22:03:08Z
  target_type : armor_red_3
  model_name : armor_red_3
  pose : 
       - position : [0.0127989 , 2.85075 , 1.00732]
       - orientation : [0.607595 , 0.779961 , -0.122431 , 0.086607]
  RingCirclePositionError : 0
  position_error : 0.213473
  orientation_error : 1.83554
  found_in_gazebo : 1

 ErrorResults 
  stamp : 2025-11-28T22:03:09Z
  target_type : armor_red_3
  model_name : armor_red_3
  pose : 
       - position : [0.0127989 , 2.85075 , 1.00732]
       - orientation : [0.607595 , 0.779961 , -0.122431 , 0.086607]
  RingCirclePositionError : 0
  position_error : 0.213473
  orientation_error : 1.83554
  found_in_gazebo : 1

 ErrorResults 
  stamp : 2025-11-28T22:03:09Z
  target_type : armor_red_3
  model_name : armor_red_3
  pose : 
       - position : [0.0127989 , 2.85075 , 1.00732]
       - orientation : [0.607595 , 0.779961 , -0.122431 , 0.086607]
  RingCirclePositionError : 0
  position_error : 0.213473
  orientation_error : 1.83554
  found_in_gazebo : 1

 ErrorResults 
  stamp : 2025-11-28T22:03:09Z
  target_type : armor_red_3
  model_name : armor_red_3
  pose : 
       - position : [0.0127989 , 2.85075 , 1.00732]
       - orientation : [0.607595 , 0.779961 , -0.122431 , 0.086607]
  RingCirclePositionError : 0
  position_error : 0.213473
  orientation_error : 1.83554
  found_in_gazebo : 1

 ErrorResults 
  stamp : 2025-11-28T22:03:09Z
  target_type : armor_red_3
  model_name : armor_red_3
  pose : 
       - position : [0.0127998 , 2.85045 , 1.00722]
       - orientation : [0.607824 , 0.779756 , -0.122574 , 0.086637]
  RingCirclePositionError : 0
  position_error : 0.213444
  orientation_error : 1.83496
  found_in_gazebo : 1

 ErrorResults 
  stamp : 2025-11-28T22:03:09Z
  target_type : armor_red_3
  model_name : armor_red_3
  pose : 
       - position : [0.0127998 , 2.85045 , 1.00722]
       - orientation : [0.607824 , 0.779756 , -0.122574 , 0.086637]
  RingCirclePositionError : 0
  position_error : 0.213444
  orientation_error : 1.83496
  found_in_gazebo : 1

 ErrorResults 
  stamp : 2025-11-28T22:03:09Z
  target_type : armor_red_3
  model_name : armor_red_3
  pose : 
       - position : [0.0127998 , 2.85045 , 1.00722]
       - orientation : [0.607824 , 0.779756 , -0.122574 , 0.086637]
  RingCirclePositionError : 0
  position_error : 0.213444
  orientation_error : 1.83496
  found_in_gazebo : 1

 ErrorResults 
  stamp : 2025-11-28T22:03:09Z
  target_type : armor_red_3
  model_name : armor_red_3
  pose : 
       - position : [0.0127998 , 2.85045 , 1.00722]
       - orientation : [0.607824 , 0.779756 , -0.122574 , 0.086637]
  RingCirclePositionError : 0
  position_error : 0.213444
  orientation_error : 1.83496
  found_in_gazebo : 1

 ErrorResults 
  stamp : 2025-11-28T22:03:09Z
  target_type : armor_red_3
  model_name : armor_red_3
  pose : 
       - position : [0.0127998 , 2.85045 , 1.00722]
       - orientation : [0.607824 , 0.779756 , -0.122574 , 0.086637]
  RingCirclePositionError : 0
  position_error : 0.213444
  orientation_error : 1.83496
  found_in_gazebo : 1

 ErrorResults 
  stamp : 2025-11-28T22:03:09Z
  target_type : armor_red_3
  model_name : armor_red_3
  pose : 
       - position : [0.0127554 , 2.85042 , 1.00721]
       - orientation : [0.607861 , 0.779754 , -0.122457 , 0.0865553]
  RingCirclePositionError : 0
  position_error : 0.213438
  orientation_error : 1.83486
  found_in_gazebo : 1

 ErrorResults 
  stamp : 2025-11-28T22:03:09Z
  target_type : armor_red_3
  model_name : armor_red_3
  pose : 
       - position : [0.0127554 , 2.85042 , 1.00721]
       - orientation : [0.607861 , 0.779754 , -0.122457 , 0.0865553]
  RingCirclePositionError : 0
  position_error : 0.213438
  orientation_error : 1.83486
  found_in_gazebo : 1

 ErrorResults 
  stamp : 2025-11-28T22:03:09Z
  target_type : armor_red_3
  model_name : armor_red_3
  pose : 
       - position : [0.0127554 , 2.85042 , 1.00721]
       - orientation : [0.607861 , 0.779754 , -0.122457 , 0.0865553]
  RingCirclePositionError : 0
  position_error : 0.213438
  orientation_error : 1.83486
  found_in_gazebo : 1

 ErrorResults 
  stamp : 2025-11-28T22:03:09Z
  target_type : armor_red_3
  model_name : armor_red_3
  pose : 
       - position : [0.0127554 , 2.85042 , 1.00721]
       - orientation : [0.607861 , 0.779754 , -0.122457 , 0.0865553]
  RingCirclePositionError : 0
  position_error : 0.213438
  orientation_error : 1.83486
  found_in_gazebo : 1

 ErrorResults 
  stamp : 2025-11-28T22:03:09Z
  target_type : armor_red_3
  model_name : armor_red_3
  pose : 
       - position : [0.0127554 , 2.85042 , 1.00721]
       - orientation : [0.607861 , 0.779754 , -0.122457 , 0.0865553]
  RingCirclePositionError : 0
  position_error : 0.213438
  orientation_error : 1.83486
  found_in_gazebo : 1

 ErrorResults 
  stamp : 2025-11-28T22:03:09Z
  target_type : armor_red_3
  model_name : armor_red_3
  pose : 
       - position : [0.0127554 , 2.85042 , 1.00721]
       - orientation : [0.607861 , 0.779754 , -0.122457 , 0.0865553]
  RingCirclePositionError : 0
  position_error : 0.213438
  orientation_error : 1.83486
  found_in_gazebo : 1

 ErrorResults 
  stamp : 2025-11-28T22:03:09Z
  target_type : armor_red_3
  model_name : armor_red_3
  pose : 
       - position : [0.0127554 , 2.85042 , 1.00721]
       - orientation : [0.607861 , 0.779754 , -0.122457 , 0.0865553]
  RingCirclePositionError : 0
  position_error : 0.213438
  orientation_error : 1.83486
  found_in_gazebo : 1

 ErrorResults 
  stamp : 2025-11-28T22:03:09Z
  target_type : armor_red_3
  model_name : armor_red_3
  pose : 
       - position : [0.0127554 , 2.85042 , 1.00721]
       - orientation : [0.607861 , 0.779754 , -0.122457 , 0.0865553]
  RingCirclePositionError : 0
  position_error : 0.213438
  orientation_error : 1.83486
  found_in_gazebo : 1

 ErrorResults 
  stamp : 2025-11-28T22:03:09Z
  target_type : armor_red_3
  model_name : armor_red_3
  pose : 
       - position : [0.0127554 , 2.85042 , 1.00721]
       - orientation : [0.607861 , 0.779754 , -0.122457 , 0.0865553]
  RingCirclePositionError : 0
  position_error : 0.213438
  orientation_error : 1.83486
  found_in_gazebo : 1

 ErrorResults 
  stamp : 2025-11-28T22:03:09Z
  target_type : armor_red_3
  model_name : armor_red_3
  pose : 
       - position : [0.0127554 , 2.85042 , 1.00721]
       - orientation : [0.607861 , 0.779754 , -0.122457 , 0.0865553]
  RingCirclePositionError : 0
  position_error : 0.213438
  orientation_error : 1.83486
  found_in_gazebo : 1

 ErrorResults 
  stamp : 2025-11-28T22:03:09Z
  target_type : armor_red_3
  model_name : armor_red_3
  pose : 
       - position : [0.0127554 , 2.85042 , 1.00721]
       - orientation : [0.607861 , 0.779754 , -0.122457 , 0.0865553]
  RingCirclePositionError : 0
  position_error : 0.213438
  orientation_error : 1.83486
  found_in_gazebo : 1

 ErrorResults 
  stamp : 2025-11-28T22:03:09Z
  target_type : armor_red_3
  model_name : armor_red_3
  pose : 
       - position : [0.0127554 , 2.85042 , 1.00721]
       - orientation : [0.607861 , 0.779754 , -0.122457 , 0.0865553]
  RingCirclePositionError : 0
  position_error : 0.213438
  orientation_error : 1.83486
  found_in_gazebo : 1

 ErrorResults 
  stamp : 2025-11-28T22:03:09Z
  target_type : armor_red_3
  model_name : armor_red_3
  pose : 
       - position : [0.0127554 , 2.85042 , 1.00721]
       - orientation : [0.607861 , 0.779754 , -0.122457 , 0.0865553]
  RingCirclePositionError : 0
  position_error : 0.213438
  orientation_error : 1.83486
  found_in_gazebo : 1

 ErrorResults 
  stamp : 2025-11-28T22:03:09Z
  target_type : armor_red_3
  model_name : armor_red_3
  pose : 
       - position : [0.0127554 , 2.85042 , 1.00721]
       - orientation : [0.607861 , 0.779754 , -0.122457 , 0.0865553]
  RingCirclePositionError : 0
  position_error : 0.213438
  orientation_error : 1.83486
  found_in_gazebo : 1

 ErrorResults 
  stamp : 2025-11-28T22:03:09Z
  target_type : armor_red_3
  model_name : armor_red_3
  pose : 
       - position : [0.0127554 , 2.85042 , 1.00721]
       - orientation : [0.607861 , 0.779754 , -0.122457 , 0.0865553]
  RingCirclePositionError : 0
  position_error : 0.213438
  orientation_error : 1.83486
  found_in_gazebo : 1

 ErrorResults 
  stamp : 2025-11-28T22:03:09Z
  target_type : armor_red_3
  model_name : armor_red_3
  pose : 
       - position : [0.0127554 , 2.85042 , 1.00721]
       - orientation : [0.607861 , 0.779754 , -0.122457 , 0.0865553]
  RingCirclePositionError : 0
  position_error : 0.213438
  orientation_error : 1.83486
  found_in_gazebo : 1

 ErrorResults 
  stamp : 2025-11-28T22:03:09Z
  target_type : armor_red_3
  model_name : armor_red_3
  pose : 
       - position : [0.0127554 , 2.85042 , 1.00721]
       - orientation : [0.607861 , 0.779754 , -0.122457 , 0.0865553]
  RingCirclePositionError : 0
  position_error : 0.213438
  orientation_error : 1.83486
  found_in_gazebo : 1

 ErrorResults 
  stamp : 2025-11-28T22:03:09Z
  target_type : armor_red_3
  model_name : armor_red_3
  pose : 
       - position : [0.0127554 , 2.85042 , 1.00721]
       - orientation : [0.607861 , 0.779754 , -0.122457 , 0.0865553]
  RingCirclePositionError : 0
  position_error : 0.213438
  orientation_error : 1.83486
  found_in_gazebo : 1

 ErrorResults 
  stamp : 2025-11-28T22:03:09Z
  target_type : armor_red_3
  model_name : armor_red_3
  pose : 
       - position : [0.0127554 , 2.85042 , 1.00721]
       - orientation : [0.607861 , 0.779754 , -0.122457 , 0.0865553]
  RingCirclePositionError : 0
  position_error : 0.213438
  orientation_error : 1.83486
  found_in_gazebo : 1

 ErrorResults 
  stamp : 2025-11-28T22:03:09Z
  target_type : armor_red_3
  model_name : armor_red_3
  pose : 
       - position : [0.0127554 , 2.85042 , 1.00721]
       - orientation : [0.607861 , 0.779754 , -0.122457 , 0.0865553]
  RingCirclePositionError : 0
  position_error : 0.213438
  orientation_error : 1.83486
  found_in_gazebo : 1

 ErrorResults 
  stamp : 2025-11-28T22:03:09Z
  target_type : armor_red_3
  model_name : armor_red_3
  pose : 
       - position : [0.0127554 , 2.85042 , 1.00721]
       - orientation : [0.607861 , 0.779754 , -0.122457 , 0.0865553]
  RingCirclePositionError : 0
  position_error : 0.213438
  orientation_error : 1.83486
  found_in_gazebo : 1

 ErrorResults 
  stamp : 2025-11-28T22:03:09Z
  target_type : armor_red_3
  model_name : armor_red_3
  pose : 
       - position : [0.0127554 , 2.85042 , 1.00721]
       - orientation : [0.607861 , 0.779754 , -0.122457 , 0.0865553]
  RingCirclePositionError : 0
  position_error : 0.213438
  orientation_error : 1.83486
  found_in_gazebo : 1

 ErrorResults 
  stamp : 2025-11-28T22:03:09Z
  target_type : armor_red_3
  model_name : armor_red_3
  pose : 
       - position : [0.0127552 , 2.8501 , 1.0071]
       - orientation : [0.608104 , 0.779538 , -0.122605 , 0.0865848]
  RingCirclePositionError : 0
  position_error : 0.213408
  orientation_error : 1.83425
  found_in_gazebo : 1

 ErrorResults 
  stamp : 2025-11-28T22:03:09Z
  target_type : armor_red_3
  model_name : armor_red_3
  pose : 
       - position : [0.0127552 , 2.8501 , 1.0071]
       - orientation : [0.608104 , 0.779538 , -0.122605 , 0.0865848]
  RingCirclePositionError : 0
  position_error : 0.213408
  orientation_error : 1.83425
  found_in_gazebo : 1

 ErrorResults 
  stamp : 2025-11-28T22:03:09Z
  target_type : armor_red_3
  model_name : armor_red_3
  pose : 
       - position : [0.0127552 , 2.8501 , 1.0071]
       - orientation : [0.608104 , 0.779538 , -0.122605 , 0.0865848]
  RingCirclePositionError : 0
  position_error : 0.213408
  orientation_error : 1.83425
  found_in_gazebo : 1

 ErrorResults 
  stamp : 2025-11-28T22:03:09Z
  target_type : armor_red_3
  model_name : armor_red_3
  pose : 
       - position : [0.0127552 , 2.8501 , 1.0071]
       - orientation : [0.608104 , 0.779538 , -0.122605 , 0.0865848]
  RingCirclePositionError : 0
  position_error : 0.213408
  orientation_error : 1.83425
  found_in_gazebo : 1

 ErrorResults 
  stamp : 2025-11-28T22:03:09Z
  target_type : armor_red_3
  model_name : armor_red_3
  pose : 
       - position : [0.0127096 , 2.85007 , 1.00709]
       - orientation : [0.608143 , 0.779537 , -0.122485 , 0.0865008]
  RingCirclePositionError : 0
  position_error : 0.213402
  orientation_error : 1.83415
  found_in_gazebo : 1

 ErrorResults 
  stamp : 2025-11-28T22:03:09Z
  target_type : armor_red_3
  model_name : armor_red_3
  pose : 
       - position : [0.0127096 , 2.85007 , 1.00709]
       - orientation : [0.608143 , 0.779537 , -0.122485 , 0.0865008]
  RingCirclePositionError : 0
  position_error : 0.213402
  orientation_error : 1.83415
  found_in_gazebo : 1

 ErrorResults 
  stamp : 2025-11-28T22:03:09Z
  target_type : armor_red_3
  model_name : armor_red_3
  pose : 
       - position : [0.0127096 , 2.85007 , 1.00709]
       - orientation : [0.608143 , 0.779537 , -0.122485 , 0.0865008]
  RingCirclePositionError : 0
  position_error : 0.213402
  orientation_error : 1.83415
  found_in_gazebo : 1

 ErrorResults 
  stamp : 2025-11-28T22:03:09Z
  target_type : armor_red_3
  model_name : armor_red_3
  pose : 
       - position : [0.0127096 , 2.85007 , 1.00709]
       - orientation : [0.608143 , 0.779537 , -0.122485 , 0.0865008]
  RingCirclePositionError : 0
  position_error : 0.213402
  orientation_error : 1.83415
  found_in_gazebo : 1

 ErrorResults 
  stamp : 2025-11-28T22:03:09Z
  target_type : armor_red_3
  model_name : armor_red_3
  pose : 
       - position : [0.0127096 , 2.85007 , 1.00709]
       - orientation : [0.608143 , 0.779537 , -0.122485 , 0.0865008]
  RingCirclePositionError : 0
  position_error : 0.213402
  orientation_error : 1.83415
  found_in_gazebo : 1

 ErrorResults 
  stamp : 2025-11-28T22:03:09Z
  target_type : armor_red_3
  model_name : armor_red_3
  pose : 
       - position : [0.0127096 , 2.85007 , 1.00709]
       - orientation : [0.608143 , 0.779537 , -0.122485 , 0.0865008]
  RingCirclePositionError : 0
  position_error : 0.213402
  orientation_error : 1.83415
  found_in_gazebo : 1

 ErrorResults 
  stamp : 2025-11-28T22:03:09Z
  target_type : armor_red_3
  model_name : armor_red_3
  pose : 
       - position : [0.0127096 , 2.85007 , 1.00709]
       - orientation : [0.608143 , 0.779537 , -0.122485 , 0.0865008]
  RingCirclePositionError : 0
  position_error : 0.213402
  orientation_error : 1.83415
  found_in_gazebo : 1

 ErrorResults 
  stamp : 2025-11-28T22:03:09Z
  target_type : armor_red_3
  model_name : armor_red_3
  pose : 
       - position : [0.0127096 , 2.85007 , 1.00709]
       - orientation : [0.608143 , 0.779537 , -0.122485 , 0.0865008]
  RingCirclePositionError : 0
  position_error : 0.213402
  orientation_error : 1.83415
  found_in_gazebo : 1

 ErrorResults 
  stamp : 2025-11-28T22:03:09Z
  target_type : armor_red_3
  model_name : armor_red_3
  pose : 
       - position : [0.0127096 , 2.85007 , 1.00709]
       - orientation : [0.608143 , 0.779537 , -0.122485 , 0.0865008]
  RingCirclePositionError : 0
  position_error : 0.213402
  orientation_error : 1.83415
  found_in_gazebo : 1

 ErrorResults 
  stamp : 2025-11-28T22:03:09Z
  target_type : armor_red_3
  model_name : armor_red_3
  pose : 
       - position : [0.0127096 , 2.85007 , 1.00709]
       - orientation : [0.608143 , 0.779537 , -0.122485 , 0.0865008]
  RingCirclePositionError : 0
  position_error : 0.213402
  orientation_error : 1.83415
  found_in_gazebo : 1

 ErrorResults 
  stamp : 2025-11-28T22:03:09Z
  target_type : armor_red_3
  model_name : armor_red_3
  pose : 
       - position : [0.0127096 , 2.85007 , 1.00709]
       - orientation : [0.608143 , 0.779537 , -0.122485 , 0.0865008]
  RingCirclePositionError : 0
  position_error : 0.213402
  orientation_error : 1.83415
  found_in_gazebo : 1

 ErrorResults 
  stamp : 2025-11-28T22:03:10Z
  target_type : armor_red_3
  model_name : armor_red_3
  pose : 
       - position : [0.0127096 , 2.85007 , 1.00709]
       - orientation : [0.608143 , 0.779537 , -0.122485 , 0.0865008]
  RingCirclePositionError : 0
  position_error : 0.213402
  orientation_error : 1.83415
  found_in_gazebo : 1

 ErrorResults 
  stamp : 2025-11-28T22:03:10Z
  target_type : armor_red_3
  model_name : armor_red_3
  pose : 
       - position : [0.0127096 , 2.85007 , 1.00709]
       - orientation : [0.608143 , 0.779537 , -0.122485 , 0.0865008]
  RingCirclePositionError : 0
  position_error : 0.213402
  orientation_error : 1.83415
  found_in_gazebo : 1

 ErrorResults 
  stamp : 2025-11-28T22:03:10Z
  target_type : armor_red_3
  model_name : armor_red_3
  pose : 
       - position : [0.0127096 , 2.85007 , 1.00709]
       - orientation : [0.608143 , 0.779537 , -0.122485 , 0.0865008]
  RingCirclePositionError : 0
  position_error : 0.213402
  orientation_error : 1.83415
  found_in_gazebo : 1

 ErrorResults 
  stamp : 2025-11-28T22:03:10Z
  target_type : armor_red_3
  model_name : armor_red_3
  pose : 
       - position : [0.0127096 , 2.85007 , 1.00709]
       - orientation : [0.608143 , 0.779537 , -0.122485 , 0.0865008]
  RingCirclePositionError : 0
  position_error : 0.213402
  orientation_error : 1.83415
  found_in_gazebo : 1

 ErrorResults 
  stamp : 2025-11-28T22:03:10Z
  target_type : armor_red_3
  model_name : armor_red_3
  pose : 
       - position : [0.0127096 , 2.85007 , 1.00709]
       - orientation : [0.608143 , 0.779537 , -0.122485 , 0.0865008]
  RingCirclePositionError : 0
  position_error : 0.213402
  orientation_error : 1.83415
  found_in_gazebo : 1

 ErrorResults 
  stamp : 2025-11-28T22:03:10Z
  target_type : armor_red_3
  model_name : armor_red_3
  pose : 
       - position : [0.0127096 , 2.85007 , 1.00709]
       - orientation : [0.608143 , 0.779537 , -0.122485 , 0.0865008]
  RingCirclePositionError : 0
  position_error : 0.213402
  orientation_error : 1.83415
  found_in_gazebo : 1

 ErrorResults 
  stamp : 2025-11-28T22:03:10Z
  target_type : armor_red_3
  model_name : armor_red_3
  pose : 
       - position : [0.0127096 , 2.85007 , 1.00709]
       - orientation : [0.608143 , 0.779537 , -0.122485 , 0.0865008]
  RingCirclePositionError : 0
  position_error : 0.213402
  orientation_error : 1.83415
  found_in_gazebo : 1

 ErrorResults 
  stamp : 2025-11-28T22:03:10Z
  target_type : armor_red_3
  model_name : armor_red_3
  pose : 
       - position : [0.0127096 , 2.85007 , 1.00709]
       - orientation : [0.608143 , 0.779537 , -0.122485 , 0.0865008]
  RingCirclePositionError : 0
  position_error : 0.213402
  orientation_error : 1.83415
  found_in_gazebo : 1

 ErrorResults 
  stamp : 2025-11-28T22:03:10Z
  target_type : armor_red_3
  model_name : armor_red_3
  pose : 
       - position : [0.0127096 , 2.85007 , 1.00709]
       - orientation : [0.608143 , 0.779537 , -0.122485 , 0.0865008]
  RingCirclePositionError : 0
  position_error : 0.213402
  orientation_error : 1.83415
  found_in_gazebo : 1

 ErrorResults 
  stamp : 2025-11-28T22:03:10Z
  target_type : armor_red_3
  model_name : armor_red_3
  pose : 
       - position : [0.0127096 , 2.85007 , 1.00709]
       - orientation : [0.608143 , 0.779537 , -0.122485 , 0.0865008]
  RingCirclePositionError : 0
  position_error : 0.213402
  orientation_error : 1.83415
  found_in_gazebo : 1

 ErrorResults 
  stamp : 2025-11-28T22:03:10Z
  target_type : armor_red_3
  model_name : armor_red_3
  pose : 
       - position : [0.0127096 , 2.85007 , 1.00709]
       - orientation : [0.608143 , 0.779537 , -0.122485 , 0.0865008]
  RingCirclePositionError : 0
  position_error : 0.213402
  orientation_error : 1.83415
  found_in_gazebo : 1

 ErrorResults 
  stamp : 2025-11-28T22:03:10Z
  target_type : armor_red_3
  model_name : armor_red_3
  pose : 
       - position : [0.0127096 , 2.85007 , 1.00709]
       - orientation : [0.608143 , 0.779537 , -0.122485 , 0.0865008]
  RingCirclePositionError : 0
  position_error : 0.213402
  orientation_error : 1.83415
  found_in_gazebo : 1

 ErrorResults 
  stamp : 2025-11-28T22:03:10Z
  target_type : armor_red_3
  model_name : armor_red_3
  pose : 
       - position : [0.0127079 , 2.84972 , 1.00697]
       - orientation : [0.608401 , 0.779308 , -0.122638 , 0.0865295]
  RingCirclePositionError : 0
  position_error : 0.213371
  orientation_error : 1.8335
  found_in_gazebo : 1

 ErrorResults 
  stamp : 2025-11-28T22:03:10Z
  target_type : armor_red_3
  model_name : armor_red_3
  pose : 
       - position : [0.0127079 , 2.84972 , 1.00697]
       - orientation : [0.608401 , 0.779308 , -0.122638 , 0.0865295]
  RingCirclePositionError : 0
  position_error : 0.213371
  orientation_error : 1.8335
  found_in_gazebo : 1

 ErrorResults 
  stamp : 2025-11-28T22:03:10Z
  target_type : armor_red_3
  model_name : armor_red_3
  pose : 
       - position : [0.0127079 , 2.84972 , 1.00697]
       - orientation : [0.608401 , 0.779308 , -0.122638 , 0.0865295]
  RingCirclePositionError : 0
  position_error : 0.213371
  orientation_error : 1.8335
  found_in_gazebo : 1

 ErrorResults 
  stamp : 2025-11-28T22:03:10Z
  target_type : armor_red_3
  model_name : armor_red_3
  pose : 
       - position : [0.012661 , 2.84969 , 1.00696]
       - orientation : [0.60844 , 0.779306 , -0.122516 , 0.0864439]
  RingCirclePositionError : 0
  position_error : 0.213364
  orientation_error : 1.83341
  found_in_gazebo : 1

 ErrorResults 
  stamp : 2025-11-28T22:03:10Z
  target_type : armor_red_3
  model_name : armor_red_3
  pose : 
       - position : [0.012661 , 2.84969 , 1.00696]
       - orientation : [0.60844 , 0.779306 , -0.122516 , 0.0864439]
  RingCirclePositionError : 0
  position_error : 0.213364
  orientation_error : 1.83341
  found_in_gazebo : 1

 ErrorResults 
  stamp : 2025-11-28T22:03:10Z
  target_type : armor_red_3
  model_name : armor_red_3
  pose : 
       - position : [0.012661 , 2.84969 , 1.00696]
       - orientation : [0.60844 , 0.779306 , -0.122516 , 0.0864439]
  RingCirclePositionError : 0
  position_error : 0.213364
  orientation_error : 1.83341
  found_in_gazebo : 1

 ErrorResults 
  stamp : 2025-11-28T22:03:10Z
  target_type : armor_red_3
  model_name : armor_red_3
  pose : 
       - position : [0.012661 , 2.84969 , 1.00696]
       - orientation : [0.60844 , 0.779306 , -0.122516 , 0.0864439]
  RingCirclePositionError : 0
  position_error : 0.213364
  orientation_error : 1.83341
  found_in_gazebo : 1

 ErrorResults 
  stamp : 2025-11-28T22:03:10Z
  target_type : armor_red_3
  model_name : armor_red_3
  pose : 
       - position : [0.012661 , 2.84969 , 1.00696]
       - orientation : [0.60844 , 0.779306 , -0.122516 , 0.0864439]
  RingCirclePositionError : 0
  position_error : 0.213364
  orientation_error : 1.83341
  found_in_gazebo : 1

 ErrorResults 
  stamp : 2025-11-28T22:03:10Z
  target_type : armor_red_3
  model_name : armor_red_3
  pose : 
       - position : [0.012661 , 2.84969 , 1.00696]
       - orientation : [0.60844 , 0.779306 , -0.122516 , 0.0864439]
  RingCirclePositionError : 0
  position_error : 0.213364
  orientation_error : 1.83341
  found_in_gazebo : 1

 ErrorResults 
  stamp : 2025-11-28T22:03:10Z
  target_type : armor_red_3
  model_name : armor_red_3
  pose : 
       - position : [0.012661 , 2.84969 , 1.00696]
       - orientation : [0.60844 , 0.779306 , -0.122516 , 0.0864439]
  RingCirclePositionError : 0
  position_error : 0.213364
  orientation_error : 1.83341
  found_in_gazebo : 1

 ErrorResults 
  stamp : 2025-11-28T22:03:10Z
  target_type : armor_red_3
  model_name : armor_red_3
  pose : 
       - position : [0.012661 , 2.84969 , 1.00696]
       - orientation : [0.60844 , 0.779306 , -0.122516 , 0.0864439]
  RingCirclePositionError : 0
  position_error : 0.213364
  orientation_error : 1.83341
  found_in_gazebo : 1

 ErrorResults 
  stamp : 2025-11-28T22:03:10Z
  target_type : armor_red_3
  model_name : armor_red_3
  pose : 
       - position : [0.012661 , 2.84969 , 1.00696]
       - orientation : [0.60844 , 0.779306 , -0.122516 , 0.0864439]
  RingCirclePositionError : 0
  position_error : 0.213364
  orientation_error : 1.83341
  found_in_gazebo : 1

 ErrorResults 
  stamp : 2025-11-28T22:03:10Z
  target_type : armor_red_3
  model_name : armor_red_3
  pose : 
       - position : [0.012661 , 2.84969 , 1.00696]
       - orientation : [0.60844 , 0.779306 , -0.122516 , 0.0864439]
  RingCirclePositionError : 0
  position_error : 0.213364
  orientation_error : 1.83341
  found_in_gazebo : 1

 ErrorResults 
  stamp : 2025-11-28T22:03:10Z
  target_type : armor_red_3
  model_name : armor_red_3
  pose : 
       - position : [0.012661 , 2.84969 , 1.00696]
       - orientation : [0.60844 , 0.779306 , -0.122516 , 0.0864439]
  RingCirclePositionError : 0
  position_error : 0.213364
  orientation_error : 1.83341
  found_in_gazebo : 1

 ErrorResults 
  stamp : 2025-11-28T22:03:10Z
  target_type : armor_red_3
  model_name : armor_red_3
  pose : 
       - position : [0.012661 , 2.84969 , 1.00696]
       - orientation : [0.60844 , 0.779306 , -0.122516 , 0.0864439]
  RingCirclePositionError : 0
  position_error : 0.213364
  orientation_error : 1.83341
  found_in_gazebo : 1

 ErrorResults 
  stamp : 2025-11-28T22:03:10Z
  target_type : armor_red_3
  model_name : armor_red_3
  pose : 
       - position : [0.012661 , 2.84969 , 1.00696]
       - orientation : [0.60844 , 0.779306 , -0.122516 , 0.0864439]
  RingCirclePositionError : 0
  position_error : 0.213364
  orientation_error : 1.83341
  found_in_gazebo : 1

 ErrorResults 
  stamp : 2025-11-28T22:03:10Z
  target_type : armor_red_3
  model_name : armor_red_3
  pose : 
       - position : [0.012661 , 2.84969 , 1.00696]
       - orientation : [0.60844 , 0.779306 , -0.122516 , 0.0864439]
  RingCirclePositionError : 0
  position_error : 0.213364
  orientation_error : 1.83341
  found_in_gazebo : 1

 ErrorResults 
  stamp : 2025-11-28T22:03:10Z
  target_type : armor_red_3
  model_name : armor_red_3
  pose : 
       - position : [0.012661 , 2.84969 , 1.00696]
       - orientation : [0.60844 , 0.779306 , -0.122516 , 0.0864439]
  RingCirclePositionError : 0
  position_error : 0.213364
  orientation_error : 1.83341
  found_in_gazebo : 1

 ErrorResults 
  stamp : 2025-11-28T22:03:10Z
  target_type : armor_red_3
  model_name : armor_red_3
  pose : 
       - position : [0.012661 , 2.84969 , 1.00696]
       - orientation : [0.60844 , 0.779306 , -0.122516 , 0.0864439]
  RingCirclePositionError : 0
  position_error : 0.213364
  orientation_error : 1.83341
  found_in_gazebo : 1

 ErrorResults 
  stamp : 2025-11-28T22:03:10Z
  target_type : armor_red_3
  model_name : armor_red_3
  pose : 
       - position : [0.012661 , 2.84969 , 1.00696]
       - orientation : [0.60844 , 0.779306 , -0.122516 , 0.0864439]
  RingCirclePositionError : 0
  position_error : 0.213364
  orientation_error : 1.83341
  found_in_gazebo : 1

 ErrorResults 
  stamp : 2025-11-28T22:03:10Z
  target_type : armor_red_3
  model_name : armor_red_3
  pose : 
       - position : [0.012661 , 2.84969 , 1.00696]
       - orientation : [0.60844 , 0.779306 , -0.122516 , 0.0864439]
  RingCirclePositionError : 0
  position_error : 0.213364
  orientation_error : 1.83341
  found_in_gazebo : 1

 ErrorResults 
  stamp : 2025-11-28T22:03:10Z
  target_type : armor_red_3
  model_name : armor_red_3
  pose : 
       - position : [0.012661 , 2.84969 , 1.00696]
       - orientation : [0.60844 , 0.779306 , -0.122516 , 0.0864439]
  RingCirclePositionError : 0
  position_error : 0.213364
  orientation_error : 1.83341
  found_in_gazebo : 1

 ErrorResults 
  stamp : 2025-11-28T22:03:10Z
  target_type : armor_red_3
  model_name : armor_red_3
  pose : 
       - position : [0.012661 , 2.84969 , 1.00696]
       - orientation : [0.60844 , 0.779306 , -0.122516 , 0.0864439]
  RingCirclePositionError : 0
  position_error : 0.213364
  orientation_error : 1.83341
  found_in_gazebo : 1

 ErrorResults 
  stamp : 2025-11-28T22:03:10Z
  target_type : armor_red_3
  model_name : armor_red_3
  pose : 
       - position : [0.012661 , 2.84969 , 1.00696]
       - orientation : [0.60844 , 0.779306 , -0.122516 , 0.0864439]
  RingCirclePositionError : 0
  position_error : 0.213364
  orientation_error : 1.83341
  found_in_gazebo : 1

 ErrorResults 
  stamp : 2025-11-28T22:03:10Z
  target_type : armor_red_3
  model_name : armor_red_3
  pose : 
       - position : [0.012661 , 2.84969 , 1.00696]
       - orientation : [0.60844 , 0.779306 , -0.122516 , 0.0864439]
  RingCirclePositionError : 0
  position_error : 0.213364
  orientation_error : 1.83341
  found_in_gazebo : 1

 ErrorResults 
  stamp : 2025-11-28T22:03:10Z
  target_type : armor_red_3
  model_name : armor_red_3
  pose : 
       - position : [0.012661 , 2.84969 , 1.00696]
       - orientation : [0.60844 , 0.779306 , -0.122516 , 0.0864439]
  RingCirclePositionError : 0
  position_error : 0.213364
  orientation_error : 1.83341
  found_in_gazebo : 1

 ErrorResults 
  stamp : 2025-11-28T22:03:10Z
  target_type : armor_red_3
  model_name : armor_red_3
  pose : 
       - position : [0.012661 , 2.84969 , 1.00696]
       - orientation : [0.60844 , 0.779306 , -0.122516 , 0.0864439]
  RingCirclePositionError : 0
  position_error : 0.213364
  orientation_error : 1.83341
  found_in_gazebo : 1

 ErrorResults 
  stamp : 2025-11-28T22:03:10Z
  target_type : armor_red_3
  model_name : armor_red_3
  pose : 
       - position : [0.012661 , 2.84969 , 1.00696]
       - orientation : [0.60844 , 0.779306 , -0.122516 , 0.0864439]
  RingCirclePositionError : 0
  position_error : 0.213364
  orientation_error : 1.83341
  found_in_gazebo : 1

 ErrorResults 
  stamp : 2025-11-28T22:03:10Z
  target_type : armor_red_3
  model_name : armor_red_3
  pose : 
       - position : [0.0126581 , 2.84932 , 1.00684]
       - orientation : [0.608715 , 0.779063 , -0.122675 , 0.0864721]
  RingCirclePositionError : 0
  position_error : 0.213332
  orientation_error : 1.83271
  found_in_gazebo : 1

 ErrorResults 
  stamp : 2025-11-28T22:03:10Z
  target_type : armor_red_3
  model_name : armor_red_3
  pose : 
       - position : [0.0126581 , 2.84932 , 1.00684]
       - orientation : [0.608715 , 0.779063 , -0.122675 , 0.0864721]
  RingCirclePositionError : 0
  position_error : 0.213332
  orientation_error : 1.83271
  found_in_gazebo : 1

 ErrorResults 
  stamp : 2025-11-28T22:03:10Z
  target_type : armor_red_3
  model_name : armor_red_3
  pose : 
       - position : [0.0126098 , 2.84929 , 1.00683]
       - orientation : [0.608755 , 0.779061 , -0.122549 , 0.086384]
  RingCirclePositionError : 0
  position_error : 0.213325
  orientation_error : 1.83261
  found_in_gazebo : 1

 ErrorResults 
  stamp : 2025-11-28T22:03:10Z
  target_type : armor_red_3
  model_name : armor_red_3
  pose : 
       - position : [0.0126098 , 2.84929 , 1.00683]
       - orientation : [0.608755 , 0.779061 , -0.122549 , 0.086384]
  RingCirclePositionError : 0
  position_error : 0.213325
  orientation_error : 1.83261
  found_in_gazebo : 1

 ErrorResults 
  stamp : 2025-11-28T22:03:10Z
  target_type : armor_red_3
  model_name : armor_red_3
  pose : 
       - position : [0.0126098 , 2.84929 , 1.00683]
       - orientation : [0.608755 , 0.779061 , -0.122549 , 0.086384]
  RingCirclePositionError : 0
  position_error : 0.213325
  orientation_error : 1.83261
  found_in_gazebo : 1

 ErrorResults 
  stamp : 2025-11-28T22:03:11Z
  target_type : armor_red_3
  model_name : armor_red_3
  pose : 
       - position : [0.0126098 , 2.84929 , 1.00683]
       - orientation : [0.608755 , 0.779061 , -0.122549 , 0.086384]
  RingCirclePositionError : 0
  position_error : 0.213325
  orientation_error : 1.83261
  found_in_gazebo : 1

 ErrorResults 
  stamp : 2025-11-28T22:03:11Z
  target_type : armor_red_3
  model_name : armor_red_3
  pose : 
       - position : [0.0126098 , 2.84929 , 1.00683]
       - orientation : [0.608755 , 0.779061 , -0.122549 , 0.086384]
  RingCirclePositionError : 0
  position_error : 0.213325
  orientation_error : 1.83261
  found_in_gazebo : 1

 ErrorResults 
  stamp : 2025-11-28T22:03:11Z
  target_type : armor_red_3
  model_name : armor_red_3
  pose : 
       - position : [0.0126098 , 2.84929 , 1.00683]
       - orientation : [0.608755 , 0.779061 , -0.122549 , 0.086384]
  RingCirclePositionError : 0
  position_error : 0.213325
  orientation_error : 1.83261
  found_in_gazebo : 1

 ErrorResults 
  stamp : 2025-11-28T22:03:11Z
  target_type : armor_red_3
  model_name : armor_red_3
  pose : 
       - position : [0.0126098 , 2.84929 , 1.00683]
       - orientation : [0.608755 , 0.779061 , -0.122549 , 0.086384]
  RingCirclePositionError : 0
  position_error : 0.213325
  orientation_error : 1.83261
  found_in_gazebo : 1

 ErrorResults 
  stamp : 2025-11-28T22:03:11Z
  target_type : armor_red_3
  model_name : armor_red_3
  pose : 
       - position : [0.0126098 , 2.84929 , 1.00683]
       - orientation : [0.608755 , 0.779061 , -0.122549 , 0.086384]
  RingCirclePositionError : 0
  position_error : 0.213325
  orientation_error : 1.83261
  found_in_gazebo : 1

 ErrorResults 
  stamp : 2025-11-28T22:03:11Z
  target_type : armor_red_3
  model_name : armor_red_3
  pose : 
       - position : [0.0126098 , 2.84929 , 1.00683]
       - orientation : [0.608755 , 0.779061 , -0.122549 , 0.086384]
  RingCirclePositionError : 0
  position_error : 0.213325
  orientation_error : 1.83261
  found_in_gazebo : 1

 ErrorResults 
  stamp : 2025-11-28T22:03:11Z
  target_type : armor_red_3
  model_name : armor_red_3
  pose : 
       - position : [0.0126098 , 2.84929 , 1.00683]
       - orientation : [0.608755 , 0.779061 , -0.122549 , 0.086384]
  RingCirclePositionError : 0
  position_error : 0.213325
  orientation_error : 1.83261
  found_in_gazebo : 1

 ErrorResults 
  stamp : 2025-11-28T22:03:11Z
  target_type : armor_red_3
  model_name : armor_red_3
  pose : 
       - position : [0.0126098 , 2.84929 , 1.00683]
       - orientation : [0.608755 , 0.779061 , -0.122549 , 0.086384]
  RingCirclePositionError : 0
  position_error : 0.213325
  orientation_error : 1.83261
  found_in_gazebo : 1

 ErrorResults 
  stamp : 2025-11-28T22:03:11Z
  target_type : armor_red_3
  model_name : armor_red_3
  pose : 
       - position : [0.0126098 , 2.84929 , 1.00683]
       - orientation : [0.608755 , 0.779061 , -0.122549 , 0.086384]
  RingCirclePositionError : 0
  position_error : 0.213325
  orientation_error : 1.83261
  found_in_gazebo : 1

 ErrorResults 
  stamp : 2025-11-28T22:03:11Z
  target_type : armor_red_3
  model_name : armor_red_3
  pose : 
       - position : [0.0126098 , 2.84929 , 1.00683]
       - orientation : [0.608755 , 0.779061 , -0.122549 , 0.086384]
  RingCirclePositionError : 0
  position_error : 0.213325
  orientation_error : 1.83261
  found_in_gazebo : 1

 ErrorResults 
  stamp : 2025-11-28T22:03:11Z
  target_type : armor_red_3
  model_name : armor_red_3
  pose : 
       - position : [0.0126098 , 2.84929 , 1.00683]
       - orientation : [0.608755 , 0.779061 , -0.122549 , 0.086384]
  RingCirclePositionError : 0
  position_error : 0.213325
  orientation_error : 1.83261
  found_in_gazebo : 1

 ErrorResults 
  stamp : 2025-11-28T22:03:11Z
  target_type : armor_red_3
  model_name : armor_red_3
  pose : 
       - position : [0.0126098 , 2.84929 , 1.00683]
       - orientation : [0.608755 , 0.779061 , -0.122549 , 0.086384]
  RingCirclePositionError : 0
  position_error : 0.213325
  orientation_error : 1.83261
  found_in_gazebo : 1

 ErrorResults 
  stamp : 2025-11-28T22:03:11Z
  target_type : armor_red_3
  model_name : armor_red_3
  pose : 
       - position : [0.0126098 , 2.84929 , 1.00683]
       - orientation : [0.608755 , 0.779061 , -0.122549 , 0.086384]
  RingCirclePositionError : 0
  position_error : 0.213325
  orientation_error : 1.83261
  found_in_gazebo : 1

 ErrorResults 
  stamp : 2025-11-28T22:03:11Z
  target_type : armor_red_3
  model_name : armor_red_3
  pose : 
       - position : [0.0126098 , 2.84929 , 1.00683]
       - orientation : [0.608755 , 0.779061 , -0.122549 , 0.086384]
  RingCirclePositionError : 0
  position_error : 0.213325
  orientation_error : 1.83261
  found_in_gazebo : 1

 ErrorResults 
  stamp : 2025-11-28T22:03:11Z
  target_type : armor_red_3
  model_name : armor_red_3
  pose : 
       - position : [0.0126098 , 2.84929 , 1.00683]
       - orientation : [0.608755 , 0.779061 , -0.122549 , 0.086384]
  RingCirclePositionError : 0
  position_error : 0.213325
  orientation_error : 1.83261
  found_in_gazebo : 1

 ErrorResults 
  stamp : 2025-11-28T22:03:11Z
  target_type : armor_red_3
  model_name : armor_red_3
  pose : 
       - position : [0.0126098 , 2.84929 , 1.00683]
       - orientation : [0.608755 , 0.779061 , -0.122549 , 0.086384]
  RingCirclePositionError : 0
  position_error : 0.213325
  orientation_error : 1.83261
  found_in_gazebo : 1

 ErrorResults 
  stamp : 2025-11-28T22:03:11Z
  target_type : armor_red_3
  model_name : armor_red_3
  pose : 
       - position : [0.0126098 , 2.84929 , 1.00683]
       - orientation : [0.608755 , 0.779061 , -0.122549 , 0.086384]
  RingCirclePositionError : 0
  position_error : 0.213325
  orientation_error : 1.83261
  found_in_gazebo : 1

 ErrorResults 
  stamp : 2025-11-28T22:03:11Z
  target_type : armor_red_3
  model_name : armor_red_3
  pose : 
       - position : [0.0126098 , 2.84929 , 1.00683]
       - orientation : [0.608755 , 0.779061 , -0.122549 , 0.086384]
  RingCirclePositionError : 0
  position_error : 0.213325
  orientation_error : 1.83261
  found_in_gazebo : 1

 ErrorResults 
  stamp : 2025-11-28T22:03:11Z
  target_type : armor_red_3
  model_name : armor_red_3
  pose : 
       - position : [0.0126098 , 2.84929 , 1.00683]
       - orientation : [0.608755 , 0.779061 , -0.122549 , 0.086384]
  RingCirclePositionError : 0
  position_error : 0.213325
  orientation_error : 1.83261
  found_in_gazebo : 1

 ErrorResults 
  stamp : 2025-11-28T22:03:11Z
  target_type : armor_red_3
  model_name : armor_red_3
  pose : 
       - position : [0.0126098 , 2.84929 , 1.00683]
       - orientation : [0.608755 , 0.779061 , -0.122549 , 0.086384]
  RingCirclePositionError : 0
  position_error : 0.213325
  orientation_error : 1.83261
  found_in_gazebo : 1

 ErrorResults 
  stamp : 2025-11-28T22:03:11Z
  target_type : armor_red_3
  model_name : armor_red_3
  pose : 
       - position : [0.0126098 , 2.84929 , 1.00683]
       - orientation : [0.608755 , 0.779061 , -0.122549 , 0.086384]
  RingCirclePositionError : 0
  position_error : 0.213325
  orientation_error : 1.83261
  found_in_gazebo : 1

 ErrorResults 
  stamp : 2025-11-28T22:03:11Z
  target_type : armor_red_3
  model_name : armor_red_3
  pose : 
       - position : [0.0126098 , 2.84929 , 1.00683]
       - orientation : [0.608755 , 0.779061 , -0.122549 , 0.086384]
  RingCirclePositionError : 0
  position_error : 0.213325
  orientation_error : 1.83261
  found_in_gazebo : 1

 ErrorResults 
  stamp : 2025-11-28T22:03:11Z
  target_type : armor_red_3
  model_name : armor_red_3
  pose : 
       - position : [0.0126053 , 2.8489 , 1.0067]
       - orientation : [0.609047 , 0.778804 , -0.122715 , 0.0864117]
  RingCirclePositionError : 0
  position_error : 0.213291
  orientation_error : 1.83187
  found_in_gazebo : 1

 ErrorResults 
  stamp : 2025-11-28T22:03:11Z
  target_type : armor_red_3
  model_name : armor_red_3
  pose : 
       - position : [0.0125556 , 2.84887 , 1.00668]
       - orientation : [0.609089 , 0.778802 , -0.122585 , 0.0863209]
  RingCirclePositionError : 0
  position_error : 0.213284
  orientation_error : 1.83177
  found_in_gazebo : 1

 ErrorResults 
  stamp : 2025-11-28T22:03:11Z
  target_type : armor_red_3
  model_name : armor_red_3
  pose : 
       - position : [0.0125556 , 2.84887 , 1.00668]
       - orientation : [0.609089 , 0.778802 , -0.122585 , 0.0863209]
  RingCirclePositionError : 0
  position_error : 0.213284
  orientation_error : 1.83177
  found_in_gazebo : 1

 ErrorResults 
  stamp : 2025-11-28T22:03:11Z
  target_type : armor_red_3
  model_name : armor_red_3
  pose : 
       - position : [0.0125556 , 2.84887 , 1.00668]
       - orientation : [0.609089 , 0.778802 , -0.122585 , 0.0863209]
  RingCirclePositionError : 0
  position_error : 0.213284
  orientation_error : 1.83177
  found_in_gazebo : 1

 ErrorResults 
  stamp : 2025-11-28T22:03:11Z
  target_type : armor_red_3
  model_name : armor_red_3
  pose : 
       - position : [0.0125556 , 2.84887 , 1.00668]
       - orientation : [0.609089 , 0.778802 , -0.122585 , 0.0863209]
  RingCirclePositionError : 0
  position_error : 0.213284
  orientation_error : 1.83177
  found_in_gazebo : 1

 ErrorResults 
  stamp : 2025-11-28T22:03:11Z
  target_type : armor_red_3
  model_name : armor_red_3
  pose : 
       - position : [0.0125556 , 2.84887 , 1.00668]
       - orientation : [0.609089 , 0.778802 , -0.122585 , 0.0863209]
  RingCirclePositionError : 0
  position_error : 0.213284
  orientation_error : 1.83177
  found_in_gazebo : 1

 ErrorResults 
  stamp : 2025-11-28T22:03:11Z
  target_type : armor_red_3
  model_name : armor_red_3
  pose : 
       - position : [0.0125556 , 2.84887 , 1.00668]
       - orientation : [0.609089 , 0.778802 , -0.122585 , 0.0863209]
  RingCirclePositionError : 0
  position_error : 0.213284
  orientation_error : 1.83177
  found_in_gazebo : 1

 ErrorResults 
  stamp : 2025-11-28T22:03:11Z
  target_type : armor_red_3
  model_name : armor_red_3
  pose : 
       - position : [0.0125556 , 2.84887 , 1.00668]
       - orientation : [0.609089 , 0.778802 , -0.122585 , 0.0863209]
  RingCirclePositionError : 0
  position_error : 0.213284
  orientation_error : 1.83177
  found_in_gazebo : 1

 ErrorResults 
  stamp : 2025-11-28T22:03:11Z
  target_type : armor_red_3
  model_name : armor_red_3
  pose : 
       - position : [0.0125556 , 2.84887 , 1.00668]
       - orientation : [0.609089 , 0.778802 , -0.122585 , 0.0863209]
  RingCirclePositionError : 0
  position_error : 0.213284
  orientation_error : 1.83177
  found_in_gazebo : 1

 ErrorResults 
  stamp : 2025-11-28T22:03:11Z
  target_type : armor_red_3
  model_name : armor_red_3
  pose : 
       - position : [0.0125556 , 2.84887 , 1.00668]
       - orientation : [0.609089 , 0.778802 , -0.122585 , 0.0863209]
  RingCirclePositionError : 0
  position_error : 0.213284
  orientation_error : 1.83177
  found_in_gazebo : 1

 ErrorResults 
  stamp : 2025-11-28T22:03:11Z
  target_type : armor_red_3
  model_name : armor_red_3
  pose : 
       - position : [0.0125556 , 2.84887 , 1.00668]
       - orientation : [0.609089 , 0.778802 , -0.122585 , 0.0863209]
  RingCirclePositionError : 0
  position_error : 0.213284
  orientation_error : 1.83177
  found_in_gazebo : 1

 ErrorResults 
  stamp : 2025-11-28T22:03:11Z
  target_type : armor_red_3
  model_name : armor_red_3
  pose : 
       - position : [0.0125556 , 2.84887 , 1.00668]
       - orientation : [0.609089 , 0.778802 , -0.122585 , 0.0863209]
  RingCirclePositionError : 0
  position_error : 0.213284
  orientation_error : 1.83177
  found_in_gazebo : 1

 ErrorResults 
  stamp : 2025-11-28T22:03:11Z
  target_type : armor_red_3
  model_name : armor_red_3
  pose : 
       - position : [0.0125556 , 2.84887 , 1.00668]
       - orientation : [0.609089 , 0.778802 , -0.122585 , 0.0863209]
  RingCirclePositionError : 0
  position_error : 0.213284
  orientation_error : 1.83177
  found_in_gazebo : 1

 ErrorResults 
  stamp : 2025-11-28T22:03:11Z
  target_type : armor_red_3
  model_name : armor_red_3
  pose : 
       - position : [0.0125556 , 2.84887 , 1.00668]
       - orientation : [0.609089 , 0.778802 , -0.122585 , 0.0863209]
  RingCirclePositionError : 0
  position_error : 0.213284
  orientation_error : 1.83177
  found_in_gazebo : 1

 ErrorResults 
  stamp : 2025-11-28T22:03:11Z
  target_type : armor_red_3
  model_name : armor_red_3
  pose : 
       - position : [0.0125556 , 2.84887 , 1.00668]
       - orientation : [0.609089 , 0.778802 , -0.122585 , 0.0863209]
  RingCirclePositionError : 0
  position_error : 0.213284
  orientation_error : 1.83177
  found_in_gazebo : 1

 ErrorResults 
  stamp : 2025-11-28T22:03:11Z
  target_type : armor_red_3
  model_name : armor_red_3
  pose : 
       - position : [0.0125556 , 2.84887 , 1.00668]
       - orientation : [0.609089 , 0.778802 , -0.122585 , 0.0863209]
  RingCirclePositionError : 0
  position_error : 0.213284
  orientation_error : 1.83177
  found_in_gazebo : 1

 ErrorResults 
  stamp : 2025-11-28T22:03:11Z
  target_type : armor_red_3
  model_name : armor_red_3
  pose : 
       - position : [0.0125556 , 2.84887 , 1.00668]
       - orientation : [0.609089 , 0.778802 , -0.122585 , 0.0863209]
  RingCirclePositionError : 0
  position_error : 0.213284
  orientation_error : 1.83177
  found_in_gazebo : 1

 ErrorResults 
  stamp : 2025-11-28T22:03:11Z
  target_type : armor_red_3
  model_name : armor_red_3
  pose : 
       - position : [0.0125556 , 2.84887 , 1.00668]
       - orientation : [0.609089 , 0.778802 , -0.122585 , 0.0863209]
  RingCirclePositionError : 0
  position_error : 0.213284
  orientation_error : 1.83177
  found_in_gazebo : 1

 ErrorResults 
  stamp : 2025-11-28T22:03:11Z
  target_type : armor_red_3
  model_name : armor_red_3
  pose : 
       - position : [0.0125556 , 2.84887 , 1.00668]
       - orientation : [0.609089 , 0.778802 , -0.122585 , 0.0863209]
  RingCirclePositionError : 0
  position_error : 0.213284
  orientation_error : 1.83177
  found_in_gazebo : 1

 ErrorResults 
  stamp : 2025-11-28T22:03:11Z
  target_type : armor_red_3
  model_name : armor_red_3
  pose : 
       - position : [0.0125556 , 2.84887 , 1.00668]
       - orientation : [0.609089 , 0.778802 , -0.122585 , 0.0863209]
  RingCirclePositionError : 0
  position_error : 0.213284
  orientation_error : 1.83177
  found_in_gazebo : 1

 ErrorResults 
  stamp : 2025-11-28T22:03:11Z
  target_type : armor_red_3
  model_name : armor_red_3
  pose : 
       - position : [0.0125556 , 2.84887 , 1.00668]
       - orientation : [0.609089 , 0.778802 , -0.122585 , 0.0863209]
  RingCirclePositionError : 0
  position_error : 0.213284
  orientation_error : 1.83177
  found_in_gazebo : 1

 ErrorResults 
  stamp : 2025-11-28T22:03:11Z
  target_type : armor_red_3
  model_name : armor_red_3
  pose : 
       - position : [0.0125556 , 2.84887 , 1.00668]
       - orientation : [0.609089 , 0.778802 , -0.122585 , 0.0863209]
  RingCirclePositionError : 0
  position_error : 0.213284
  orientation_error : 1.83177
  found_in_gazebo : 1

 ErrorResults 
  stamp : 2025-11-28T22:03:11Z
  target_type : armor_red_3
  model_name : armor_red_3
  pose : 
       - position : [0.0125556 , 2.84887 , 1.00668]
       - orientation : [0.609089 , 0.778802 , -0.122585 , 0.0863209]
  RingCirclePositionError : 0
  position_error : 0.213284
  orientation_error : 1.83177
  found_in_gazebo : 1

 ErrorResults 
  stamp : 2025-11-28T22:03:12Z
  target_type : armor_red_3
  model_name : armor_red_3
  pose : 
       - position : [0.0125556 , 2.84887 , 1.00668]
       - orientation : [0.609089 , 0.778802 , -0.122585 , 0.0863209]
  RingCirclePositionError : 0
  position_error : 0.213284
  orientation_error : 1.83177
  found_in_gazebo : 1

 ErrorResults 
  stamp : 2025-11-28T22:03:12Z
  target_type : armor_red_3
  model_name : armor_red_3
  pose : 
       - position : [0.0125556 , 2.84887 , 1.00668]
       - orientation : [0.609089 , 0.778802 , -0.122585 , 0.0863209]
  RingCirclePositionError : 0
  position_error : 0.213284
  orientation_error : 1.83177
  found_in_gazebo : 1

 ErrorResults 
  stamp : 2025-11-28T22:03:12Z
  target_type : armor_red_3
  model_name : armor_red_3
  pose : 
       - position : [0.0125556 , 2.84887 , 1.00668]
       - orientation : [0.609089 , 0.778802 , -0.122585 , 0.0863209]
  RingCirclePositionError : 0
  position_error : 0.213284
  orientation_error : 1.83177
  found_in_gazebo : 1

 ErrorResults 
  stamp : 2025-11-28T22:03:12Z
  target_type : armor_red_3
  model_name : armor_red_3
  pose : 
       - position : [0.0125556 , 2.84887 , 1.00668]
       - orientation : [0.609089 , 0.778802 , -0.122585 , 0.0863209]
  RingCirclePositionError : 0
  position_error : 0.213284
  orientation_error : 1.83177
  found_in_gazebo : 1

 ErrorResults 
  stamp : 2025-11-28T22:03:12Z
  target_type : armor_red_3
  model_name : armor_red_3
  pose : 
       - position : [0.0125556 , 2.84887 , 1.00668]
       - orientation : [0.609089 , 0.778802 , -0.122585 , 0.0863209]
  RingCirclePositionError : 0
  position_error : 0.213284
  orientation_error : 1.83177
  found_in_gazebo : 1

 ErrorResults 
  stamp : 2025-11-28T22:03:12Z
  target_type : armor_red_3
  model_name : armor_red_3
  pose : 
       - position : [0.0125556 , 2.84887 , 1.00668]
       - orientation : [0.609089 , 0.778802 , -0.122585 , 0.0863209]
  RingCirclePositionError : 0
  position_error : 0.213284
  orientation_error : 1.83177
  found_in_gazebo : 1

 ErrorResults 
  stamp : 2025-11-28T22:03:12Z
  target_type : armor_red_3
  model_name : armor_red_3
  pose : 
       - position : [0.0125556 , 2.84887 , 1.00668]
       - orientation : [0.609089 , 0.778802 , -0.122585 , 0.0863209]
  RingCirclePositionError : 0
  position_error : 0.213284
  orientation_error : 1.83177
  found_in_gazebo : 1

 ErrorResults 
  stamp : 2025-11-28T22:03:12Z
  target_type : armor_red_3
  model_name : armor_red_3
  pose : 
       - position : [0.012498 , 2.84841 , 1.00653]
       - orientation : [0.609443 , 0.778526 , -0.122625 , 0.0862541]
  RingCirclePositionError : 0
  position_error : 0.213241
  orientation_error : 1.83088
  found_in_gazebo : 1

 ErrorResults 
  stamp : 2025-11-28T22:03:12Z
  target_type : armor_red_3
  model_name : armor_red_3
  pose : 
       - position : [0.012498 , 2.84841 , 1.00653]
       - orientation : [0.609443 , 0.778526 , -0.122625 , 0.0862541]
  RingCirclePositionError : 0
  position_error : 0.213241
  orientation_error : 1.83088
  found_in_gazebo : 1

 ErrorResults 
  stamp : 2025-11-28T22:03:12Z
  target_type : armor_red_3
  model_name : armor_red_3
  pose : 
       - position : [0.012498 , 2.84841 , 1.00653]
       - orientation : [0.609443 , 0.778526 , -0.122625 , 0.0862541]
  RingCirclePositionError : 0
  position_error : 0.213241
  orientation_error : 1.83088
  found_in_gazebo : 1

 ErrorResults 
  stamp : 2025-11-28T22:03:12Z
  target_type : armor_red_3
  model_name : armor_red_3
  pose : 
       - position : [0.012498 , 2.84841 , 1.00653]
       - orientation : [0.609443 , 0.778526 , -0.122625 , 0.0862541]
  RingCirclePositionError : 0
  position_error : 0.213241
  orientation_error : 1.83088
  found_in_gazebo : 1

 ErrorResults 
  stamp : 2025-11-28T22:03:12Z
  target_type : armor_red_3
  model_name : armor_red_3
  pose : 
       - position : [0.012498 , 2.84841 , 1.00653]
       - orientation : [0.609443 , 0.778526 , -0.122625 , 0.0862541]
  RingCirclePositionError : 0
  position_error : 0.213241
  orientation_error : 1.83088
  found_in_gazebo : 1

 ErrorResults 
  stamp : 2025-11-28T22:03:12Z
  target_type : armor_red_3
  model_name : armor_red_3
  pose : 
       - position : [0.012498 , 2.84841 , 1.00653]
       - orientation : [0.609443 , 0.778526 , -0.122625 , 0.0862541]
  RingCirclePositionError : 0
  position_error : 0.213241
  orientation_error : 1.83088
  found_in_gazebo : 1

 ErrorResults 
  stamp : 2025-11-28T22:03:12Z
  target_type : armor_red_3
  model_name : armor_red_3
  pose : 
       - position : [0.012498 , 2.84841 , 1.00653]
       - orientation : [0.609443 , 0.778526 , -0.122625 , 0.0862541]
  RingCirclePositionError : 0
  position_error : 0.213241
  orientation_error : 1.83088
  found_in_gazebo : 1

 ErrorResults 
  stamp : 2025-11-28T22:03:12Z
  target_type : armor_red_3
  model_name : armor_red_3
  pose : 
       - position : [0.012498 , 2.84841 , 1.00653]
       - orientation : [0.609443 , 0.778526 , -0.122625 , 0.0862541]
  RingCirclePositionError : 0
  position_error : 0.213241
  orientation_error : 1.83088
  found_in_gazebo : 1

 ErrorResults 
  stamp : 2025-11-28T22:03:12Z
  target_type : armor_red_3
  model_name : armor_red_3
  pose : 
       - position : [0.012498 , 2.84841 , 1.00653]
       - orientation : [0.609443 , 0.778526 , -0.122625 , 0.0862541]
  RingCirclePositionError : 0
  position_error : 0.213241
  orientation_error : 1.83088
  found_in_gazebo : 1

 ErrorResults 
  stamp : 2025-11-28T22:03:12Z
  target_type : armor_red_3
  model_name : armor_red_3
  pose : 
       - position : [0.012498 , 2.84841 , 1.00653]
       - orientation : [0.609443 , 0.778526 , -0.122625 , 0.0862541]
  RingCirclePositionError : 0
  position_error : 0.213241
  orientation_error : 1.83088
  found_in_gazebo : 1

 ErrorResults 
  stamp : 2025-11-28T22:03:12Z
  target_type : armor_red_3
  model_name : armor_red_3
  pose : 
       - position : [0.012498 , 2.84841 , 1.00653]
       - orientation : [0.609443 , 0.778526 , -0.122625 , 0.0862541]
  RingCirclePositionError : 0
  position_error : 0.213241
  orientation_error : 1.83088
  found_in_gazebo : 1

 ErrorResults 
  stamp : 2025-11-28T22:03:12Z
  target_type : armor_red_3
  model_name : armor_red_3
  pose : 
       - position : [0.012498 , 2.84841 , 1.00653]
       - orientation : [0.609443 , 0.778526 , -0.122625 , 0.0862541]
  RingCirclePositionError : 0
  position_error : 0.213241
  orientation_error : 1.83088
  found_in_gazebo : 1

 ErrorResults 
  stamp : 2025-11-28T22:03:12Z
  target_type : armor_red_3
  model_name : armor_red_3
  pose : 
       - position : [0.012498 , 2.84841 , 1.00653]
       - orientation : [0.609443 , 0.778526 , -0.122625 , 0.0862541]
  RingCirclePositionError : 0
  position_error : 0.213241
  orientation_error : 1.83088
  found_in_gazebo : 1

 ErrorResults 
  stamp : 2025-11-28T22:03:12Z
  target_type : armor_red_3
  model_name : armor_red_3
  pose : 
       - position : [0.012498 , 2.84841 , 1.00653]
       - orientation : [0.609443 , 0.778526 , -0.122625 , 0.0862541]
  RingCirclePositionError : 0
  position_error : 0.213241
  orientation_error : 1.83088
  found_in_gazebo : 1

 ErrorResults 
  stamp : 2025-11-28T22:03:12Z
  target_type : armor_red_3
  model_name : armor_red_3
  pose : 
       - position : [0.012498 , 2.84841 , 1.00653]
       - orientation : [0.609443 , 0.778526 , -0.122625 , 0.0862541]
  RingCirclePositionError : 0
  position_error : 0.213241
  orientation_error : 1.83088
  found_in_gazebo : 1

 ErrorResults 
  stamp : 2025-11-28T22:03:12Z
  target_type : armor_red_3
  model_name : armor_red_3
  pose : 
       - position : [0.012498 , 2.84841 , 1.00653]
       - orientation : [0.609443 , 0.778526 , -0.122625 , 0.0862541]
  RingCirclePositionError : 0
  position_error : 0.213241
  orientation_error : 1.83088
  found_in_gazebo : 1

 ErrorResults 
  stamp : 2025-11-28T22:03:12Z
  target_type : armor_red_3
  model_name : armor_red_3
  pose : 
       - position : [0.012498 , 2.84841 , 1.00653]
       - orientation : [0.609443 , 0.778526 , -0.122625 , 0.0862541]
  RingCirclePositionError : 0
  position_error : 0.213241
  orientation_error : 1.83088
  found_in_gazebo : 1

 ErrorResults 
  stamp : 2025-11-28T22:03:12Z
  target_type : armor_red_3
  model_name : armor_red_3
  pose : 
       - position : [0.012498 , 2.84841 , 1.00653]
       - orientation : [0.609443 , 0.778526 , -0.122625 , 0.0862541]
  RingCirclePositionError : 0
  position_error : 0.213241
  orientation_error : 1.83088
  found_in_gazebo : 1

 ErrorResults 
  stamp : 2025-11-28T22:03:12Z
  target_type : armor_red_3
  model_name : armor_red_3
  pose : 
       - position : [0.012498 , 2.84841 , 1.00653]
       - orientation : [0.609443 , 0.778526 , -0.122625 , 0.0862541]
  RingCirclePositionError : 0
  position_error : 0.213241
  orientation_error : 1.83088
  found_in_gazebo : 1

 ErrorResults 
  stamp : 2025-11-28T22:03:12Z
  target_type : armor_red_3
  model_name : armor_red_3
  pose : 
       - position : [0.012498 , 2.84841 , 1.00653]
       - orientation : [0.609443 , 0.778526 , -0.122625 , 0.0862541]
  RingCirclePositionError : 0
  position_error : 0.213241
  orientation_error : 1.83088
  found_in_gazebo : 1

 ErrorResults 
  stamp : 2025-11-28T22:03:12Z
  target_type : armor_red_3
  model_name : armor_red_3
  pose : 
       - position : [0.012498 , 2.84841 , 1.00653]
       - orientation : [0.609443 , 0.778526 , -0.122625 , 0.0862541]
  RingCirclePositionError : 0
  position_error : 0.213241
  orientation_error : 1.83088
  found_in_gazebo : 1

 ErrorResults 
  stamp : 2025-11-28T22:03:12Z
  target_type : armor_red_3
  model_name : armor_red_3
  pose : 
       - position : [0.012498 , 2.84841 , 1.00653]
       - orientation : [0.609443 , 0.778526 , -0.122625 , 0.0862541]
  RingCirclePositionError : 0
  position_error : 0.213241
  orientation_error : 1.83088
  found_in_gazebo : 1

 ErrorResults 
  stamp : 2025-11-28T22:03:12Z
  target_type : armor_red_3
  model_name : armor_red_3
  pose : 
       - position : [0.012498 , 2.84841 , 1.00653]
       - orientation : [0.609443 , 0.778526 , -0.122625 , 0.0862541]
  RingCirclePositionError : 0
  position_error : 0.213241
  orientation_error : 1.83088
  found_in_gazebo : 1

 ErrorResults 
  stamp : 2025-11-28T22:03:12Z
  target_type : armor_red_3
  model_name : armor_red_3
  pose : 
       - position : [0.012498 , 2.84841 , 1.00653]
       - orientation : [0.609443 , 0.778526 , -0.122625 , 0.0862541]
  RingCirclePositionError : 0
  position_error : 0.213241
  orientation_error : 1.83088
  found_in_gazebo : 1

 ErrorResults 
  stamp : 2025-11-28T22:03:12Z
  target_type : armor_red_3
  model_name : armor_red_3
  pose : 
       - position : [0.012498 , 2.84841 , 1.00653]
       - orientation : [0.609443 , 0.778526 , -0.122625 , 0.0862541]
  RingCirclePositionError : 0
  position_error : 0.213241
  orientation_error : 1.83088
  found_in_gazebo : 1

 ErrorResults 
  stamp : 2025-11-28T22:03:12Z
  target_type : armor_red_3
  model_name : armor_red_3
  pose : 
       - position : [0.012498 , 2.84841 , 1.00653]
       - orientation : [0.609443 , 0.778526 , -0.122625 , 0.0862541]
  RingCirclePositionError : 0
  position_error : 0.213241
  orientation_error : 1.83088
  found_in_gazebo : 1

 ErrorResults 
  stamp : 2025-11-28T22:03:12Z
  target_type : armor_red_3
  model_name : armor_red_3
  pose : 
       - position : [0.012498 , 2.84841 , 1.00653]
       - orientation : [0.609443 , 0.778526 , -0.122625 , 0.0862541]
  RingCirclePositionError : 0
  position_error : 0.213241
  orientation_error : 1.83088
  found_in_gazebo : 1

 ErrorResults 
  stamp : 2025-11-28T22:03:12Z
  target_type : armor_red_3
  model_name : armor_red_3
  pose : 
       - position : [0.012498 , 2.84841 , 1.00653]
       - orientation : [0.609443 , 0.778526 , -0.122625 , 0.0862541]
  RingCirclePositionError : 0
  position_error : 0.213241
  orientation_error : 1.83088
  found_in_gazebo : 1

 ErrorResults 
  stamp : 2025-11-28T22:03:12Z
  target_type : armor_red_3
  model_name : armor_red_3
  pose : 
       - position : [0.012498 , 2.84841 , 1.00653]
       - orientation : [0.609443 , 0.778526 , -0.122625 , 0.0862541]
  RingCirclePositionError : 0
  position_error : 0.213241
  orientation_error : 1.83088
  found_in_gazebo : 1

 ErrorResults 
  stamp : 2025-11-28T22:03:12Z
  target_type : armor_red_3
  model_name : armor_red_3
  pose : 
       - position : [0.0124468 , 2.84838 , 1.00652]
       - orientation : [0.609485 , 0.778524 , -0.122491 , 0.0861607]
  RingCirclePositionError : 0
  position_error : 0.213234
  orientation_error : 1.83077
  found_in_gazebo : 1

 ErrorResults 
  stamp : 2025-11-28T22:03:12Z
  target_type : armor_red_3
  model_name : armor_red_3
  pose : 
       - position : [0.012437 , 2.84793 , 1.00636]
       - orientation : [0.60982 , 0.778232 , -0.122669 , 0.0861843]
  RingCirclePositionError : 0
  position_error : 0.213196
  orientation_error : 1.82993
  found_in_gazebo : 1

